dc (V),V1:p (W=5.00e-06) (A),V1:p (W=1.00e-05) (A),V1:p (W=1.50e-05) (A),dc (V),deriv(value(getData("/V1/PLUS" ?result "dc") "W" 2e-05)),deriv(value(getData("/V1/PLUS" ?result "dc") "W" 1.5e-05)),deriv(value(getData("/V1/PLUS" ?result "dc") "W" 1e-05)),deriv(value(getData("/V1/PLUS" ?result "dc") "W" 5e-06)),dc (V),V1:p (W=2.00e-05) (A)
0.000,1.051E-3,2.103E-3,3.155E-3,2.000E-3,-11.38E-3,-8.537E-3,-5.692E-3,-2.848E-3,0.000,4.207E-3
2.000E-3,1.045E-3,2.091E-3,3.138E-3,4.000E-3,-11.37E-3,-8.530E-3,-5.688E-3,-2.846E-3,2.000E-3,4.184E-3
4.000E-3,1.039E-3,2.080E-3,3.121E-3,6.000E-3,-11.36E-3,-8.524E-3,-5.684E-3,-2.844E-3,4.000E-3,4.162E-3
6.000E-3,1.034E-3,2.069E-3,3.104E-3,8.000E-3,-11.35E-3,-8.517E-3,-5.679E-3,-2.841E-3,6.000E-3,4.139E-3
8.000E-3,1.028E-3,2.057E-3,3.087E-3,10.00E-3,-11.35E-3,-8.510E-3,-5.675E-3,-2.839E-3,8.000E-3,4.116E-3
10.00E-3,1.022E-3,2.046E-3,3.070E-3,12.00E-3,-11.34E-3,-8.504E-3,-5.670E-3,-2.837E-3,10.00E-3,4.093E-3
12.00E-3,1.017E-3,2.035E-3,3.053E-3,14.00E-3,-11.33E-3,-8.497E-3,-5.666E-3,-2.835E-3,12.00E-3,4.071E-3
14.00E-3,1.011E-3,2.023E-3,3.036E-3,16.00E-3,-11.32E-3,-8.490E-3,-5.661E-3,-2.832E-3,14.00E-3,4.048E-3
16.00E-3,1.005E-3,2.012E-3,3.019E-3,18.00E-3,-11.31E-3,-8.483E-3,-5.657E-3,-2.830E-3,16.00E-3,4.025E-3
18.00E-3,999.7E-6,2.001E-3,3.002E-3,20.00E-3,-11.30E-3,-8.476E-3,-5.652E-3,-2.827E-3,18.00E-3,4.003E-3
20.00E-3,994.0E-6,1.989E-3,2.985E-3,22.00E-3,-11.29E-3,-8.469E-3,-5.647E-3,-2.825E-3,20.00E-3,3.980E-3
22.00E-3,988.4E-6,1.978E-3,2.968E-3,24.00E-3,-11.28E-3,-8.462E-3,-5.642E-3,-2.823E-3,22.00E-3,3.958E-3
24.00E-3,982.8E-6,1.967E-3,2.951E-3,26.00E-3,-11.27E-3,-8.455E-3,-5.638E-3,-2.820E-3,24.00E-3,3.935E-3
26.00E-3,977.1E-6,1.955E-3,2.934E-3,28.00E-3,-11.26E-3,-8.448E-3,-5.633E-3,-2.818E-3,26.00E-3,3.913E-3
28.00E-3,971.5E-6,1.944E-3,2.917E-3,30.00E-3,-11.25E-3,-8.440E-3,-5.628E-3,-2.815E-3,28.00E-3,3.890E-3
30.00E-3,965.8E-6,1.933E-3,2.900E-3,32.00E-3,-11.24E-3,-8.433E-3,-5.623E-3,-2.813E-3,30.00E-3,3.868E-3
32.00E-3,960.2E-6,1.922E-3,2.883E-3,34.00E-3,-11.23E-3,-8.426E-3,-5.618E-3,-2.810E-3,32.00E-3,3.845E-3
34.00E-3,954.6E-6,1.910E-3,2.867E-3,36.00E-3,-11.22E-3,-8.418E-3,-5.613E-3,-2.808E-3,34.00E-3,3.823E-3
36.00E-3,949.0E-6,1.899E-3,2.850E-3,38.00E-3,-11.21E-3,-8.411E-3,-5.608E-3,-2.805E-3,36.00E-3,3.800E-3
38.00E-3,943.4E-6,1.888E-3,2.833E-3,40.00E-3,-11.20E-3,-8.403E-3,-5.603E-3,-2.802E-3,38.00E-3,3.778E-3
40.00E-3,937.8E-6,1.877E-3,2.816E-3,42.00E-3,-11.19E-3,-8.395E-3,-5.597E-3,-2.800E-3,40.00E-3,3.755E-3
42.00E-3,932.2E-6,1.866E-3,2.799E-3,44.00E-3,-11.18E-3,-8.387E-3,-5.592E-3,-2.797E-3,42.00E-3,3.733E-3
44.00E-3,926.6E-6,1.854E-3,2.783E-3,46.00E-3,-11.17E-3,-8.379E-3,-5.587E-3,-2.794E-3,44.00E-3,3.711E-3
46.00E-3,921.0E-6,1.843E-3,2.766E-3,48.00E-3,-11.16E-3,-8.371E-3,-5.581E-3,-2.792E-3,46.00E-3,3.688E-3
48.00E-3,915.4E-6,1.832E-3,2.749E-3,50.00E-3,-11.15E-3,-8.363E-3,-5.576E-3,-2.789E-3,48.00E-3,3.666E-3
50.00E-3,909.8E-6,1.821E-3,2.732E-3,52.00E-3,-11.14E-3,-8.355E-3,-5.571E-3,-2.786E-3,50.00E-3,3.644E-3
52.00E-3,904.3E-6,1.810E-3,2.716E-3,54.00E-3,-11.13E-3,-8.347E-3,-5.565E-3,-2.783E-3,52.00E-3,3.621E-3
54.00E-3,898.7E-6,1.799E-3,2.699E-3,56.00E-3,-11.12E-3,-8.339E-3,-5.560E-3,-2.780E-3,54.00E-3,3.599E-3
56.00E-3,893.1E-6,1.788E-3,2.682E-3,58.00E-3,-11.11E-3,-8.330E-3,-5.554E-3,-2.778E-3,56.00E-3,3.577E-3
58.00E-3,887.6E-6,1.776E-3,2.666E-3,60.00E-3,-11.10E-3,-8.322E-3,-5.548E-3,-2.775E-3,58.00E-3,3.555E-3
60.00E-3,882.0E-6,1.765E-3,2.649E-3,62.00E-3,-11.08E-3,-8.313E-3,-5.543E-3,-2.772E-3,60.00E-3,3.532E-3
62.00E-3,876.5E-6,1.754E-3,2.632E-3,64.00E-3,-11.07E-3,-8.305E-3,-5.537E-3,-2.769E-3,62.00E-3,3.510E-3
64.00E-3,870.9E-6,1.743E-3,2.616E-3,66.00E-3,-11.06E-3,-8.296E-3,-5.531E-3,-2.766E-3,64.00E-3,3.488E-3
66.00E-3,865.4E-6,1.732E-3,2.599E-3,68.00E-3,-11.05E-3,-8.287E-3,-5.525E-3,-2.763E-3,66.00E-3,3.466E-3
68.00E-3,859.9E-6,1.721E-3,2.582E-3,70.00E-3,-11.04E-3,-8.278E-3,-5.519E-3,-2.760E-3,68.00E-3,3.444E-3
70.00E-3,854.4E-6,1.710E-3,2.566E-3,72.00E-3,-11.03E-3,-8.269E-3,-5.513E-3,-2.757E-3,70.00E-3,3.422E-3
72.00E-3,848.8E-6,1.699E-3,2.549E-3,74.00E-3,-11.01E-3,-8.260E-3,-5.507E-3,-2.754E-3,72.00E-3,3.400E-3
74.00E-3,843.3E-6,1.688E-3,2.533E-3,76.00E-3,-11.00E-3,-8.251E-3,-5.501E-3,-2.751E-3,74.00E-3,3.378E-3
76.00E-3,837.8E-6,1.677E-3,2.516E-3,78.00E-3,-10.99E-3,-8.242E-3,-5.495E-3,-2.747E-3,76.00E-3,3.356E-3
78.00E-3,832.3E-6,1.666E-3,2.500E-3,80.00E-3,-10.98E-3,-8.233E-3,-5.488E-3,-2.744E-3,78.00E-3,3.334E-3
80.00E-3,826.9E-6,1.655E-3,2.483E-3,82.00E-3,-10.96E-3,-8.223E-3,-5.482E-3,-2.741E-3,80.00E-3,3.312E-3
82.00E-3,821.4E-6,1.644E-3,2.467E-3,84.00E-3,-10.95E-3,-8.214E-3,-5.476E-3,-2.738E-3,82.00E-3,3.290E-3
84.00E-3,815.9E-6,1.633E-3,2.451E-3,86.00E-3,-10.94E-3,-8.204E-3,-5.469E-3,-2.735E-3,84.00E-3,3.268E-3
86.00E-3,810.4E-6,1.622E-3,2.434E-3,88.00E-3,-10.93E-3,-8.194E-3,-5.463E-3,-2.731E-3,86.00E-3,3.246E-3
88.00E-3,805.0E-6,1.611E-3,2.418E-3,90.00E-3,-10.91E-3,-8.184E-3,-5.456E-3,-2.728E-3,88.00E-3,3.224E-3
90.00E-3,799.5E-6,1.600E-3,2.401E-3,92.00E-3,-10.90E-3,-8.175E-3,-5.450E-3,-2.725E-3,90.00E-3,3.202E-3
92.00E-3,794.1E-6,1.589E-3,2.385E-3,94.00E-3,-10.89E-3,-8.165E-3,-5.443E-3,-2.721E-3,92.00E-3,3.181E-3
94.00E-3,788.6E-6,1.579E-3,2.369E-3,96.00E-3,-10.87E-3,-8.154E-3,-5.436E-3,-2.718E-3,94.00E-3,3.159E-3
96.00E-3,783.2E-6,1.568E-3,2.352E-3,98.00E-3,-10.86E-3,-8.144E-3,-5.429E-3,-2.714E-3,96.00E-3,3.137E-3
98.00E-3,777.8E-6,1.557E-3,2.336E-3,100.0E-3,-10.85E-3,-8.134E-3,-5.422E-3,-2.711E-3,98.00E-3,3.115E-3
100.0E-3,772.3E-6,1.546E-3,2.320E-3,102.0E-3,-10.83E-3,-8.123E-3,-5.415E-3,-2.707E-3,100.0E-3,3.094E-3
102.0E-3,766.9E-6,1.535E-3,2.304E-3,104.0E-3,-10.82E-3,-8.113E-3,-5.408E-3,-2.704E-3,102.0E-3,3.072E-3
104.0E-3,761.5E-6,1.524E-3,2.287E-3,106.0E-3,-10.80E-3,-8.102E-3,-5.401E-3,-2.700E-3,104.0E-3,3.050E-3
106.0E-3,756.1E-6,1.514E-3,2.271E-3,108.0E-3,-10.79E-3,-8.092E-3,-5.394E-3,-2.696E-3,106.0E-3,3.029E-3
108.0E-3,750.7E-6,1.503E-3,2.255E-3,110.0E-3,-10.77E-3,-8.081E-3,-5.387E-3,-2.693E-3,108.0E-3,3.007E-3
110.0E-3,745.3E-6,1.492E-3,2.239E-3,112.0E-3,-10.76E-3,-8.070E-3,-5.379E-3,-2.689E-3,110.0E-3,2.986E-3
112.0E-3,740.0E-6,1.481E-3,2.223E-3,114.0E-3,-10.75E-3,-8.059E-3,-5.372E-3,-2.685E-3,112.0E-3,2.964E-3
114.0E-3,734.6E-6,1.470E-3,2.207E-3,116.0E-3,-10.73E-3,-8.048E-3,-5.364E-3,-2.681E-3,114.0E-3,2.943E-3
116.0E-3,729.2E-6,1.460E-3,2.190E-3,118.0E-3,-10.72E-3,-8.036E-3,-5.357E-3,-2.678E-3,116.0E-3,2.921E-3
118.0E-3,723.9E-6,1.449E-3,2.174E-3,120.0E-3,-10.70E-3,-8.025E-3,-5.349E-3,-2.674E-3,118.0E-3,2.900E-3
120.0E-3,718.5E-6,1.438E-3,2.158E-3,122.0E-3,-10.69E-3,-8.013E-3,-5.342E-3,-2.670E-3,120.0E-3,2.878E-3
122.0E-3,713.2E-6,1.428E-3,2.142E-3,124.0E-3,-10.67E-3,-8.002E-3,-5.334E-3,-2.666E-3,122.0E-3,2.857E-3
124.0E-3,707.8E-6,1.417E-3,2.126E-3,126.0E-3,-10.65E-3,-7.990E-3,-5.326E-3,-2.662E-3,124.0E-3,2.836E-3
126.0E-3,702.5E-6,1.406E-3,2.110E-3,128.0E-3,-10.64E-3,-7.978E-3,-5.318E-3,-2.658E-3,126.0E-3,2.814E-3
128.0E-3,697.2E-6,1.396E-3,2.094E-3,130.0E-3,-10.62E-3,-7.966E-3,-5.310E-3,-2.654E-3,128.0E-3,2.793E-3
130.0E-3,691.9E-6,1.385E-3,2.078E-3,132.0E-3,-10.61E-3,-7.954E-3,-5.302E-3,-2.650E-3,130.0E-3,2.772E-3
132.0E-3,686.6E-6,1.374E-3,2.063E-3,134.0E-3,-10.59E-3,-7.942E-3,-5.294E-3,-2.645E-3,132.0E-3,2.751E-3
134.0E-3,681.3E-6,1.364E-3,2.047E-3,136.0E-3,-10.57E-3,-7.929E-3,-5.285E-3,-2.641E-3,134.0E-3,2.729E-3
136.0E-3,676.0E-6,1.353E-3,2.031E-3,138.0E-3,-10.56E-3,-7.917E-3,-5.277E-3,-2.637E-3,136.0E-3,2.708E-3
138.0E-3,670.8E-6,1.343E-3,2.015E-3,140.0E-3,-10.54E-3,-7.904E-3,-5.268E-3,-2.633E-3,138.0E-3,2.687E-3
140.0E-3,665.5E-6,1.332E-3,1.999E-3,142.0E-3,-10.52E-3,-7.891E-3,-5.260E-3,-2.628E-3,140.0E-3,2.666E-3
142.0E-3,660.2E-6,1.322E-3,1.983E-3,144.0E-3,-10.51E-3,-7.878E-3,-5.251E-3,-2.624E-3,142.0E-3,2.645E-3
144.0E-3,655.0E-6,1.311E-3,1.968E-3,146.0E-3,-10.49E-3,-7.865E-3,-5.242E-3,-2.620E-3,144.0E-3,2.624E-3
146.0E-3,649.7E-6,1.301E-3,1.952E-3,148.0E-3,-10.47E-3,-7.852E-3,-5.234E-3,-2.615E-3,146.0E-3,2.603E-3
148.0E-3,644.5E-6,1.290E-3,1.936E-3,150.0E-3,-10.45E-3,-7.839E-3,-5.225E-3,-2.611E-3,148.0E-3,2.582E-3
150.0E-3,639.3E-6,1.280E-3,1.921E-3,152.0E-3,-10.43E-3,-7.825E-3,-5.216E-3,-2.606E-3,150.0E-3,2.561E-3
152.0E-3,634.1E-6,1.269E-3,1.905E-3,154.0E-3,-10.42E-3,-7.812E-3,-5.206E-3,-2.601E-3,152.0E-3,2.540E-3
154.0E-3,628.9E-6,1.259E-3,1.889E-3,156.0E-3,-10.40E-3,-7.798E-3,-5.197E-3,-2.597E-3,154.0E-3,2.519E-3
156.0E-3,623.7E-6,1.249E-3,1.874E-3,158.0E-3,-10.38E-3,-7.784E-3,-5.188E-3,-2.592E-3,156.0E-3,2.499E-3
158.0E-3,618.5E-6,1.238E-3,1.858E-3,160.0E-3,-10.36E-3,-7.770E-3,-5.179E-3,-2.587E-3,158.0E-3,2.478E-3
160.0E-3,613.3E-6,1.228E-3,1.843E-3,162.0E-3,-10.34E-3,-7.756E-3,-5.169E-3,-2.583E-3,160.0E-3,2.457E-3
162.0E-3,608.2E-6,1.217E-3,1.827E-3,164.0E-3,-10.32E-3,-7.741E-3,-5.159E-3,-2.578E-3,162.0E-3,2.437E-3
164.0E-3,603.0E-6,1.207E-3,1.812E-3,166.0E-3,-10.30E-3,-7.727E-3,-5.150E-3,-2.573E-3,164.0E-3,2.416E-3
166.0E-3,597.9E-6,1.197E-3,1.796E-3,168.0E-3,-10.28E-3,-7.712E-3,-5.140E-3,-2.568E-3,166.0E-3,2.395E-3
168.0E-3,592.7E-6,1.187E-3,1.781E-3,170.0E-3,-10.26E-3,-7.697E-3,-5.130E-3,-2.563E-3,168.0E-3,2.375E-3
170.0E-3,587.6E-6,1.176E-3,1.765E-3,172.0E-3,-10.24E-3,-7.682E-3,-5.120E-3,-2.558E-3,170.0E-3,2.354E-3
172.0E-3,582.5E-6,1.166E-3,1.750E-3,174.0E-3,-10.22E-3,-7.667E-3,-5.110E-3,-2.553E-3,172.0E-3,2.334E-3
174.0E-3,577.4E-6,1.156E-3,1.735E-3,176.0E-3,-10.20E-3,-7.651E-3,-5.099E-3,-2.547E-3,174.0E-3,2.313E-3
176.0E-3,572.3E-6,1.146E-3,1.719E-3,178.0E-3,-10.18E-3,-7.636E-3,-5.089E-3,-2.542E-3,176.0E-3,2.293E-3
178.0E-3,567.2E-6,1.135E-3,1.704E-3,180.0E-3,-10.16E-3,-7.620E-3,-5.078E-3,-2.537E-3,178.0E-3,2.272E-3
180.0E-3,562.1E-6,1.125E-3,1.689E-3,182.0E-3,-10.14E-3,-7.604E-3,-5.068E-3,-2.531E-3,180.0E-3,2.252E-3
182.0E-3,557.1E-6,1.115E-3,1.674E-3,184.0E-3,-10.12E-3,-7.588E-3,-5.057E-3,-2.526E-3,182.0E-3,2.232E-3
184.0E-3,552.0E-6,1.105E-3,1.658E-3,186.0E-3,-10.10E-3,-7.572E-3,-5.046E-3,-2.520E-3,184.0E-3,2.212E-3
186.0E-3,547.0E-6,1.095E-3,1.643E-3,188.0E-3,-10.08E-3,-7.556E-3,-5.035E-3,-2.515E-3,186.0E-3,2.191E-3
188.0E-3,541.9E-6,1.085E-3,1.628E-3,190.0E-3,-10.05E-3,-7.539E-3,-5.024E-3,-2.509E-3,188.0E-3,2.171E-3
190.0E-3,536.9E-6,1.075E-3,1.613E-3,192.0E-3,-10.03E-3,-7.522E-3,-5.013E-3,-2.504E-3,190.0E-3,2.151E-3
192.0E-3,531.9E-6,1.065E-3,1.598E-3,194.0E-3,-10.01E-3,-7.505E-3,-5.002E-3,-2.498E-3,192.0E-3,2.131E-3
194.0E-3,526.9E-6,1.055E-3,1.583E-3,196.0E-3,-9.986E-3,-7.488E-3,-4.990E-3,-2.492E-3,194.0E-3,2.111E-3
196.0E-3,521.9E-6,1.045E-3,1.568E-3,198.0E-3,-9.963E-3,-7.471E-3,-4.978E-3,-2.486E-3,196.0E-3,2.091E-3
198.0E-3,517.0E-6,1.035E-3,1.553E-3,200.0E-3,-9.939E-3,-7.453E-3,-4.967E-3,-2.480E-3,198.0E-3,2.071E-3
200.0E-3,512.0E-6,1.025E-3,1.538E-3,202.0E-3,-9.916E-3,-7.435E-3,-4.955E-3,-2.474E-3,200.0E-3,2.051E-3
202.0E-3,507.1E-6,1.015E-3,1.523E-3,204.0E-3,-9.892E-3,-7.417E-3,-4.943E-3,-2.468E-3,202.0E-3,2.031E-3
204.0E-3,502.1E-6,1.005E-3,1.508E-3,206.0E-3,-9.868E-3,-7.399E-3,-4.930E-3,-2.462E-3,204.0E-3,2.012E-3
206.0E-3,497.2E-6,995.3E-6,1.494E-3,208.0E-3,-9.843E-3,-7.381E-3,-4.918E-3,-2.456E-3,206.0E-3,1.992E-3
208.0E-3,492.3E-6,985.5E-6,1.479E-3,210.0E-3,-9.818E-3,-7.362E-3,-4.906E-3,-2.450E-3,208.0E-3,1.972E-3
210.0E-3,487.4E-6,975.7E-6,1.464E-3,212.0E-3,-9.793E-3,-7.343E-3,-4.893E-3,-2.443E-3,210.0E-3,1.953E-3
212.0E-3,482.5E-6,965.9E-6,1.449E-3,214.0E-3,-9.768E-3,-7.324E-3,-4.880E-3,-2.437E-3,212.0E-3,1.933E-3
214.0E-3,477.6E-6,956.1E-6,1.435E-3,216.0E-3,-9.742E-3,-7.305E-3,-4.867E-3,-2.430E-3,214.0E-3,1.914E-3
216.0E-3,472.8E-6,946.4E-6,1.420E-3,218.0E-3,-9.716E-3,-7.285E-3,-4.854E-3,-2.424E-3,216.0E-3,1.894E-3
218.0E-3,467.9E-6,936.7E-6,1.406E-3,220.0E-3,-9.690E-3,-7.265E-3,-4.841E-3,-2.417E-3,218.0E-3,1.875E-3
220.0E-3,463.1E-6,927.0E-6,1.391E-3,222.0E-3,-9.663E-3,-7.245E-3,-4.828E-3,-2.410E-3,220.0E-3,1.855E-3
222.0E-3,458.3E-6,917.3E-6,1.377E-3,224.0E-3,-9.636E-3,-7.225E-3,-4.814E-3,-2.404E-3,222.0E-3,1.836E-3
224.0E-3,453.4E-6,907.7E-6,1.362E-3,226.0E-3,-9.609E-3,-7.205E-3,-4.800E-3,-2.397E-3,224.0E-3,1.817E-3
226.0E-3,448.7E-6,898.1E-6,1.348E-3,228.0E-3,-9.581E-3,-7.184E-3,-4.787E-3,-2.390E-3,226.0E-3,1.797E-3
228.0E-3,443.9E-6,888.5E-6,1.333E-3,230.0E-3,-9.553E-3,-7.163E-3,-4.773E-3,-2.383E-3,228.0E-3,1.778E-3
230.0E-3,439.1E-6,879.0E-6,1.319E-3,232.0E-3,-9.525E-3,-7.141E-3,-4.758E-3,-2.375E-3,230.0E-3,1.759E-3
232.0E-3,434.4E-6,869.5E-6,1.305E-3,234.0E-3,-9.496E-3,-7.120E-3,-4.744E-3,-2.368E-3,232.0E-3,1.740E-3
234.0E-3,429.6E-6,860.0E-6,1.291E-3,236.0E-3,-9.467E-3,-7.098E-3,-4.729E-3,-2.361E-3,234.0E-3,1.721E-3
236.0E-3,424.9E-6,850.5E-6,1.276E-3,238.0E-3,-9.438E-3,-7.076E-3,-4.715E-3,-2.353E-3,236.0E-3,1.702E-3
238.0E-3,420.2E-6,841.1E-6,1.262E-3,240.0E-3,-9.408E-3,-7.054E-3,-4.700E-3,-2.346E-3,238.0E-3,1.683E-3
240.0E-3,415.5E-6,831.7E-6,1.248E-3,242.0E-3,-9.378E-3,-7.031E-3,-4.685E-3,-2.338E-3,240.0E-3,1.664E-3
242.0E-3,410.8E-6,822.3E-6,1.234E-3,244.0E-3,-9.347E-3,-7.008E-3,-4.669E-3,-2.331E-3,242.0E-3,1.646E-3
244.0E-3,406.2E-6,813.0E-6,1.220E-3,246.0E-3,-9.316E-3,-6.985E-3,-4.654E-3,-2.323E-3,244.0E-3,1.627E-3
246.0E-3,401.5E-6,803.7E-6,1.206E-3,248.0E-3,-9.285E-3,-6.962E-3,-4.638E-3,-2.315E-3,246.0E-3,1.608E-3
248.0E-3,396.9E-6,794.4E-6,1.192E-3,250.0E-3,-9.253E-3,-6.938E-3,-4.622E-3,-2.307E-3,248.0E-3,1.590E-3
250.0E-3,392.3E-6,785.2E-6,1.178E-3,252.0E-3,-9.221E-3,-6.914E-3,-4.606E-3,-2.299E-3,250.0E-3,1.571E-3
252.0E-3,387.7E-6,775.9E-6,1.164E-3,254.0E-3,-9.189E-3,-6.889E-3,-4.590E-3,-2.291E-3,252.0E-3,1.553E-3
254.0E-3,383.1E-6,766.8E-6,1.151E-3,256.0E-3,-9.156E-3,-6.865E-3,-4.573E-3,-2.283E-3,254.0E-3,1.534E-3
256.0E-3,378.5E-6,757.6E-6,1.137E-3,258.0E-3,-9.123E-3,-6.840E-3,-4.557E-3,-2.274E-3,256.0E-3,1.516E-3
258.0E-3,374.0E-6,748.5E-6,1.123E-3,260.0E-3,-9.089E-3,-6.814E-3,-4.540E-3,-2.266E-3,258.0E-3,1.498E-3
260.0E-3,369.4E-6,739.4E-6,1.110E-3,262.0E-3,-9.055E-3,-6.789E-3,-4.523E-3,-2.257E-3,260.0E-3,1.480E-3
262.0E-3,364.9E-6,730.4E-6,1.096E-3,264.0E-3,-9.020E-3,-6.763E-3,-4.505E-3,-2.248E-3,262.0E-3,1.462E-3
264.0E-3,360.4E-6,721.4E-6,1.083E-3,266.0E-3,-8.985E-3,-6.736E-3,-4.488E-3,-2.240E-3,264.0E-3,1.444E-3
266.0E-3,356.0E-6,712.4E-6,1.069E-3,268.0E-3,-8.950E-3,-6.710E-3,-4.470E-3,-2.231E-3,266.0E-3,1.426E-3
268.0E-3,351.5E-6,703.5E-6,1.056E-3,270.0E-3,-8.914E-3,-6.683E-3,-4.452E-3,-2.222E-3,268.0E-3,1.408E-3
270.0E-3,347.1E-6,694.6E-6,1.042E-3,272.0E-3,-8.877E-3,-6.656E-3,-4.434E-3,-2.212E-3,270.0E-3,1.390E-3
272.0E-3,342.6E-6,685.7E-6,1.029E-3,274.0E-3,-8.840E-3,-6.628E-3,-4.415E-3,-2.203E-3,272.0E-3,1.372E-3
274.0E-3,338.2E-6,676.9E-6,1.016E-3,276.0E-3,-8.803E-3,-6.600E-3,-4.397E-3,-2.194E-3,274.0E-3,1.354E-3
276.0E-3,333.8E-6,668.1E-6,1.002E-3,278.0E-3,-8.765E-3,-6.571E-3,-4.378E-3,-2.184E-3,276.0E-3,1.337E-3
278.0E-3,329.5E-6,659.3E-6,989.3E-6,280.0E-3,-8.727E-3,-6.543E-3,-4.358E-3,-2.175E-3,278.0E-3,1.319E-3
280.0E-3,325.1E-6,650.6E-6,976.3E-6,282.0E-3,-8.688E-3,-6.514E-3,-4.339E-3,-2.165E-3,280.0E-3,1.302E-3
282.0E-3,320.8E-6,641.9E-6,963.2E-6,284.0E-3,-8.649E-3,-6.484E-3,-4.319E-3,-2.155E-3,282.0E-3,1.284E-3
284.0E-3,316.5E-6,633.3E-6,950.3E-6,286.0E-3,-8.609E-3,-6.454E-3,-4.299E-3,-2.145E-3,284.0E-3,1.267E-3
286.0E-3,312.2E-6,624.7E-6,937.4E-6,288.0E-3,-8.569E-3,-6.424E-3,-4.279E-3,-2.135E-3,286.0E-3,1.250E-3
288.0E-3,307.9E-6,616.1E-6,924.5E-6,290.0E-3,-8.528E-3,-6.393E-3,-4.259E-3,-2.125E-3,288.0E-3,1.233E-3
290.0E-3,303.7E-6,607.6E-6,911.7E-6,292.0E-3,-8.486E-3,-6.362E-3,-4.238E-3,-2.114E-3,290.0E-3,1.216E-3
292.0E-3,299.4E-6,599.1E-6,899.0E-6,294.0E-3,-8.444E-3,-6.331E-3,-4.217E-3,-2.104E-3,292.0E-3,1.199E-3
294.0E-3,295.2E-6,590.7E-6,886.3E-6,296.0E-3,-8.402E-3,-6.299E-3,-4.196E-3,-2.093E-3,294.0E-3,1.182E-3
296.0E-3,291.0E-6,582.3E-6,873.7E-6,298.0E-3,-8.359E-3,-6.266E-3,-4.174E-3,-2.082E-3,296.0E-3,1.165E-3
298.0E-3,286.9E-6,574.0E-6,861.2E-6,300.0E-3,-8.315E-3,-6.234E-3,-4.152E-3,-2.072E-3,298.0E-3,1.148E-3
300.0E-3,282.7E-6,565.6E-6,848.7E-6,302.0E-3,-8.271E-3,-6.201E-3,-4.130E-3,-2.060E-3,300.0E-3,1.132E-3
302.0E-3,278.6E-6,557.4E-6,836.3E-6,304.0E-3,-8.226E-3,-6.167E-3,-4.108E-3,-2.049E-3,302.0E-3,1.115E-3
304.0E-3,274.5E-6,549.2E-6,824.0E-6,306.0E-3,-8.181E-3,-6.133E-3,-4.085E-3,-2.038E-3,304.0E-3,1.099E-3
306.0E-3,270.4E-6,541.0E-6,811.7E-6,308.0E-3,-8.135E-3,-6.098E-3,-4.062E-3,-2.026E-3,306.0E-3,1.082E-3
308.0E-3,266.4E-6,532.9E-6,799.5E-6,310.0E-3,-8.088E-3,-6.064E-3,-4.039E-3,-2.015E-3,308.0E-3,1.066E-3
310.0E-3,262.4E-6,524.8E-6,787.4E-6,312.0E-3,-8.041E-3,-6.028E-3,-4.015E-3,-2.003E-3,310.0E-3,1.050E-3
312.0E-3,258.4E-6,516.8E-6,775.4E-6,314.0E-3,-7.994E-3,-5.993E-3,-3.991E-3,-1.991E-3,312.0E-3,1.034E-3
314.0E-3,254.4E-6,508.8E-6,763.4E-6,316.0E-3,-7.945E-3,-5.956E-3,-3.967E-3,-1.979E-3,314.0E-3,1.018E-3
316.0E-3,250.4E-6,500.9E-6,751.5E-6,318.0E-3,-7.896E-3,-5.920E-3,-3.943E-3,-1.967E-3,316.0E-3,1.002E-3
318.0E-3,246.5E-6,493.0E-6,739.6E-6,320.0E-3,-7.847E-3,-5.882E-3,-3.918E-3,-1.954E-3,318.0E-3,986.2E-6
320.0E-3,242.6E-6,485.1E-6,727.9E-6,322.0E-3,-7.797E-3,-5.845E-3,-3.893E-3,-1.942E-3,320.0E-3,970.5E-6
322.0E-3,238.7E-6,477.3E-6,716.2E-6,324.0E-3,-7.746E-3,-5.807E-3,-3.867E-3,-1.929E-3,322.0E-3,954.9E-6
324.0E-3,234.8E-6,469.6E-6,704.6E-6,326.0E-3,-7.694E-3,-5.768E-3,-3.842E-3,-1.916E-3,324.0E-3,939.4E-6
326.0E-3,231.0E-6,461.9E-6,693.0E-6,328.0E-3,-7.642E-3,-5.729E-3,-3.816E-3,-1.903E-3,326.0E-3,924.1E-6
328.0E-3,227.2E-6,454.3E-6,681.6E-6,330.0E-3,-7.590E-3,-5.690E-3,-3.789E-3,-1.890E-3,328.0E-3,908.8E-6
330.0E-3,223.4E-6,446.7E-6,670.2E-6,332.0E-3,-7.536E-3,-5.650E-3,-3.763E-3,-1.877E-3,330.0E-3,893.6E-6
332.0E-3,219.7E-6,439.2E-6,658.9E-6,334.0E-3,-7.482E-3,-5.609E-3,-3.736E-3,-1.864E-3,332.0E-3,878.5E-6
334.0E-3,215.9E-6,431.7E-6,647.7E-6,336.0E-3,-7.428E-3,-5.568E-3,-3.708E-3,-1.850E-3,334.0E-3,863.6E-6
336.0E-3,212.2E-6,424.3E-6,636.5E-6,338.0E-3,-7.372E-3,-5.527E-3,-3.681E-3,-1.836E-3,336.0E-3,848.7E-6
338.0E-3,208.6E-6,416.9E-6,625.5E-6,340.0E-3,-7.316E-3,-5.485E-3,-3.653E-3,-1.822E-3,338.0E-3,834.0E-6
340.0E-3,204.9E-6,409.6E-6,614.5E-6,342.0E-3,-7.260E-3,-5.442E-3,-3.625E-3,-1.808E-3,340.0E-3,819.3E-6
342.0E-3,201.3E-6,402.4E-6,603.6E-6,344.0E-3,-7.203E-3,-5.399E-3,-3.596E-3,-1.794E-3,342.0E-3,804.8E-6
344.0E-3,197.7E-6,395.2E-6,592.8E-6,346.0E-3,-7.145E-3,-5.356E-3,-3.567E-3,-1.779E-3,344.0E-3,790.4E-6
346.0E-3,194.1E-6,388.1E-6,582.1E-6,348.0E-3,-7.086E-3,-5.312E-3,-3.538E-3,-1.765E-3,346.0E-3,776.1E-6
348.0E-3,190.6E-6,381.0E-6,571.5E-6,350.0E-3,-7.027E-3,-5.267E-3,-3.508E-3,-1.750E-3,348.0E-3,761.9E-6
350.0E-3,187.1E-6,374.0E-6,560.9E-6,352.0E-3,-6.967E-3,-5.223E-3,-3.478E-3,-1.735E-3,350.0E-3,747.9E-6
352.0E-3,183.6E-6,367.0E-6,550.5E-6,354.0E-3,-6.906E-3,-5.177E-3,-3.448E-3,-1.720E-3,352.0E-3,733.9E-6
354.0E-3,180.2E-6,360.1E-6,540.2E-6,356.0E-3,-6.845E-3,-5.131E-3,-3.417E-3,-1.705E-3,354.0E-3,720.1E-6
356.0E-3,176.8E-6,353.3E-6,529.9E-6,358.0E-3,-6.783E-3,-5.085E-3,-3.386E-3,-1.689E-3,356.0E-3,706.4E-6
358.0E-3,173.4E-6,346.5E-6,519.7E-6,360.0E-3,-6.721E-3,-5.038E-3,-3.355E-3,-1.674E-3,358.0E-3,692.9E-6
360.0E-3,170.1E-6,339.8E-6,509.6E-6,362.0E-3,-6.657E-3,-4.991E-3,-3.324E-3,-1.658E-3,360.0E-3,679.4E-6
362.0E-3,166.8E-6,333.2E-6,499.7E-6,364.0E-3,-6.594E-3,-4.943E-3,-3.292E-3,-1.642E-3,362.0E-3,666.1E-6
364.0E-3,163.5E-6,326.6E-6,489.8E-6,366.0E-3,-6.529E-3,-4.894E-3,-3.260E-3,-1.626E-3,364.0E-3,652.9E-6
366.0E-3,160.2E-6,320.1E-6,480.0E-6,368.0E-3,-6.464E-3,-4.846E-3,-3.227E-3,-1.610E-3,366.0E-3,639.9E-6
368.0E-3,157.0E-6,313.6E-6,470.3E-6,370.0E-3,-6.398E-3,-4.796E-3,-3.194E-3,-1.594E-3,368.0E-3,626.9E-6
370.0E-3,153.8E-6,307.2E-6,460.7E-6,372.0E-3,-6.332E-3,-4.747E-3,-3.161E-3,-1.577E-3,370.0E-3,614.2E-6
372.0E-3,150.7E-6,300.9E-6,451.2E-6,374.0E-3,-6.265E-3,-4.696E-3,-3.128E-3,-1.561E-3,372.0E-3,601.5E-6
374.0E-3,147.5E-6,294.6E-6,441.8E-6,376.0E-3,-6.197E-3,-4.646E-3,-3.094E-3,-1.544E-3,374.0E-3,589.0E-6
376.0E-3,144.4E-6,288.4E-6,432.5E-6,378.0E-3,-6.129E-3,-4.595E-3,-3.060E-3,-1.527E-3,376.0E-3,576.6E-6
378.0E-3,141.4E-6,282.3E-6,423.3E-6,380.0E-3,-6.061E-3,-4.543E-3,-3.026E-3,-1.510E-3,378.0E-3,564.3E-6
380.0E-3,138.4E-6,276.3E-6,414.2E-6,382.0E-3,-5.991E-3,-4.491E-3,-2.991E-3,-1.493E-3,380.0E-3,552.2E-6
382.0E-3,135.4E-6,270.3E-6,405.3E-6,384.0E-3,-5.921E-3,-4.439E-3,-2.956E-3,-1.475E-3,382.0E-3,540.2E-6
384.0E-3,132.4E-6,264.4E-6,396.4E-6,386.0E-3,-5.851E-3,-4.386E-3,-2.921E-3,-1.458E-3,384.0E-3,528.4E-6
386.0E-3,129.5E-6,258.5E-6,387.6E-6,388.0E-3,-5.780E-3,-4.333E-3,-2.886E-3,-1.440E-3,386.0E-3,516.7E-6
388.0E-3,126.6E-6,252.8E-6,378.9E-6,390.0E-3,-5.709E-3,-4.280E-3,-2.850E-3,-1.423E-3,388.0E-3,505.1E-6
390.0E-3,123.8E-6,247.1E-6,370.4E-6,392.0E-3,-5.637E-3,-4.226E-3,-2.815E-3,-1.405E-3,390.0E-3,493.7E-6
392.0E-3,121.0E-6,241.4E-6,361.9E-6,394.0E-3,-5.565E-3,-4.172E-3,-2.778E-3,-1.387E-3,392.0E-3,482.4E-6
394.0E-3,118.2E-6,235.9E-6,353.6E-6,396.0E-3,-5.492E-3,-4.117E-3,-2.742E-3,-1.369E-3,394.0E-3,471.3E-6
396.0E-3,115.5E-6,230.4E-6,345.4E-6,398.0E-3,-5.419E-3,-4.062E-3,-2.706E-3,-1.351E-3,396.0E-3,460.3E-6
398.0E-3,112.8E-6,225.0E-6,337.2E-6,400.0E-3,-5.345E-3,-4.007E-3,-2.669E-3,-1.332E-3,398.0E-3,449.5E-6
400.0E-3,110.1E-6,219.6E-6,329.2E-6,402.0E-3,-5.271E-3,-3.952E-3,-2.632E-3,-1.314E-3,400.0E-3,438.8E-6
402.0E-3,107.5E-6,214.4E-6,321.3E-6,404.0E-3,-5.196E-3,-3.896E-3,-2.595E-3,-1.296E-3,402.0E-3,428.2E-6
404.0E-3,104.9E-6,209.2E-6,313.5E-6,406.0E-3,-5.122E-3,-3.840E-3,-2.558E-3,-1.277E-3,404.0E-3,417.8E-6
406.0E-3,102.3E-6,204.1E-6,305.8E-6,408.0E-3,-5.047E-3,-3.784E-3,-2.520E-3,-1.258E-3,406.0E-3,407.6E-6
408.0E-3,99.82E-6,199.0E-6,298.3E-6,410.0E-3,-4.971E-3,-3.727E-3,-2.483E-3,-1.240E-3,408.0E-3,397.5E-6
410.0E-3,97.34E-6,194.1E-6,290.8E-6,412.0E-3,-4.896E-3,-3.670E-3,-2.445E-3,-1.221E-3,410.0E-3,387.5E-6
412.0E-3,94.90E-6,189.2E-6,283.5E-6,414.0E-3,-4.820E-3,-3.614E-3,-2.407E-3,-1.202E-3,412.0E-3,377.8E-6
414.0E-3,92.49E-6,184.4E-6,276.3E-6,416.0E-3,-4.744E-3,-3.557E-3,-2.369E-3,-1.183E-3,414.0E-3,368.1E-6
416.0E-3,90.13E-6,179.6E-6,269.1E-6,418.0E-3,-4.667E-3,-3.499E-3,-2.331E-3,-1.164E-3,416.0E-3,358.6E-6
418.0E-3,87.80E-6,175.0E-6,262.1E-6,420.0E-3,-4.591E-3,-3.442E-3,-2.293E-3,-1.145E-3,418.0E-3,349.3E-6
420.0E-3,85.51E-6,170.4E-6,255.3E-6,422.0E-3,-4.514E-3,-3.385E-3,-2.255E-3,-1.126E-3,420.0E-3,340.1E-6
422.0E-3,83.25E-6,165.9E-6,248.5E-6,424.0E-3,-4.438E-3,-3.327E-3,-2.217E-3,-1.107E-3,422.0E-3,331.1E-6
424.0E-3,81.04E-6,161.4E-6,241.8E-6,426.0E-3,-4.361E-3,-3.270E-3,-2.178E-3,-1.088E-3,424.0E-3,322.2E-6
426.0E-3,78.86E-6,157.1E-6,235.3E-6,428.0E-3,-4.284E-3,-3.212E-3,-2.140E-3,-1.069E-3,426.0E-3,313.5E-6
428.0E-3,76.72E-6,152.8E-6,228.9E-6,430.0E-3,-4.208E-3,-3.155E-3,-2.102E-3,-1.050E-3,428.0E-3,304.9E-6
430.0E-3,74.62E-6,148.6E-6,222.6E-6,432.0E-3,-4.131E-3,-3.098E-3,-2.064E-3,-1.031E-3,430.0E-3,296.5E-6
432.0E-3,72.56E-6,144.5E-6,216.4E-6,434.0E-3,-4.055E-3,-3.040E-3,-2.026E-3,-1.012E-3,432.0E-3,288.2E-6
434.0E-3,70.53E-6,140.4E-6,210.3E-6,436.0E-3,-3.978E-3,-2.983E-3,-1.988E-3,-993.4E-6,434.0E-3,280.1E-6
436.0E-3,68.55E-6,136.4E-6,204.3E-6,438.0E-3,-3.902E-3,-2.926E-3,-1.949E-3,-974.5E-6,436.0E-3,272.2E-6
438.0E-3,66.60E-6,132.5E-6,198.5E-6,440.0E-3,-3.826E-3,-2.869E-3,-1.912E-3,-955.6E-6,438.0E-3,264.4E-6
440.0E-3,64.69E-6,128.7E-6,192.7E-6,442.0E-3,-3.750E-3,-2.812E-3,-1.874E-3,-936.8E-6,440.0E-3,256.7E-6
442.0E-3,62.81E-6,125.0E-6,187.1E-6,444.0E-3,-3.674E-3,-2.755E-3,-1.836E-3,-918.0E-6,442.0E-3,249.2E-6
444.0E-3,60.98E-6,121.3E-6,181.6E-6,446.0E-3,-3.599E-3,-2.699E-3,-1.798E-3,-899.4E-6,444.0E-3,241.9E-6
446.0E-3,59.18E-6,117.7E-6,176.2E-6,448.0E-3,-3.524E-3,-2.643E-3,-1.761E-3,-880.8E-6,446.0E-3,234.7E-6
448.0E-3,57.42E-6,114.2E-6,170.9E-6,450.0E-3,-3.449E-3,-2.587E-3,-1.724E-3,-862.3E-6,448.0E-3,227.6E-6
450.0E-3,55.69E-6,110.7E-6,165.7E-6,452.0E-3,-3.375E-3,-2.531E-3,-1.687E-3,-843.8E-6,450.0E-3,220.7E-6
452.0E-3,54.01E-6,107.4E-6,160.7E-6,454.0E-3,-3.301E-3,-2.476E-3,-1.650E-3,-825.5E-6,452.0E-3,214.0E-6
454.0E-3,52.35E-6,104.1E-6,155.7E-6,456.0E-3,-3.228E-3,-2.421E-3,-1.614E-3,-807.4E-6,454.0E-3,207.4E-6
456.0E-3,50.74E-6,100.8E-6,150.9E-6,458.0E-3,-3.155E-3,-2.366E-3,-1.577E-3,-789.3E-6,456.0E-3,200.9E-6
458.0E-3,49.16E-6,97.67E-6,146.2E-6,460.0E-3,-3.083E-3,-2.312E-3,-1.541E-3,-771.4E-6,458.0E-3,194.6E-6
460.0E-3,47.62E-6,94.59E-6,141.5E-6,462.0E-3,-3.011E-3,-2.258E-3,-1.506E-3,-753.6E-6,460.0E-3,188.4E-6
462.0E-3,46.11E-6,91.58E-6,137.0E-6,464.0E-3,-2.940E-3,-2.205E-3,-1.470E-3,-735.9E-6,462.0E-3,182.4E-6
464.0E-3,44.64E-6,88.64E-6,132.6E-6,466.0E-3,-2.869E-3,-2.152E-3,-1.435E-3,-718.5E-6,464.0E-3,176.5E-6
466.0E-3,43.20E-6,85.77E-6,128.3E-6,468.0E-3,-2.800E-3,-2.100E-3,-1.400E-3,-701.2E-6,466.0E-3,170.8E-6
468.0E-3,41.80E-6,82.97E-6,124.1E-6,470.0E-3,-2.731E-3,-2.048E-3,-1.366E-3,-684.0E-6,468.0E-3,165.2E-6
470.0E-3,40.43E-6,80.24E-6,120.0E-6,472.0E-3,-2.662E-3,-1.997E-3,-1.332E-3,-667.1E-6,470.0E-3,159.7E-6
472.0E-3,39.10E-6,77.57E-6,116.0E-6,474.0E-3,-2.595E-3,-1.947E-3,-1.298E-3,-650.3E-6,472.0E-3,154.4E-6
474.0E-3,37.80E-6,74.98E-6,112.1E-6,476.0E-3,-2.528E-3,-1.897E-3,-1.265E-3,-633.7E-6,474.0E-3,149.2E-6
476.0E-3,36.53E-6,72.45E-6,108.3E-6,478.0E-3,-2.462E-3,-1.847E-3,-1.232E-3,-617.4E-6,476.0E-3,144.2E-6
478.0E-3,35.29E-6,69.98E-6,104.6E-6,480.0E-3,-2.397E-3,-1.798E-3,-1.200E-3,-601.2E-6,478.0E-3,139.2E-6
480.0E-3,34.09E-6,67.58E-6,101.0E-6,482.0E-3,-2.333E-3,-1.750E-3,-1.168E-3,-585.3E-6,480.0E-3,134.5E-6
482.0E-3,32.92E-6,65.25E-6,97.53E-6,484.0E-3,-2.269E-3,-1.703E-3,-1.136E-3,-569.5E-6,482.0E-3,129.8E-6
484.0E-3,31.78E-6,62.98E-6,94.12E-6,486.0E-3,-2.207E-3,-1.656E-3,-1.105E-3,-554.0E-6,484.0E-3,125.2E-6
486.0E-3,30.67E-6,60.77E-6,90.81E-6,488.0E-3,-2.146E-3,-1.610E-3,-1.074E-3,-538.8E-6,486.0E-3,120.8E-6
488.0E-3,29.60E-6,58.62E-6,87.59E-6,490.0E-3,-2.085E-3,-1.565E-3,-1.044E-3,-523.7E-6,488.0E-3,116.5E-6
490.0E-3,28.55E-6,56.53E-6,84.46E-6,492.0E-3,-2.026E-3,-1.520E-3,-1.014E-3,-509.0E-6,490.0E-3,112.4E-6
492.0E-3,27.53E-6,54.50E-6,81.42E-6,494.0E-3,-1.967E-3,-1.476E-3,-985.2E-6,-494.4E-6,492.0E-3,108.3E-6
494.0E-3,26.54E-6,52.53E-6,78.47E-6,496.0E-3,-1.910E-3,-1.433E-3,-956.5E-6,-480.1E-6,494.0E-3,104.4E-6
496.0E-3,25.58E-6,50.62E-6,75.60E-6,498.0E-3,-1.853E-3,-1.391E-3,-928.4E-6,-466.1E-6,496.0E-3,100.6E-6
498.0E-3,24.65E-6,48.76E-6,72.82E-6,500.0E-3,-1.798E-3,-1.349E-3,-900.7E-6,-452.3E-6,498.0E-3,96.86E-6
500.0E-3,23.75E-6,46.96E-6,70.12E-6,502.0E-3,-1.743E-3,-1.309E-3,-873.6E-6,-438.7E-6,500.0E-3,93.27E-6
502.0E-3,22.87E-6,45.21E-6,67.51E-6,504.0E-3,-1.690E-3,-1.269E-3,-847.0E-6,-425.5E-6,502.0E-3,89.78E-6
504.0E-3,22.02E-6,43.52E-6,64.97E-6,506.0E-3,-1.638E-3,-1.229E-3,-820.9E-6,-412.5E-6,504.0E-3,86.40E-6
506.0E-3,21.19E-6,41.88E-6,62.51E-6,508.0E-3,-1.586E-3,-1.191E-3,-795.3E-6,-399.7E-6,506.0E-3,83.13E-6
508.0E-3,20.39E-6,40.29E-6,60.13E-6,510.0E-3,-1.536E-3,-1.153E-3,-770.3E-6,-387.2E-6,508.0E-3,79.95E-6
510.0E-3,19.62E-6,38.75E-6,57.82E-6,512.0E-3,-1.487E-3,-1.117E-3,-745.8E-6,-375.0E-6,510.0E-3,76.88E-6
512.0E-3,18.87E-6,37.25E-6,55.59E-6,514.0E-3,-1.439E-3,-1.081E-3,-721.9E-6,-363.1E-6,512.0E-3,73.91E-6
514.0E-3,18.14E-6,35.81E-6,53.43E-6,516.0E-3,-1.392E-3,-1.045E-3,-698.5E-6,-351.4E-6,514.0E-3,71.03E-6
516.0E-3,17.44E-6,34.41E-6,51.34E-6,518.0E-3,-1.346E-3,-1.011E-3,-675.6E-6,-339.9E-6,516.0E-3,68.24E-6
518.0E-3,16.76E-6,33.06E-6,49.31E-6,520.0E-3,-1.302E-3,-977.6E-6,-653.3E-6,-328.8E-6,518.0E-3,65.55E-6
520.0E-3,16.10E-6,31.76E-6,47.36E-6,522.0E-3,-1.258E-3,-944.8E-6,-631.4E-6,-317.9E-6,520.0E-3,62.95E-6
522.0E-3,15.47E-6,30.49E-6,45.47E-6,524.0E-3,-1.215E-3,-912.8E-6,-610.2E-6,-307.3E-6,522.0E-3,60.43E-6
524.0E-3,14.85E-6,29.27E-6,43.64E-6,526.0E-3,-1.174E-3,-881.7E-6,-589.4E-6,-296.9E-6,524.0E-3,58.00E-6
526.0E-3,14.26E-6,28.09E-6,41.88E-6,528.0E-3,-1.133E-3,-851.3E-6,-569.2E-6,-286.8E-6,526.0E-3,55.65E-6
528.0E-3,13.69E-6,26.96E-6,40.18E-6,530.0E-3,-1.094E-3,-821.7E-6,-549.5E-6,-276.9E-6,528.0E-3,53.39E-6
530.0E-3,13.13E-6,25.86E-6,38.53E-6,532.0E-3,-1.055E-3,-792.9E-6,-530.3E-6,-267.3E-6,530.0E-3,51.20E-6
532.0E-3,12.60E-6,24.80E-6,36.95E-6,534.0E-3,-1.018E-3,-764.9E-6,-511.6E-6,-258.0E-6,532.0E-3,49.09E-6
534.0E-3,12.08E-6,23.77E-6,35.42E-6,536.0E-3,-981.6E-6,-737.6E-6,-493.4E-6,-248.9E-6,534.0E-3,47.05E-6
536.0E-3,11.58E-6,22.79E-6,33.94E-6,538.0E-3,-946.2E-6,-711.1E-6,-475.8E-6,-240.1E-6,536.0E-3,45.09E-6
538.0E-3,11.10E-6,21.83E-6,32.52E-6,540.0E-3,-911.8E-6,-685.3E-6,-458.6E-6,-231.5E-6,538.0E-3,43.20E-6
540.0E-3,10.64E-6,20.92E-6,31.15E-6,542.0E-3,-878.4E-6,-660.3E-6,-441.9E-6,-223.1E-6,540.0E-3,41.37E-6
542.0E-3,10.19E-6,20.03E-6,29.83E-6,544.0E-3,-846.0E-6,-635.9E-6,-425.7E-6,-215.0E-6,542.0E-3,39.62E-6
544.0E-3,9.763E-6,19.18E-6,28.56E-6,546.0E-3,-814.5E-6,-612.3E-6,-409.9E-6,-207.1E-6,544.0E-3,37.93E-6
546.0E-3,9.349E-6,18.36E-6,27.33E-6,548.0E-3,-784.0E-6,-589.4E-6,-394.7E-6,-199.5E-6,546.0E-3,36.30E-6
548.0E-3,8.950E-6,17.57E-6,26.15E-6,550.0E-3,-754.4E-6,-567.2E-6,-379.8E-6,-192.0E-6,548.0E-3,34.73E-6
550.0E-3,8.566E-6,16.81E-6,25.02E-6,552.0E-3,-725.6E-6,-545.6E-6,-365.5E-6,-184.8E-6,550.0E-3,33.22E-6
552.0E-3,8.196E-6,16.08E-6,23.93E-6,554.0E-3,-697.8E-6,-524.7E-6,-351.5E-6,-177.9E-6,552.0E-3,31.77E-6
554.0E-3,7.841E-6,15.38E-6,22.88E-6,556.0E-3,-670.9E-6,-504.5E-6,-338.0E-6,-171.1E-6,554.0E-3,30.37E-6
556.0E-3,7.499E-6,14.70E-6,21.87E-6,558.0E-3,-644.8E-6,-484.9E-6,-325.0E-6,-164.5E-6,556.0E-3,29.03E-6
558.0E-3,7.169E-6,14.05E-6,20.90E-6,560.0E-3,-619.5E-6,-466.0E-6,-312.3E-6,-158.2E-6,558.0E-3,27.74E-6
560.0E-3,6.853E-6,13.43E-6,19.97E-6,562.0E-3,-595.0E-6,-447.6E-6,-300.1E-6,-152.0E-6,560.0E-3,26.50E-6
562.0E-3,6.549E-6,12.83E-6,19.07E-6,564.0E-3,-571.4E-6,-429.9E-6,-288.2E-6,-146.1E-6,562.0E-3,25.31E-6
564.0E-3,6.257E-6,12.25E-6,18.21E-6,566.0E-3,-548.5E-6,-412.7E-6,-276.7E-6,-140.3E-6,564.0E-3,24.17E-6
566.0E-3,5.976E-6,11.70E-6,17.39E-6,568.0E-3,-526.4E-6,-396.1E-6,-265.7E-6,-134.8E-6,566.0E-3,23.07E-6
568.0E-3,5.707E-6,11.17E-6,16.60E-6,570.0E-3,-505.0E-6,-380.1E-6,-255.0E-6,-129.4E-6,568.0E-3,22.02E-6
570.0E-3,5.448E-6,10.66E-6,15.84E-6,572.0E-3,-484.4E-6,-364.6E-6,-244.6E-6,-124.2E-6,570.0E-3,21.01E-6
572.0E-3,5.200E-6,10.17E-6,15.11E-6,574.0E-3,-464.5E-6,-349.6E-6,-234.6E-6,-119.1E-6,572.0E-3,20.04E-6
574.0E-3,4.961E-6,9.699E-6,14.41E-6,576.0E-3,-445.3E-6,-335.2E-6,-225.0E-6,-114.3E-6,574.0E-3,19.11E-6
576.0E-3,4.733E-6,9.249E-6,13.74E-6,578.0E-3,-426.7E-6,-321.2E-6,-215.7E-6,-109.6E-6,576.0E-3,18.22E-6
578.0E-3,4.514E-6,8.817E-6,13.09E-6,580.0E-3,-408.8E-6,-307.8E-6,-206.7E-6,-105.1E-6,578.0E-3,17.37E-6
580.0E-3,4.303E-6,8.404E-6,12.48E-6,582.0E-3,-391.6E-6,-294.8E-6,-198.0E-6,-100.7E-6,580.0E-3,16.55E-6
582.0E-3,4.102E-6,8.008E-6,11.89E-6,584.0E-3,-375.0E-6,-282.3E-6,-189.6E-6,-96.50E-6,582.0E-3,15.77E-6
584.0E-3,3.909E-6,7.629E-6,11.32E-6,586.0E-3,-358.9E-6,-270.3E-6,-181.6E-6,-92.44E-6,584.0E-3,15.02E-6
586.0E-3,3.724E-6,7.266E-6,10.78E-6,588.0E-3,-343.5E-6,-258.7E-6,-173.8E-6,-88.53E-6,586.0E-3,14.30E-6
588.0E-3,3.547E-6,6.918E-6,10.27E-6,590.0E-3,-328.6E-6,-247.5E-6,-166.4E-6,-84.75E-6,588.0E-3,13.61E-6
590.0E-3,3.378E-6,6.585E-6,9.771E-6,592.0E-3,-314.3E-6,-236.8E-6,-159.1E-6,-81.12E-6,590.0E-3,12.96E-6
592.0E-3,3.215E-6,6.267E-6,9.298E-6,594.0E-3,-300.5E-6,-226.4E-6,-152.2E-6,-77.62E-6,592.0E-3,12.33E-6
594.0E-3,3.060E-6,5.962E-6,8.845E-6,596.0E-3,-287.3E-6,-216.5E-6,-145.5E-6,-74.25E-6,594.0E-3,11.73E-6
596.0E-3,2.912E-6,5.671E-6,8.412E-6,598.0E-3,-274.6E-6,-206.9E-6,-139.1E-6,-71.00E-6,596.0E-3,11.15E-6
598.0E-3,2.770E-6,5.393E-6,7.998E-6,600.0E-3,-262.3E-6,-197.7E-6,-133.0E-6,-67.88E-6,598.0E-3,10.60E-6
600.0E-3,2.634E-6,5.127E-6,7.603E-6,602.0E-3,-250.5E-6,-188.8E-6,-127.0E-6,-64.88E-6,600.0E-3,10.08E-6
602.0E-3,2.504E-6,4.873E-6,7.226E-6,604.0E-3,-239.2E-6,-180.3E-6,-121.3E-6,-61.99E-6,602.0E-3,9.577E-6
604.0E-3,2.380E-6,4.630E-6,6.865E-6,606.0E-3,-228.3E-6,-172.1E-6,-115.8E-6,-59.21E-6,604.0E-3,9.098E-6
606.0E-3,2.262E-6,4.399E-6,6.521E-6,608.0E-3,-217.9E-6,-164.3E-6,-110.6E-6,-56.55E-6,606.0E-3,8.641E-6
608.0E-3,2.149E-6,4.178E-6,6.192E-6,610.0E-3,-207.9E-6,-156.7E-6,-105.5E-6,-53.98E-6,608.0E-3,8.206E-6
610.0E-3,2.041E-6,3.967E-6,5.879E-6,612.0E-3,-198.3E-6,-149.5E-6,-100.7E-6,-51.52E-6,610.0E-3,7.790E-6
612.0E-3,1.938E-6,3.765E-6,5.580E-6,614.0E-3,-189.0E-6,-142.5E-6,-96.00E-6,-49.16E-6,612.0E-3,7.393E-6
614.0E-3,1.839E-6,3.573E-6,5.295E-6,616.0E-3,-180.2E-6,-135.9E-6,-91.53E-6,-46.89E-6,614.0E-3,7.015E-6
616.0E-3,1.745E-6,3.390E-6,5.023E-6,618.0E-3,-171.7E-6,-129.5E-6,-87.25E-6,-44.71E-6,616.0E-3,6.655E-6
618.0E-3,1.656E-6,3.216E-6,4.764E-6,620.0E-3,-163.6E-6,-123.4E-6,-83.14E-6,-42.62E-6,618.0E-3,6.311E-6
620.0E-3,1.571E-6,3.050E-6,4.517E-6,622.0E-3,-155.8E-6,-117.5E-6,-79.20E-6,-40.62E-6,620.0E-3,5.984E-6
622.0E-3,1.490E-6,2.891E-6,4.282E-6,624.0E-3,-148.3E-6,-111.9E-6,-75.42E-6,-38.70E-6,622.0E-3,5.673E-6
624.0E-3,1.412E-6,2.740E-6,4.058E-6,626.0E-3,-141.2E-6,-106.5E-6,-71.81E-6,-36.86E-6,624.0E-3,5.376E-6
626.0E-3,1.338E-6,2.597E-6,3.845E-6,628.0E-3,-134.4E-6,-101.4E-6,-68.35E-6,-35.09E-6,626.0E-3,5.094E-6
628.0E-3,1.268E-6,2.460E-6,3.643E-6,630.0E-3,-127.8E-6,-96.43E-6,-65.03E-6,-33.40E-6,628.0E-3,4.825E-6
630.0E-3,1.201E-6,2.330E-6,3.450E-6,632.0E-3,-121.6E-6,-91.72E-6,-61.86E-6,-31.79E-6,630.0E-3,4.569E-6
632.0E-3,1.138E-6,2.206E-6,3.266E-6,634.0E-3,-115.6E-6,-87.21E-6,-58.83E-6,-30.24E-6,632.0E-3,4.326E-6
634.0E-3,1.077E-6,2.089E-6,3.092E-6,636.0E-3,-109.8E-6,-82.90E-6,-55.93E-6,-28.76E-6,634.0E-3,4.095E-6
636.0E-3,1.020E-6,1.977E-6,2.926E-6,638.0E-3,-104.4E-6,-78.78E-6,-53.16E-6,-27.34E-6,636.0E-3,3.875E-6
638.0E-3,965.2E-9,1.870E-6,2.769E-6,640.0E-3,-99.16E-6,-74.84E-6,-50.51E-6,-25.99E-6,638.0E-3,3.667E-6
640.0E-3,913.2E-9,1.769E-6,2.619E-6,642.0E-3,-94.17E-6,-71.08E-6,-47.98E-6,-24.69E-6,640.0E-3,3.468E-6
642.0E-3,863.8E-9,1.673E-6,2.477E-6,644.0E-3,-89.41E-6,-67.49E-6,-45.56E-6,-23.46E-6,642.0E-3,3.280E-6
644.0E-3,816.9E-9,1.582E-6,2.342E-6,646.0E-3,-84.87E-6,-64.06E-6,-43.25E-6,-22.28E-6,644.0E-3,3.101E-6
646.0E-3,772.4E-9,1.496E-6,2.214E-6,648.0E-3,-80.53E-6,-60.79E-6,-41.05E-6,-21.15E-6,646.0E-3,2.931E-6
648.0E-3,730.1E-9,1.414E-6,2.092E-6,650.0E-3,-76.39E-6,-57.68E-6,-38.95E-6,-20.07E-6,648.0E-3,2.770E-6
650.0E-3,689.9E-9,1.336E-6,1.977E-6,652.0E-3,-72.45E-6,-54.70E-6,-36.94E-6,-19.05E-6,650.0E-3,2.618E-6
652.0E-3,651.8E-9,1.262E-6,1.867E-6,654.0E-3,-68.69E-6,-51.87E-6,-35.03E-6,-18.07E-6,652.0E-3,2.473E-6
654.0E-3,615.7E-9,1.192E-6,1.764E-6,656.0E-3,-65.11E-6,-49.17E-6,-33.21E-6,-17.13E-6,654.0E-3,2.335E-6
656.0E-3,581.4E-9,1.125E-6,1.665E-6,658.0E-3,-61.70E-6,-46.60E-6,-31.48E-6,-16.24E-6,656.0E-3,2.205E-6
658.0E-3,549.0E-9,1.062E-6,1.572E-6,660.0E-3,-58.46E-6,-44.15E-6,-29.83E-6,-15.39E-6,658.0E-3,2.082E-6
660.0E-3,518.2E-9,1.003E-6,1.484E-6,662.0E-3,-55.37E-6,-41.81E-6,-28.25E-6,-14.58E-6,660.0E-3,1.965E-6
662.0E-3,489.0E-9,946.3E-9,1.400E-6,664.0E-3,-52.43E-6,-39.59E-6,-26.76E-6,-13.81E-6,662.0E-3,1.854E-6
664.0E-3,461.4E-9,892.7E-9,1.321E-6,666.0E-3,-49.63E-6,-37.48E-6,-25.33E-6,-13.08E-6,664.0E-3,1.749E-6
666.0E-3,435.2E-9,842.1E-9,1.246E-6,668.0E-3,-46.97E-6,-35.47E-6,-23.98E-6,-12.38E-6,666.0E-3,1.650E-6
668.0E-3,410.4E-9,794.1E-9,1.175E-6,670.0E-3,-44.44E-6,-33.57E-6,-22.69E-6,-11.72E-6,668.0E-3,1.556E-6
670.0E-3,387.0E-9,748.8E-9,1.108E-6,672.0E-3,-42.04E-6,-31.75E-6,-21.46E-6,-11.09E-6,670.0E-3,1.467E-6
672.0E-3,364.8E-9,705.8E-9,1.044E-6,674.0E-3,-39.75E-6,-30.03E-6,-20.30E-6,-10.49E-6,672.0E-3,1.383E-6
674.0E-3,343.8E-9,665.2E-9,984.4E-9,676.0E-3,-37.58E-6,-28.39E-6,-19.19E-6,-9.920E-6,674.0E-3,1.304E-6
676.0E-3,324.0E-9,626.9E-9,927.6E-9,678.0E-3,-35.53E-6,-26.84E-6,-18.14E-6,-9.379E-6,676.0E-3,1.228E-6
678.0E-3,305.2E-9,590.6E-9,874.0E-9,680.0E-3,-33.57E-6,-25.36E-6,-17.15E-6,-8.865E-6,678.0E-3,1.157E-6
680.0E-3,287.5E-9,556.3E-9,823.3E-9,682.0E-3,-31.72E-6,-23.96E-6,-16.20E-6,-8.377E-6,680.0E-3,1.090E-6
682.0E-3,270.8E-9,523.9E-9,775.3E-9,684.0E-3,-29.96E-6,-22.63E-6,-15.30E-6,-7.914E-6,682.0E-3,1.027E-6
684.0E-3,254.9E-9,493.3E-9,730.1E-9,686.0E-3,-28.29E-6,-21.37E-6,-14.45E-6,-7.474E-6,684.0E-3,966.8E-9
686.0E-3,240.0E-9,464.4E-9,687.3E-9,688.0E-3,-26.71E-6,-20.18E-6,-13.64E-6,-7.057E-6,686.0E-3,910.2E-9
688.0E-3,225.9E-9,437.1E-9,647.0E-9,690.0E-3,-25.21E-6,-19.05E-6,-12.88E-6,-6.662E-6,688.0E-3,856.8E-9
690.0E-3,212.5E-9,411.3E-9,608.9E-9,692.0E-3,-23.79E-6,-17.97E-6,-12.15E-6,-6.288E-6,690.0E-3,806.4E-9
692.0E-3,200.0E-9,387.0E-9,572.9E-9,694.0E-3,-22.45E-6,-16.96E-6,-11.47E-6,-5.933E-6,692.0E-3,758.8E-9
694.0E-3,188.1E-9,364.1E-9,539.0E-9,696.0E-3,-21.17E-6,-16.00E-6,-10.82E-6,-5.597E-6,694.0E-3,713.9E-9
696.0E-3,176.9E-9,342.5E-9,507.0E-9,698.0E-3,-19.97E-6,-15.09E-6,-10.20E-6,-5.278E-6,696.0E-3,671.5E-9
698.0E-3,166.4E-9,322.1E-9,476.9E-9,700.0E-3,-18.83E-6,-14.22E-6,-9.618E-6,-4.977E-6,698.0E-3,631.6E-9
700.0E-3,156.4E-9,302.8E-9,448.4E-9,702.0E-3,-17.75E-6,-13.41E-6,-9.066E-6,-4.692E-6,700.0E-3,593.9E-9
702.0E-3,147.0E-9,284.7E-9,421.6E-9,704.0E-3,-16.73E-6,-12.64E-6,-8.545E-6,-4.422E-6,702.0E-3,558.4E-9
704.0E-3,138.2E-9,267.6E-9,396.3E-9,706.0E-3,-15.76E-6,-11.91E-6,-8.052E-6,-4.166E-6,704.0E-3,525.0E-9
706.0E-3,129.8E-9,251.5E-9,372.5E-9,708.0E-3,-14.85E-6,-11.22E-6,-7.585E-6,-3.925E-6,706.0E-3,493.5E-9
708.0E-3,122.0E-9,236.3E-9,350.1E-9,710.0E-3,-13.99E-6,-10.57E-6,-7.145E-6,-3.697E-6,708.0E-3,463.7E-9
710.0E-3,114.6E-9,222.1E-9,328.9E-9,712.0E-3,-13.18E-6,-9.952E-6,-6.728E-6,-3.481E-6,710.0E-3,435.8E-9
712.0E-3,107.6E-9,208.6E-9,309.0E-9,714.0E-3,-12.41E-6,-9.370E-6,-6.335E-6,-3.278E-6,712.0E-3,409.4E-9
714.0E-3,101.1E-9,195.9E-9,290.3E-9,716.0E-3,-11.68E-6,-8.821E-6,-5.963E-6,-3.085E-6,714.0E-3,384.6E-9
716.0E-3,94.91E-9,184.0E-9,272.6E-9,718.0E-3,-10.99E-6,-8.303E-6,-5.612E-6,-2.903E-6,716.0E-3,361.2E-9
718.0E-3,89.11E-9,172.8E-9,256.0E-9,720.0E-3,-10.34E-6,-7.813E-6,-5.281E-6,-2.732E-6,718.0E-3,339.3E-9
720.0E-3,83.64E-9,162.2E-9,240.4E-9,722.0E-3,-9.734E-6,-7.351E-6,-4.969E-6,-2.570E-6,720.0E-3,318.6E-9
722.0E-3,78.50E-9,152.3E-9,225.7E-9,724.0E-3,-9.157E-6,-6.916E-6,-4.674E-6,-2.417E-6,722.0E-3,299.1E-9
724.0E-3,73.67E-9,142.9E-9,211.9E-9,726.0E-3,-8.613E-6,-6.505E-6,-4.396E-6,-2.273E-6,724.0E-3,280.8E-9
726.0E-3,69.12E-9,134.1E-9,198.9E-9,728.0E-3,-8.100E-6,-6.117E-6,-4.133E-6,-2.137E-6,726.0E-3,263.6E-9
728.0E-3,64.85E-9,125.9E-9,186.6E-9,730.0E-3,-7.616E-6,-5.751E-6,-3.886E-6,-2.009E-6,728.0E-3,247.4E-9
730.0E-3,60.83E-9,118.1E-9,175.1E-9,732.0E-3,-7.160E-6,-5.407E-6,-3.653E-6,-1.888E-6,730.0E-3,232.1E-9
732.0E-3,57.05E-9,110.8E-9,164.3E-9,734.0E-3,-6.731E-6,-5.082E-6,-3.433E-6,-1.775E-6,732.0E-3,217.8E-9
734.0E-3,53.50E-9,103.9E-9,154.1E-9,736.0E-3,-6.326E-6,-4.776E-6,-3.227E-6,-1.667E-6,734.0E-3,204.4E-9
736.0E-3,50.17E-9,97.47E-9,144.6E-9,738.0E-3,-5.944E-6,-4.488E-6,-3.032E-6,-1.566E-6,736.0E-3,191.7E-9
738.0E-3,47.04E-9,91.41E-9,135.6E-9,740.0E-3,-5.585E-6,-4.217E-6,-2.848E-6,-1.471E-6,738.0E-3,179.8E-9
740.0E-3,44.09E-9,85.71E-9,127.2E-9,742.0E-3,-5.247E-6,-3.961E-6,-2.675E-6,-1.382E-6,740.0E-3,168.6E-9
742.0E-3,41.33E-9,80.36E-9,119.3E-9,744.0E-3,-4.928E-6,-3.720E-6,-2.512E-6,-1.297E-6,742.0E-3,158.1E-9
744.0E-3,38.73E-9,75.34E-9,111.8E-9,746.0E-3,-4.629E-6,-3.494E-6,-2.359E-6,-1.218E-6,744.0E-3,148.3E-9
746.0E-3,36.30E-9,70.62E-9,104.8E-9,748.0E-3,-4.346E-6,-3.281E-6,-2.215E-6,-1.143E-6,746.0E-3,139.0E-9
748.0E-3,34.01E-9,66.19E-9,98.27E-9,750.0E-3,-4.081E-6,-3.080E-6,-2.079E-6,-1.073E-6,748.0E-3,130.3E-9
750.0E-3,31.87E-9,62.03E-9,92.11E-9,752.0E-3,-3.831E-6,-2.891E-6,-1.952E-6,-1.007E-6,750.0E-3,122.2E-9
752.0E-3,29.85E-9,58.13E-9,86.33E-9,754.0E-3,-3.596E-6,-2.714E-6,-1.832E-6,-944.9E-9,752.0E-3,114.5E-9
754.0E-3,27.96E-9,54.47E-9,80.90E-9,756.0E-3,-3.375E-6,-2.547E-6,-1.719E-6,-886.4E-9,754.0E-3,107.3E-9
756.0E-3,26.19E-9,51.03E-9,75.81E-9,758.0E-3,-3.167E-6,-2.390E-6,-1.613E-6,-831.5E-9,756.0E-3,100.6E-9
758.0E-3,24.53E-9,47.80E-9,71.03E-9,760.0E-3,-2.972E-6,-2.243E-6,-1.513E-6,-779.9E-9,758.0E-3,94.24E-9
760.0E-3,22.97E-9,44.78E-9,66.54E-9,762.0E-3,-2.788E-6,-2.104E-6,-1.419E-6,-731.3E-9,760.0E-3,88.30E-9
762.0E-3,21.50E-9,41.94E-9,62.33E-9,764.0E-3,-2.616E-6,-1.973E-6,-1.331E-6,-685.8E-9,762.0E-3,82.72E-9
764.0E-3,20.13E-9,39.28E-9,58.39E-9,766.0E-3,-2.454E-6,-1.851E-6,-1.248E-6,-642.9E-9,764.0E-3,77.49E-9
766.0E-3,18.85E-9,36.78E-9,54.68E-9,768.0E-3,-2.301E-6,-1.736E-6,-1.170E-6,-602.7E-9,766.0E-3,72.58E-9
768.0E-3,17.64E-9,34.44E-9,51.21E-9,770.0E-3,-2.158E-6,-1.628E-6,-1.097E-6,-564.9E-9,768.0E-3,67.98E-9
770.0E-3,16.51E-9,32.25E-9,47.96E-9,772.0E-3,-2.023E-6,-1.526E-6,-1.029E-6,-529.4E-9,770.0E-3,63.66E-9
772.0E-3,15.45E-9,30.19E-9,44.90E-9,774.0E-3,-1.897E-6,-1.431E-6,-964.3E-9,-496.1E-9,772.0E-3,59.62E-9
774.0E-3,14.46E-9,28.26E-9,42.04E-9,776.0E-3,-1.779E-6,-1.341E-6,-903.8E-9,-464.9E-9,774.0E-3,55.82E-9
776.0E-3,13.53E-9,26.45E-9,39.36E-9,778.0E-3,-1.667E-6,-1.257E-6,-847.0E-9,-435.5E-9,776.0E-3,52.26E-9
778.0E-3,12.66E-9,24.76E-9,36.85E-9,780.0E-3,-1.563E-6,-1.178E-6,-793.8E-9,-408.0E-9,778.0E-3,48.93E-9
780.0E-3,11.84E-9,23.17E-9,34.49E-9,782.0E-3,-1.465E-6,-1.104E-6,-743.7E-9,-382.2E-9,780.0E-3,45.80E-9
782.0E-3,11.08E-9,21.68E-9,32.28E-9,784.0E-3,-1.372E-6,-1.035E-6,-696.8E-9,-357.9E-9,782.0E-3,42.88E-9
784.0E-3,10.36E-9,20.29E-9,30.21E-9,786.0E-3,-1.286E-6,-969.4E-9,-652.8E-9,-335.2E-9,784.0E-3,40.13E-9
786.0E-3,9.693E-9,18.98E-9,28.27E-9,788.0E-3,-1.205E-6,-908.2E-9,-611.4E-9,-313.9E-9,786.0E-3,37.56E-9
788.0E-3,9.065E-9,17.76E-9,26.46E-9,790.0E-3,-1.129E-6,-850.8E-9,-572.7E-9,-293.9E-9,788.0E-3,35.15E-9
790.0E-3,8.477E-9,16.62E-9,24.75E-9,792.0E-3,-1.057E-6,-796.9E-9,-536.3E-9,-275.2E-9,790.0E-3,32.89E-9
792.0E-3,7.927E-9,15.54E-9,23.16E-9,794.0E-3,-990.5E-9,-746.4E-9,-502.3E-9,-257.6E-9,792.0E-3,30.78E-9
794.0E-3,7.412E-9,14.54E-9,21.67E-9,796.0E-3,-927.7E-9,-699.1E-9,-470.3E-9,-241.1E-9,794.0E-3,28.79E-9
796.0E-3,6.929E-9,13.60E-9,20.27E-9,798.0E-3,-868.8E-9,-654.6E-9,-440.3E-9,-225.7E-9,796.0E-3,26.94E-9
798.0E-3,6.478E-9,12.72E-9,18.96E-9,800.0E-3,-813.6E-9,-613.0E-9,-412.2E-9,-211.2E-9,798.0E-3,25.20E-9
800.0E-3,6.056E-9,11.89E-9,17.73E-9,802.0E-3,-761.9E-9,-573.9E-9,-385.9E-9,-197.6E-9,800.0E-3,23.57E-9
802.0E-3,5.660E-9,11.12E-9,16.59E-9,804.0E-3,-713.3E-9,-537.3E-9,-361.2E-9,-184.9E-9,802.0E-3,22.05E-9
804.0E-3,5.291E-9,10.40E-9,15.51E-9,806.0E-3,-667.8E-9,-503.0E-9,-338.1E-9,-173.0E-9,804.0E-3,20.62E-9
806.0E-3,4.944E-9,9.722E-9,14.51E-9,808.0E-3,-625.2E-9,-470.8E-9,-316.4E-9,-161.9E-9,806.0E-3,19.29E-9
808.0E-3,4.621E-9,9.089E-9,13.56E-9,810.0E-3,-585.2E-9,-440.7E-9,-296.1E-9,-151.4E-9,808.0E-3,18.04E-9
810.0E-3,4.318E-9,8.497E-9,12.68E-9,812.0E-3,-547.8E-9,-412.5E-9,-277.1E-9,-141.6E-9,810.0E-3,16.87E-9
812.0E-3,4.035E-9,7.942E-9,11.86E-9,814.0E-3,-512.7E-9,-386.0E-9,-259.3E-9,-132.5E-9,812.0E-3,15.77E-9
814.0E-3,3.770E-9,7.424E-9,11.09E-9,816.0E-3,-479.8E-9,-361.2E-9,-242.6E-9,-123.9E-9,814.0E-3,14.75E-9
816.0E-3,3.522E-9,6.939E-9,10.36E-9,818.0E-3,-449.0E-9,-338.0E-9,-226.9E-9,-115.9E-9,816.0E-3,13.79E-9
818.0E-3,3.290E-9,6.485E-9,9.688E-9,820.0E-3,-420.2E-9,-316.3E-9,-212.3E-9,-108.4E-9,818.0E-3,12.89E-9
820.0E-3,3.073E-9,6.060E-9,9.055E-9,822.0E-3,-393.1E-9,-295.9E-9,-198.6E-9,-101.3E-9,820.0E-3,12.05E-9
822.0E-3,2.871E-9,5.663E-9,8.463E-9,824.0E-3,-367.8E-9,-276.8E-9,-185.7E-9,-94.72E-9,822.0E-3,11.26E-9
824.0E-3,2.681E-9,5.292E-9,7.910E-9,826.0E-3,-344.1E-9,-258.9E-9,-173.7E-9,-88.56E-9,824.0E-3,10.53E-9
826.0E-3,2.504E-9,4.944E-9,7.392E-9,828.0E-3,-321.9E-9,-242.2E-9,-162.5E-9,-82.79E-9,826.0E-3,9.838E-9
828.0E-3,2.339E-9,4.619E-9,6.907E-9,830.0E-3,-301.1E-9,-226.5E-9,-151.9E-9,-77.39E-9,828.0E-3,9.195E-9
830.0E-3,2.184E-9,4.315E-9,6.454E-9,832.0E-3,-281.7E-9,-211.9E-9,-142.1E-9,-72.33E-9,830.0E-3,8.592E-9
832.0E-3,2.039E-9,4.031E-9,6.031E-9,834.0E-3,-263.4E-9,-198.2E-9,-132.8E-9,-67.61E-9,832.0E-3,8.029E-9
834.0E-3,1.904E-9,3.765E-9,5.634E-9,836.0E-3,-246.4E-9,-185.3E-9,-124.2E-9,-63.18E-9,834.0E-3,7.502E-9
836.0E-3,1.778E-9,3.517E-9,5.264E-9,838.0E-3,-230.4E-9,-173.3E-9,-116.1E-9,-59.05E-9,836.0E-3,7.009E-9
838.0E-3,1.660E-9,3.285E-9,4.917E-9,840.0E-3,-215.5E-9,-162.0E-9,-108.6E-9,-55.18E-9,838.0E-3,6.548E-9
840.0E-3,1.549E-9,3.068E-9,4.593E-9,842.0E-3,-201.5E-9,-151.5E-9,-101.5E-9,-51.56E-9,840.0E-3,6.118E-9
842.0E-3,1.446E-9,2.865E-9,4.290E-9,844.0E-3,-188.4E-9,-141.6E-9,-94.85E-9,-48.17E-9,842.0E-3,5.715E-9
844.0E-3,1.350E-9,2.675E-9,4.007E-9,846.0E-3,-176.1E-9,-132.4E-9,-88.66E-9,-45.01E-9,844.0E-3,5.338E-9
846.0E-3,1.260E-9,2.498E-9,3.742E-9,848.0E-3,-164.7E-9,-123.8E-9,-82.86E-9,-42.05E-9,846.0E-3,4.986E-9
848.0E-3,1.176E-9,2.332E-9,3.494E-9,850.0E-3,-153.9E-9,-115.7E-9,-77.44E-9,-39.28E-9,848.0E-3,4.656E-9
850.0E-3,1.097E-9,2.177E-9,3.263E-9,852.0E-3,-143.9E-9,-108.1E-9,-72.37E-9,-36.69E-9,850.0E-3,4.348E-9
852.0E-3,1.024E-9,2.032E-9,3.047E-9,854.0E-3,-134.5E-9,-101.1E-9,-67.63E-9,-34.27E-9,852.0E-3,4.060E-9
854.0E-3,955.1E-12,1.897E-9,2.845E-9,856.0E-3,-125.7E-9,-94.47E-9,-63.19E-9,-32.01E-9,854.0E-3,3.791E-9
856.0E-3,891.1E-12,1.771E-9,2.656E-9,858.0E-3,-117.5E-9,-88.29E-9,-59.04E-9,-29.90E-9,856.0E-3,3.540E-9
858.0E-3,831.3E-12,1.653E-9,2.479E-9,860.0E-3,-109.8E-9,-82.51E-9,-55.17E-9,-27.92E-9,858.0E-3,3.305E-9
860.0E-3,775.5E-12,1.542E-9,2.314E-9,862.0E-3,-102.6E-9,-77.10E-9,-51.54E-9,-26.07E-9,860.0E-3,3.085E-9
862.0E-3,723.3E-12,1.439E-9,2.160E-9,864.0E-3,-95.92E-9,-72.04E-9,-48.15E-9,-24.35E-9,862.0E-3,2.880E-9
864.0E-3,674.6E-12,1.343E-9,2.016E-9,866.0E-3,-89.64E-9,-67.31E-9,-44.98E-9,-22.73E-9,864.0E-3,2.688E-9
866.0E-3,629.2E-12,1.253E-9,1.881E-9,868.0E-3,-83.76E-9,-62.89E-9,-42.01E-9,-21.23E-9,866.0E-3,2.509E-9
868.0E-3,586.7E-12,1.169E-9,1.755E-9,870.0E-3,-78.26E-9,-58.76E-9,-39.24E-9,-19.82E-9,868.0E-3,2.341E-9
870.0E-3,547.1E-12,1.090E-9,1.638E-9,872.0E-3,-73.12E-9,-54.89E-9,-36.66E-9,-18.50E-9,870.0E-3,2.185E-9
872.0E-3,510.1E-12,1.017E-9,1.528E-9,874.0E-3,-68.31E-9,-51.28E-9,-34.23E-9,-17.27E-9,872.0E-3,2.039E-9
874.0E-3,475.5E-12,948.7E-12,1.425E-9,876.0E-3,-63.82E-9,-47.90E-9,-31.97E-9,-16.12E-9,874.0E-3,1.902E-9
876.0E-3,443.3E-12,884.7E-12,1.330E-9,878.0E-3,-59.62E-9,-44.74E-9,-29.86E-9,-15.05E-9,876.0E-3,1.774E-9
878.0E-3,413.2E-12,825.0E-12,1.240E-9,880.0E-3,-55.69E-9,-41.79E-9,-27.88E-9,-14.05E-9,878.0E-3,1.655E-9
880.0E-3,385.1E-12,769.3E-12,1.157E-9,882.0E-3,-52.02E-9,-39.03E-9,-26.04E-9,-13.11E-9,880.0E-3,1.544E-9
882.0E-3,358.8E-12,717.2E-12,1.079E-9,884.0E-3,-48.59E-9,-36.45E-9,-24.31E-9,-12.24E-9,882.0E-3,1.440E-9
884.0E-3,334.4E-12,668.6E-12,1.006E-9,886.0E-3,-45.38E-9,-34.05E-9,-22.70E-9,-11.42E-9,884.0E-3,1.342E-9
886.0E-3,311.5E-12,623.2E-12,937.5E-12,888.0E-3,-42.39E-9,-31.79E-9,-21.19E-9,-10.66E-9,886.0E-3,1.252E-9
888.0E-3,290.2E-12,580.8E-12,873.9E-12,890.0E-3,-39.59E-9,-29.69E-9,-19.79E-9,-9.948E-9,888.0E-3,1.167E-9
890.0E-3,270.3E-12,541.2E-12,814.6E-12,892.0E-3,-36.97E-9,-27.73E-9,-18.47E-9,-9.283E-9,890.0E-3,1.088E-9
892.0E-3,251.7E-12,504.2E-12,759.1E-12,894.0E-3,-34.53E-9,-25.89E-9,-17.25E-9,-8.662E-9,892.0E-3,1.014E-9
894.0E-3,234.4E-12,469.8E-12,707.3E-12,896.0E-3,-32.24E-9,-24.17E-9,-16.10E-9,-8.082E-9,894.0E-3,944.8E-12
896.0E-3,218.3E-12,437.6E-12,659.0E-12,898.0E-3,-30.11E-9,-22.57E-9,-15.03E-9,-7.541E-9,896.0E-3,880.3E-12
898.0E-3,203.2E-12,407.5E-12,613.8E-12,900.0E-3,-28.11E-9,-21.07E-9,-14.03E-9,-7.036E-9,898.0E-3,820.1E-12
900.0E-3,189.1E-12,379.4E-12,571.7E-12,902.0E-3,-26.25E-9,-19.67E-9,-13.09E-9,-6.565E-9,900.0E-3,763.8E-12
902.0E-3,176.0E-12,353.2E-12,532.3E-12,904.0E-3,-24.51E-9,-18.37E-9,-12.22E-9,-6.125E-9,902.0E-3,711.3E-12
904.0E-3,163.7E-12,328.8E-12,495.6E-12,906.0E-3,-22.88E-9,-17.15E-9,-11.41E-9,-5.714E-9,904.0E-3,662.3E-12
906.0E-3,152.3E-12,306.0E-12,461.3E-12,908.0E-3,-21.37E-9,-16.01E-9,-10.65E-9,-5.331E-9,906.0E-3,616.6E-12
908.0E-3,141.6E-12,284.7E-12,429.3E-12,910.0E-3,-19.95E-9,-14.94E-9,-9.938E-9,-4.973E-9,908.0E-3,573.8E-12
910.0E-3,131.7E-12,264.8E-12,399.4E-12,912.0E-3,-18.62E-9,-13.95E-9,-9.275E-9,-4.639E-9,910.0E-3,533.9E-12
912.0E-3,122.4E-12,246.3E-12,371.5E-12,914.0E-3,-17.39E-9,-13.02E-9,-8.656E-9,-4.327E-9,912.0E-3,496.7E-12
914.0E-3,113.8E-12,229.0E-12,345.5E-12,916.0E-3,-16.23E-9,-12.16E-9,-8.079E-9,-4.037E-9,914.0E-3,461.9E-12
916.0E-3,105.7E-12,212.8E-12,321.2E-12,918.0E-3,-15.15E-9,-11.35E-9,-7.540E-9,-3.766E-9,916.0E-3,429.4E-12
918.0E-3,98.15E-12,197.7E-12,298.5E-12,920.0E-3,-14.15E-9,-10.59E-9,-7.036E-9,-3.513E-9,918.0E-3,399.1E-12
920.0E-3,91.13E-12,183.6E-12,277.3E-12,922.0E-3,-13.21E-9,-9.888E-9,-6.567E-9,-3.277E-9,920.0E-3,370.8E-12
922.0E-3,84.58E-12,170.5E-12,257.5E-12,924.0E-3,-12.33E-9,-9.230E-9,-6.128E-9,-3.056E-9,922.0E-3,344.4E-12
924.0E-3,78.46E-12,158.3E-12,239.0E-12,926.0E-3,-11.51E-9,-8.616E-9,-5.719E-9,-2.851E-9,924.0E-3,319.8E-12
926.0E-3,72.76E-12,146.8E-12,221.8E-12,928.0E-3,-10.75E-9,-8.043E-9,-5.338E-9,-2.659E-9,926.0E-3,296.7E-12
928.0E-3,67.44E-12,136.1E-12,205.7E-12,930.0E-3,-10.03E-9,-7.507E-9,-4.980E-9,-2.480E-9,928.0E-3,275.3E-12
930.0E-3,62.48E-12,126.2E-12,190.7E-12,932.0E-3,-9.364E-9,-7.006E-9,-4.647E-9,-2.313E-9,930.0E-3,255.2E-12
932.0E-3,57.86E-12,116.9E-12,176.7E-12,934.0E-3,-8.741E-9,-6.539E-9,-4.336E-9,-2.157E-9,932.0E-3,236.5E-12
934.0E-3,53.54E-12,108.2E-12,163.6E-12,936.0E-3,-8.159E-9,-6.103E-9,-4.046E-9,-2.012E-9,934.0E-3,219.0E-12
936.0E-3,49.52E-12,100.1E-12,151.4E-12,938.0E-3,-7.616E-9,-5.697E-9,-3.776E-9,-1.877E-9,936.0E-3,202.7E-12
938.0E-3,45.77E-12,92.57E-12,140.0E-12,940.0E-3,-7.110E-9,-5.318E-9,-3.524E-9,-1.750E-9,938.0E-3,187.4E-12
940.0E-3,42.26E-12,85.52E-12,129.4E-12,942.0E-3,-6.638E-9,-4.964E-9,-3.289E-9,-1.633E-9,940.0E-3,173.2E-12
942.0E-3,39.00E-12,78.94E-12,119.4E-12,944.0E-3,-6.198E-9,-4.634E-9,-3.069E-9,-1.523E-9,942.0E-3,159.9E-12
944.0E-3,35.95E-12,72.80E-12,110.2E-12,946.0E-3,-5.786E-9,-4.326E-9,-2.865E-9,-1.421E-9,944.0E-3,147.5E-12
946.0E-3,33.11E-12,67.07E-12,101.5E-12,948.0E-3,-5.403E-9,-4.039E-9,-2.674E-9,-1.326E-9,946.0E-3,136.0E-12
948.0E-3,30.46E-12,61.72E-12,93.45E-12,950.0E-3,-5.045E-9,-3.771E-9,-2.496E-9,-1.237E-9,948.0E-3,125.2E-12
950.0E-3,27.98E-12,56.73E-12,85.91E-12,952.0E-3,-4.711E-9,-3.521E-9,-2.330E-9,-1.154E-9,950.0E-3,115.1E-12
952.0E-3,25.68E-12,52.07E-12,78.87E-12,954.0E-3,-4.399E-9,-3.287E-9,-2.175E-9,-1.077E-9,952.0E-3,105.6E-12
954.0E-3,23.52E-12,47.72E-12,72.29E-12,956.0E-3,-4.107E-9,-3.069E-9,-2.030E-9,-1.005E-9,954.0E-3,96.85E-12
956.0E-3,21.51E-12,43.66E-12,66.15E-12,958.0E-3,-3.835E-9,-2.865E-9,-1.895E-9,-937.2E-12,956.0E-3,88.63E-12
958.0E-3,19.64E-12,39.87E-12,60.42E-12,960.0E-3,-3.581E-9,-2.675E-9,-1.768E-9,-874.2E-12,958.0E-3,80.96E-12
960.0E-3,17.89E-12,36.34E-12,55.07E-12,962.0E-3,-3.343E-9,-2.497E-9,-1.650E-9,-815.5E-12,960.0E-3,73.80E-12
962.0E-3,16.26E-12,33.04E-12,50.08E-12,964.0E-3,-3.120E-9,-2.330E-9,-1.540E-9,-760.5E-12,962.0E-3,67.12E-12
964.0E-3,14.74E-12,29.96E-12,45.42E-12,966.0E-3,-2.912E-9,-2.175E-9,-1.437E-9,-709.2E-12,964.0E-3,60.88E-12
966.0E-3,13.32E-12,27.08E-12,41.07E-12,968.0E-3,-2.717E-9,-2.029E-9,-1.340E-9,-661.1E-12,966.0E-3,55.05E-12
968.0E-3,12.00E-12,24.40E-12,37.01E-12,970.0E-3,-2.535E-9,-1.892E-9,-1.249E-9,-616.2E-12,968.0E-3,49.62E-12
970.0E-3,10.77E-12,21.90E-12,33.23E-12,972.0E-3,-2.363E-9,-1.764E-9,-1.165E-9,-574.0E-12,970.0E-3,44.55E-12
972.0E-3,9.619E-12,19.58E-12,29.70E-12,974.0E-3,-2.203E-9,-1.644E-9,-1.085E-9,-534.5E-12,972.0E-3,39.82E-12
974.0E-3,8.549E-12,17.41E-12,26.41E-12,976.0E-3,-2.052E-9,-1.531E-9,-1.010E-9,-497.5E-12,974.0E-3,35.42E-12
976.0E-3,7.554E-12,15.38E-12,23.35E-12,978.0E-3,-1.910E-9,-1.425E-9,-940.3E-12,-462.8E-12,976.0E-3,31.31E-12
978.0E-3,6.629E-12,13.50E-12,20.50E-12,980.0E-3,-1.777E-9,-1.326E-9,-874.5E-12,-430.2E-12,978.0E-3,27.49E-12
980.0E-3,5.769E-12,11.76E-12,17.85E-12,982.0E-3,-1.652E-9,-1.232E-9,-812.6E-12,-399.5E-12,980.0E-3,23.94E-12
982.0E-3,4.970E-12,10.13E-12,15.38E-12,984.0E-3,-1.534E-9,-1.144E-9,-754.4E-12,-370.7E-12,982.0E-3,20.63E-12
984.0E-3,4.228E-12,8.621E-12,13.09E-12,986.0E-3,-1.424E-9,-1.062E-9,-699.6E-12,-343.6E-12,984.0E-3,17.56E-12
986.0E-3,3.541E-12,7.222E-12,10.97E-12,988.0E-3,-1.319E-9,-983.7E-12,-648.1E-12,-318.2E-12,986.0E-3,14.72E-12
988.0E-3,2.905E-12,5.926E-12,9.003E-12,990.0E-3,-1.221E-9,-910.3E-12,-599.6E-12,-294.2E-12,988.0E-3,12.08E-12
990.0E-3,2.316E-12,4.727E-12,7.182E-12,992.0E-3,-1.128E-9,-841.1E-12,-553.9E-12,-271.6E-12,990.0E-3,9.636E-12
992.0E-3,1.773E-12,3.619E-12,5.500E-12,994.0E-3,-1.041E-9,-776.0E-12,-510.8E-12,-250.4E-12,992.0E-3,7.380E-12
994.0E-3,1.272E-12,2.597E-12,3.948E-12,996.0E-3,-958.8E-12,-714.6E-12,-470.3E-12,-230.4E-12,994.0E-3,5.298E-12
996.0E-3,811.3E-15,1.657E-12,2.519E-12,998.0E-3,-881.4E-12,-656.8E-12,-432.1E-12,-211.6E-12,996.0E-3,3.380E-12
998.0E-3,388.0E-15,792.6E-15,1.205E-12,1.000,-808.6E-12,-602.5E-12,-396.3E-12,-194.0E-12,998.0E-3,1.617E-12
1.000,195.6E-30,422.8E-30,3.869E-27, , , , , ,1.000,-858.3E-30
