dc (V),V1:p (W=3.00e-06) (A),V1:p (W=6.00e-06) (A),V1:p (W=9.00e-06) (A),V1:p (W=1.20e-05) (A),V1:p (W=1.50e-05) (A),V1:p (W=1.80e-05) (A),V1:p (W=2.10e-05) (A),V1:p (W=2.70e-05) (A),V1:p (W=3.00e-05) (A),dc (V),deriv(value(getData("/V1/PLUS" ?result "dc") "W" 3e-05)),deriv(value(getData("/V1/PLUS" ?result "dc") "W" 2.7e-05)),deriv(value(getData("/V1/PLUS" ?result "dc") "W" 2.4e-05)),deriv(value(getData("/V1/PLUS" ?result "dc") "W" 2.1e-05)),deriv(value(getData("/V1/PLUS" ?result "dc") "W" 1.8e-05)),dc (V),V1:p (W=2.40e-05) (A)
0.000,630.3E-6,1.261E-3,1.892E-3,2.524E-3,3.155E-3,3.786E-3,4.417E-3,5.680E-3,6.311E-3,2.000E-3,-17.07E-3,-15.36E-3,-13.66E-3,-11.95E-3,-10.24E-3,0.000,5.049E-3
2.000E-3,626.9E-6,1.254E-3,1.882E-3,2.510E-3,3.138E-3,3.766E-3,4.394E-3,5.649E-3,6.277E-3,4.000E-3,-17.06E-3,-15.35E-3,-13.65E-3,-11.94E-3,-10.24E-3,2.000E-3,5.021E-3
4.000E-3,623.4E-6,1.247E-3,1.872E-3,2.496E-3,3.121E-3,3.745E-3,4.370E-3,5.619E-3,6.243E-3,6.000E-3,-17.04E-3,-15.34E-3,-13.64E-3,-11.93E-3,-10.23E-3,4.000E-3,4.994E-3
6.000E-3,620.0E-6,1.240E-3,1.862E-3,2.483E-3,3.104E-3,3.725E-3,4.346E-3,5.588E-3,6.209E-3,8.000E-3,-17.03E-3,-15.33E-3,-13.63E-3,-11.92E-3,-10.22E-3,6.000E-3,4.967E-3
8.000E-3,616.6E-6,1.234E-3,1.851E-3,2.469E-3,3.087E-3,3.704E-3,4.322E-3,5.557E-3,6.175E-3,10.00E-3,-17.02E-3,-15.32E-3,-13.61E-3,-11.91E-3,-10.21E-3,8.000E-3,4.940E-3
10.00E-3,613.2E-6,1.227E-3,1.841E-3,2.455E-3,3.070E-3,3.684E-3,4.298E-3,5.527E-3,6.141E-3,12.00E-3,-17.00E-3,-15.30E-3,-13.60E-3,-11.90E-3,-10.20E-3,10.00E-3,4.912E-3
12.00E-3,609.8E-6,1.220E-3,1.831E-3,2.442E-3,3.053E-3,3.664E-3,4.274E-3,5.496E-3,6.107E-3,14.00E-3,-16.99E-3,-15.29E-3,-13.59E-3,-11.89E-3,-10.20E-3,12.00E-3,4.885E-3
14.00E-3,606.4E-6,1.213E-3,1.821E-3,2.428E-3,3.036E-3,3.643E-3,4.251E-3,5.465E-3,6.073E-3,16.00E-3,-16.98E-3,-15.28E-3,-13.58E-3,-11.88E-3,-10.19E-3,14.00E-3,4.858E-3
16.00E-3,603.0E-6,1.206E-3,1.811E-3,2.415E-3,3.019E-3,3.623E-3,4.227E-3,5.435E-3,6.039E-3,18.00E-3,-16.96E-3,-15.27E-3,-13.57E-3,-11.88E-3,-10.18E-3,16.00E-3,4.831E-3
18.00E-3,599.6E-6,1.200E-3,1.800E-3,2.401E-3,3.002E-3,3.602E-3,4.203E-3,5.404E-3,6.005E-3,20.00E-3,-16.95E-3,-15.25E-3,-13.56E-3,-11.87E-3,-10.17E-3,18.00E-3,4.804E-3
20.00E-3,596.2E-6,1.193E-3,1.790E-3,2.388E-3,2.985E-3,3.582E-3,4.179E-3,5.374E-3,5.971E-3,22.00E-3,-16.94E-3,-15.24E-3,-13.55E-3,-11.86E-3,-10.16E-3,20.00E-3,4.777E-3
22.00E-3,592.8E-6,1.186E-3,1.780E-3,2.374E-3,2.968E-3,3.562E-3,4.156E-3,5.343E-3,5.937E-3,24.00E-3,-16.92E-3,-15.23E-3,-13.54E-3,-11.85E-3,-10.15E-3,22.00E-3,4.749E-3
24.00E-3,589.4E-6,1.179E-3,1.770E-3,2.360E-3,2.951E-3,3.541E-3,4.132E-3,5.313E-3,5.903E-3,26.00E-3,-16.91E-3,-15.22E-3,-13.53E-3,-11.84E-3,-10.15E-3,24.00E-3,4.722E-3
26.00E-3,586.0E-6,1.172E-3,1.760E-3,2.347E-3,2.934E-3,3.521E-3,4.108E-3,5.282E-3,5.870E-3,28.00E-3,-16.89E-3,-15.20E-3,-13.51E-3,-11.83E-3,-10.14E-3,26.00E-3,4.695E-3
28.00E-3,582.7E-6,1.166E-3,1.750E-3,2.333E-3,2.917E-3,3.501E-3,4.085E-3,5.252E-3,5.836E-3,30.00E-3,-16.88E-3,-15.19E-3,-13.50E-3,-11.82E-3,-10.13E-3,28.00E-3,4.668E-3
30.00E-3,579.3E-6,1.159E-3,1.739E-3,2.320E-3,2.900E-3,3.481E-3,4.061E-3,5.222E-3,5.802E-3,32.00E-3,-16.86E-3,-15.18E-3,-13.49E-3,-11.81E-3,-10.12E-3,30.00E-3,4.641E-3
32.00E-3,575.9E-6,1.152E-3,1.729E-3,2.306E-3,2.883E-3,3.460E-3,4.037E-3,5.191E-3,5.768E-3,34.00E-3,-16.85E-3,-15.16E-3,-13.48E-3,-11.79E-3,-10.11E-3,32.00E-3,4.614E-3
34.00E-3,572.5E-6,1.145E-3,1.719E-3,2.293E-3,2.867E-3,3.440E-3,4.014E-3,5.161E-3,5.735E-3,36.00E-3,-16.83E-3,-15.15E-3,-13.47E-3,-11.78E-3,-10.10E-3,34.00E-3,4.587E-3
36.00E-3,569.2E-6,1.139E-3,1.709E-3,2.279E-3,2.850E-3,3.420E-3,3.990E-3,5.131E-3,5.701E-3,38.00E-3,-16.82E-3,-15.14E-3,-13.46E-3,-11.77E-3,-10.09E-3,36.00E-3,4.560E-3
38.00E-3,565.8E-6,1.132E-3,1.699E-3,2.266E-3,2.833E-3,3.400E-3,3.967E-3,5.100E-3,5.667E-3,40.00E-3,-16.80E-3,-15.12E-3,-13.44E-3,-11.76E-3,-10.08E-3,38.00E-3,4.534E-3
40.00E-3,562.4E-6,1.125E-3,1.689E-3,2.253E-3,2.816E-3,3.380E-3,3.943E-3,5.070E-3,5.634E-3,42.00E-3,-16.79E-3,-15.11E-3,-13.43E-3,-11.75E-3,-10.07E-3,40.00E-3,4.507E-3
42.00E-3,559.1E-6,1.119E-3,1.679E-3,2.239E-3,2.799E-3,3.359E-3,3.920E-3,5.040E-3,5.600E-3,44.00E-3,-16.77E-3,-15.10E-3,-13.42E-3,-11.74E-3,-10.06E-3,42.00E-3,4.480E-3
44.00E-3,555.7E-6,1.112E-3,1.669E-3,2.226E-3,2.783E-3,3.339E-3,3.896E-3,5.010E-3,5.567E-3,46.00E-3,-16.76E-3,-15.08E-3,-13.41E-3,-11.73E-3,-10.05E-3,44.00E-3,4.453E-3
46.00E-3,552.4E-6,1.105E-3,1.659E-3,2.212E-3,2.766E-3,3.319E-3,3.873E-3,4.980E-3,5.533E-3,48.00E-3,-16.74E-3,-15.07E-3,-13.39E-3,-11.72E-3,-10.05E-3,46.00E-3,4.426E-3
48.00E-3,549.0E-6,1.098E-3,1.649E-3,2.199E-3,2.749E-3,3.299E-3,3.849E-3,4.949E-3,5.500E-3,50.00E-3,-16.73E-3,-15.05E-3,-13.38E-3,-11.71E-3,-10.04E-3,48.00E-3,4.399E-3
50.00E-3,545.7E-6,1.092E-3,1.639E-3,2.185E-3,2.732E-3,3.279E-3,3.826E-3,4.919E-3,5.466E-3,52.00E-3,-16.71E-3,-15.04E-3,-13.37E-3,-11.70E-3,-10.03E-3,50.00E-3,4.373E-3
52.00E-3,542.3E-6,1.085E-3,1.629E-3,2.172E-3,2.716E-3,3.259E-3,3.802E-3,4.889E-3,5.433E-3,54.00E-3,-16.69E-3,-15.02E-3,-13.35E-3,-11.69E-3,-10.02E-3,52.00E-3,4.346E-3
54.00E-3,539.0E-6,1.078E-3,1.619E-3,2.159E-3,2.699E-3,3.239E-3,3.779E-3,4.859E-3,5.399E-3,56.00E-3,-16.68E-3,-15.01E-3,-13.34E-3,-11.67E-3,-10.01E-3,54.00E-3,4.319E-3
56.00E-3,535.6E-6,1.072E-3,1.609E-3,2.145E-3,2.682E-3,3.219E-3,3.756E-3,4.829E-3,5.366E-3,58.00E-3,-16.66E-3,-14.99E-3,-13.33E-3,-11.66E-3,-9.996E-3,56.00E-3,4.292E-3
58.00E-3,532.3E-6,1.065E-3,1.599E-3,2.132E-3,2.666E-3,3.199E-3,3.732E-3,4.799E-3,5.333E-3,60.00E-3,-16.64E-3,-14.98E-3,-13.31E-3,-11.65E-3,-9.986E-3,58.00E-3,4.266E-3
60.00E-3,529.0E-6,1.058E-3,1.589E-3,2.119E-3,2.649E-3,3.179E-3,3.709E-3,4.769E-3,5.299E-3,62.00E-3,-16.63E-3,-14.96E-3,-13.30E-3,-11.64E-3,-9.976E-3,60.00E-3,4.239E-3
62.00E-3,525.6E-6,1.052E-3,1.579E-3,2.105E-3,2.632E-3,3.159E-3,3.686E-3,4.739E-3,5.266E-3,64.00E-3,-16.61E-3,-14.95E-3,-13.29E-3,-11.63E-3,-9.965E-3,62.00E-3,4.213E-3
64.00E-3,522.3E-6,1.045E-3,1.569E-3,2.092E-3,2.616E-3,3.139E-3,3.663E-3,4.709E-3,5.233E-3,66.00E-3,-16.59E-3,-14.93E-3,-13.27E-3,-11.61E-3,-9.955E-3,64.00E-3,4.186E-3
66.00E-3,519.0E-6,1.038E-3,1.559E-3,2.079E-3,2.599E-3,3.119E-3,3.639E-3,4.680E-3,5.200E-3,68.00E-3,-16.57E-3,-14.92E-3,-13.26E-3,-11.60E-3,-9.944E-3,66.00E-3,4.159E-3
68.00E-3,515.7E-6,1.032E-3,1.549E-3,2.066E-3,2.582E-3,3.099E-3,3.616E-3,4.650E-3,5.167E-3,70.00E-3,-16.56E-3,-14.90E-3,-13.24E-3,-11.59E-3,-9.934E-3,68.00E-3,4.133E-3
70.00E-3,512.4E-6,1.025E-3,1.539E-3,2.052E-3,2.566E-3,3.079E-3,3.593E-3,4.620E-3,5.133E-3,72.00E-3,-16.54E-3,-14.88E-3,-13.23E-3,-11.58E-3,-9.923E-3,70.00E-3,4.106E-3
72.00E-3,509.1E-6,1.019E-3,1.529E-3,2.039E-3,2.549E-3,3.060E-3,3.570E-3,4.590E-3,5.100E-3,74.00E-3,-16.52E-3,-14.87E-3,-13.22E-3,-11.56E-3,-9.912E-3,72.00E-3,4.080E-3
74.00E-3,505.8E-6,1.012E-3,1.519E-3,2.026E-3,2.533E-3,3.040E-3,3.547E-3,4.560E-3,5.067E-3,76.00E-3,-16.50E-3,-14.85E-3,-13.20E-3,-11.55E-3,-9.901E-3,74.00E-3,4.054E-3
76.00E-3,502.5E-6,1.005E-3,1.509E-3,2.013E-3,2.516E-3,3.020E-3,3.524E-3,4.531E-3,5.034E-3,78.00E-3,-16.48E-3,-14.84E-3,-13.19E-3,-11.54E-3,-9.890E-3,76.00E-3,4.027E-3
78.00E-3,499.2E-6,998.8E-6,1.499E-3,2.000E-3,2.500E-3,3.000E-3,3.500E-3,4.501E-3,5.001E-3,80.00E-3,-16.46E-3,-14.82E-3,-13.17E-3,-11.53E-3,-9.879E-3,78.00E-3,4.001E-3
80.00E-3,495.9E-6,992.2E-6,1.489E-3,1.986E-3,2.483E-3,2.980E-3,3.477E-3,4.471E-3,4.968E-3,82.00E-3,-16.45E-3,-14.80E-3,-13.16E-3,-11.51E-3,-9.868E-3,80.00E-3,3.974E-3
82.00E-3,492.6E-6,985.6E-6,1.479E-3,1.973E-3,2.467E-3,2.961E-3,3.454E-3,4.442E-3,4.936E-3,84.00E-3,-16.43E-3,-14.78E-3,-13.14E-3,-11.50E-3,-9.856E-3,82.00E-3,3.948E-3
84.00E-3,489.3E-6,979.0E-6,1.470E-3,1.960E-3,2.451E-3,2.941E-3,3.431E-3,4.412E-3,4.903E-3,86.00E-3,-16.41E-3,-14.77E-3,-13.13E-3,-11.49E-3,-9.845E-3,84.00E-3,3.922E-3
86.00E-3,486.0E-6,972.5E-6,1.460E-3,1.947E-3,2.434E-3,2.921E-3,3.408E-3,4.383E-3,4.870E-3,88.00E-3,-16.39E-3,-14.75E-3,-13.11E-3,-11.47E-3,-9.833E-3,86.00E-3,3.896E-3
88.00E-3,482.7E-6,965.9E-6,1.450E-3,1.934E-3,2.418E-3,2.902E-3,3.386E-3,4.353E-3,4.837E-3,90.00E-3,-16.37E-3,-14.73E-3,-13.10E-3,-11.46E-3,-9.821E-3,88.00E-3,3.869E-3
90.00E-3,479.5E-6,959.4E-6,1.440E-3,1.921E-3,2.401E-3,2.882E-3,3.363E-3,4.324E-3,4.804E-3,92.00E-3,-16.35E-3,-14.71E-3,-13.08E-3,-11.44E-3,-9.809E-3,90.00E-3,3.843E-3
92.00E-3,476.2E-6,952.8E-6,1.430E-3,1.908E-3,2.385E-3,2.862E-3,3.340E-3,4.294E-3,4.772E-3,94.00E-3,-16.33E-3,-14.70E-3,-13.06E-3,-11.43E-3,-9.798E-3,92.00E-3,3.817E-3
94.00E-3,472.9E-6,946.3E-6,1.421E-3,1.895E-3,2.369E-3,2.843E-3,3.317E-3,4.265E-3,4.739E-3,96.00E-3,-16.31E-3,-14.68E-3,-13.05E-3,-11.42E-3,-9.785E-3,94.00E-3,3.791E-3
96.00E-3,469.7E-6,939.8E-6,1.411E-3,1.882E-3,2.352E-3,2.823E-3,3.294E-3,4.236E-3,4.706E-3,98.00E-3,-16.29E-3,-14.66E-3,-13.03E-3,-11.40E-3,-9.773E-3,96.00E-3,3.765E-3
98.00E-3,466.4E-6,933.3E-6,1.401E-3,1.869E-3,2.336E-3,2.804E-3,3.271E-3,4.206E-3,4.674E-3,100.0E-3,-16.27E-3,-14.64E-3,-13.01E-3,-11.39E-3,-9.761E-3,98.00E-3,3.739E-3
100.0E-3,463.2E-6,926.8E-6,1.391E-3,1.856E-3,2.320E-3,2.784E-3,3.248E-3,4.177E-3,4.641E-3,102.0E-3,-16.25E-3,-14.62E-3,-13.00E-3,-11.37E-3,-9.748E-3,100.0E-3,3.713E-3
102.0E-3,459.9E-6,920.3E-6,1.381E-3,1.843E-3,2.304E-3,2.765E-3,3.226E-3,4.148E-3,4.609E-3,104.0E-3,-16.23E-3,-14.60E-3,-12.98E-3,-11.36E-3,-9.736E-3,102.0E-3,3.687E-3
104.0E-3,456.7E-6,913.8E-6,1.372E-3,1.830E-3,2.287E-3,2.745E-3,3.203E-3,4.119E-3,4.576E-3,106.0E-3,-16.21E-3,-14.59E-3,-12.96E-3,-11.34E-3,-9.723E-3,104.0E-3,3.661E-3
106.0E-3,453.5E-6,907.3E-6,1.362E-3,1.817E-3,2.271E-3,2.726E-3,3.180E-3,4.089E-3,4.544E-3,108.0E-3,-16.18E-3,-14.57E-3,-12.95E-3,-11.33E-3,-9.710E-3,106.0E-3,3.635E-3
108.0E-3,450.2E-6,900.8E-6,1.352E-3,1.804E-3,2.255E-3,2.706E-3,3.158E-3,4.060E-3,4.512E-3,110.0E-3,-16.16E-3,-14.55E-3,-12.93E-3,-11.31E-3,-9.697E-3,108.0E-3,3.609E-3
110.0E-3,447.0E-6,894.4E-6,1.343E-3,1.791E-3,2.239E-3,2.687E-3,3.135E-3,4.031E-3,4.479E-3,112.0E-3,-16.14E-3,-14.53E-3,-12.91E-3,-11.30E-3,-9.684E-3,110.0E-3,3.583E-3
112.0E-3,443.8E-6,887.9E-6,1.333E-3,1.778E-3,2.223E-3,2.668E-3,3.112E-3,4.002E-3,4.447E-3,114.0E-3,-16.12E-3,-14.51E-3,-12.89E-3,-11.28E-3,-9.671E-3,112.0E-3,3.557E-3
114.0E-3,440.5E-6,881.5E-6,1.323E-3,1.765E-3,2.207E-3,2.648E-3,3.090E-3,3.973E-3,4.415E-3,116.0E-3,-16.10E-3,-14.49E-3,-12.88E-3,-11.27E-3,-9.657E-3,114.0E-3,3.531E-3
116.0E-3,437.3E-6,875.0E-6,1.314E-3,1.752E-3,2.190E-3,2.629E-3,3.067E-3,3.944E-3,4.382E-3,118.0E-3,-16.07E-3,-14.47E-3,-12.86E-3,-11.25E-3,-9.644E-3,116.0E-3,3.506E-3
118.0E-3,434.1E-6,868.6E-6,1.304E-3,1.739E-3,2.174E-3,2.610E-3,3.045E-3,3.915E-3,4.350E-3,120.0E-3,-16.05E-3,-14.45E-3,-12.84E-3,-11.24E-3,-9.630E-3,118.0E-3,3.480E-3
120.0E-3,430.9E-6,862.2E-6,1.294E-3,1.726E-3,2.158E-3,2.590E-3,3.022E-3,3.886E-3,4.318E-3,122.0E-3,-16.03E-3,-14.43E-3,-12.82E-3,-11.22E-3,-9.616E-3,120.0E-3,3.454E-3
122.0E-3,427.7E-6,855.8E-6,1.285E-3,1.714E-3,2.142E-3,2.571E-3,3.000E-3,3.857E-3,4.286E-3,124.0E-3,-16.01E-3,-14.40E-3,-12.80E-3,-11.20E-3,-9.602E-3,122.0E-3,3.429E-3
124.0E-3,424.5E-6,849.4E-6,1.275E-3,1.701E-3,2.126E-3,2.552E-3,2.977E-3,3.829E-3,4.254E-3,126.0E-3,-15.98E-3,-14.38E-3,-12.79E-3,-11.19E-3,-9.588E-3,124.0E-3,3.403E-3
126.0E-3,421.3E-6,843.0E-6,1.265E-3,1.688E-3,2.110E-3,2.533E-3,2.955E-3,3.800E-3,4.222E-3,128.0E-3,-15.96E-3,-14.36E-3,-12.77E-3,-11.17E-3,-9.574E-3,126.0E-3,3.377E-3
128.0E-3,418.1E-6,836.6E-6,1.256E-3,1.675E-3,2.094E-3,2.514E-3,2.933E-3,3.771E-3,4.190E-3,130.0E-3,-15.93E-3,-14.34E-3,-12.75E-3,-11.15E-3,-9.560E-3,128.0E-3,3.352E-3
130.0E-3,415.0E-6,830.2E-6,1.246E-3,1.662E-3,2.078E-3,2.494E-3,2.910E-3,3.742E-3,4.158E-3,132.0E-3,-15.91E-3,-14.32E-3,-12.73E-3,-11.14E-3,-9.545E-3,130.0E-3,3.326E-3
132.0E-3,411.8E-6,823.9E-6,1.237E-3,1.650E-3,2.063E-3,2.475E-3,2.888E-3,3.714E-3,4.127E-3,134.0E-3,-15.89E-3,-14.30E-3,-12.71E-3,-11.12E-3,-9.530E-3,132.0E-3,3.301E-3
134.0E-3,408.6E-6,817.5E-6,1.227E-3,1.637E-3,2.047E-3,2.456E-3,2.866E-3,3.685E-3,4.095E-3,136.0E-3,-15.86E-3,-14.27E-3,-12.69E-3,-11.10E-3,-9.516E-3,134.0E-3,3.276E-3
136.0E-3,405.4E-6,811.2E-6,1.218E-3,1.624E-3,2.031E-3,2.437E-3,2.844E-3,3.657E-3,4.063E-3,138.0E-3,-15.84E-3,-14.25E-3,-12.67E-3,-11.08E-3,-9.501E-3,136.0E-3,3.250E-3
138.0E-3,402.3E-6,804.9E-6,1.208E-3,1.612E-3,2.015E-3,2.418E-3,2.822E-3,3.628E-3,4.031E-3,140.0E-3,-15.81E-3,-14.23E-3,-12.65E-3,-11.07E-3,-9.485E-3,138.0E-3,3.225E-3
140.0E-3,399.1E-6,798.5E-6,1.199E-3,1.599E-3,1.999E-3,2.399E-3,2.799E-3,3.600E-3,4.000E-3,142.0E-3,-15.79E-3,-14.21E-3,-12.63E-3,-11.05E-3,-9.470E-3,140.0E-3,3.200E-3
142.0E-3,396.0E-6,792.2E-6,1.189E-3,1.586E-3,1.983E-3,2.380E-3,2.777E-3,3.571E-3,3.968E-3,144.0E-3,-15.76E-3,-14.18E-3,-12.61E-3,-11.03E-3,-9.455E-3,142.0E-3,3.174E-3
144.0E-3,392.8E-6,785.9E-6,1.180E-3,1.574E-3,1.968E-3,2.361E-3,2.755E-3,3.543E-3,3.937E-3,146.0E-3,-15.73E-3,-14.16E-3,-12.59E-3,-11.01E-3,-9.439E-3,144.0E-3,3.149E-3
146.0E-3,389.7E-6,779.6E-6,1.170E-3,1.561E-3,1.952E-3,2.343E-3,2.733E-3,3.515E-3,3.905E-3,148.0E-3,-15.71E-3,-14.14E-3,-12.57E-3,-10.99E-3,-9.423E-3,146.0E-3,3.124E-3
148.0E-3,386.6E-6,773.4E-6,1.161E-3,1.549E-3,1.936E-3,2.324E-3,2.711E-3,3.486E-3,3.874E-3,150.0E-3,-15.68E-3,-14.11E-3,-12.54E-3,-10.98E-3,-9.407E-3,148.0E-3,3.099E-3
150.0E-3,383.4E-6,767.1E-6,1.152E-3,1.536E-3,1.921E-3,2.305E-3,2.689E-3,3.458E-3,3.842E-3,152.0E-3,-15.65E-3,-14.09E-3,-12.52E-3,-10.96E-3,-9.391E-3,150.0E-3,3.074E-3
152.0E-3,380.3E-6,760.8E-6,1.142E-3,1.524E-3,1.905E-3,2.286E-3,2.667E-3,3.430E-3,3.811E-3,154.0E-3,-15.63E-3,-14.06E-3,-12.50E-3,-10.94E-3,-9.375E-3,152.0E-3,3.049E-3
154.0E-3,377.2E-6,754.6E-6,1.133E-3,1.511E-3,1.889E-3,2.267E-3,2.646E-3,3.402E-3,3.780E-3,156.0E-3,-15.60E-3,-14.04E-3,-12.48E-3,-10.92E-3,-9.358E-3,154.0E-3,3.024E-3
156.0E-3,374.1E-6,748.4E-6,1.124E-3,1.499E-3,1.874E-3,2.249E-3,2.624E-3,3.374E-3,3.749E-3,158.0E-3,-15.57E-3,-14.01E-3,-12.46E-3,-10.90E-3,-9.341E-3,156.0E-3,2.999E-3
158.0E-3,371.0E-6,742.1E-6,1.114E-3,1.486E-3,1.858E-3,2.230E-3,2.602E-3,3.346E-3,3.718E-3,160.0E-3,-15.54E-3,-13.99E-3,-12.43E-3,-10.88E-3,-9.325E-3,158.0E-3,2.974E-3
160.0E-3,367.9E-6,735.9E-6,1.105E-3,1.474E-3,1.843E-3,2.211E-3,2.580E-3,3.318E-3,3.686E-3,162.0E-3,-15.52E-3,-13.96E-3,-12.41E-3,-10.86E-3,-9.307E-3,160.0E-3,2.949E-3
162.0E-3,364.8E-6,729.7E-6,1.096E-3,1.461E-3,1.827E-3,2.193E-3,2.558E-3,3.290E-3,3.655E-3,164.0E-3,-15.49E-3,-13.94E-3,-12.39E-3,-10.84E-3,-9.290E-3,162.0E-3,2.924E-3
164.0E-3,361.7E-6,723.5E-6,1.086E-3,1.449E-3,1.812E-3,2.174E-3,2.537E-3,3.262E-3,3.624E-3,166.0E-3,-15.46E-3,-13.91E-3,-12.37E-3,-10.82E-3,-9.273E-3,164.0E-3,2.899E-3
166.0E-3,358.6E-6,717.4E-6,1.077E-3,1.437E-3,1.796E-3,2.156E-3,2.515E-3,3.234E-3,3.594E-3,168.0E-3,-15.43E-3,-13.89E-3,-12.34E-3,-10.80E-3,-9.255E-3,166.0E-3,2.875E-3
168.0E-3,355.5E-6,711.2E-6,1.068E-3,1.424E-3,1.781E-3,2.137E-3,2.494E-3,3.206E-3,3.563E-3,170.0E-3,-15.40E-3,-13.86E-3,-12.32E-3,-10.78E-3,-9.237E-3,168.0E-3,2.850E-3
170.0E-3,352.4E-6,705.0E-6,1.059E-3,1.412E-3,1.765E-3,2.119E-3,2.472E-3,3.179E-3,3.532E-3,172.0E-3,-15.37E-3,-13.83E-3,-12.29E-3,-10.76E-3,-9.219E-3,170.0E-3,2.825E-3
172.0E-3,349.4E-6,698.9E-6,1.049E-3,1.400E-3,1.750E-3,2.100E-3,2.450E-3,3.151E-3,3.501E-3,174.0E-3,-15.34E-3,-13.80E-3,-12.27E-3,-10.74E-3,-9.201E-3,172.0E-3,2.801E-3
174.0E-3,346.3E-6,692.8E-6,1.040E-3,1.387E-3,1.735E-3,2.082E-3,2.429E-3,3.123E-3,3.470E-3,176.0E-3,-15.31E-3,-13.78E-3,-12.25E-3,-10.71E-3,-9.183E-3,174.0E-3,2.776E-3
176.0E-3,343.3E-6,686.7E-6,1.031E-3,1.375E-3,1.719E-3,2.063E-3,2.408E-3,3.096E-3,3.440E-3,178.0E-3,-15.28E-3,-13.75E-3,-12.22E-3,-10.69E-3,-9.164E-3,176.0E-3,2.752E-3
178.0E-3,340.2E-6,680.6E-6,1.022E-3,1.363E-3,1.704E-3,2.045E-3,2.386E-3,3.068E-3,3.409E-3,180.0E-3,-15.25E-3,-13.72E-3,-12.20E-3,-10.67E-3,-9.145E-3,178.0E-3,2.727E-3
180.0E-3,337.2E-6,674.5E-6,1.013E-3,1.351E-3,1.689E-3,2.027E-3,2.365E-3,3.041E-3,3.379E-3,182.0E-3,-15.21E-3,-13.69E-3,-12.17E-3,-10.65E-3,-9.126E-3,180.0E-3,2.703E-3
182.0E-3,334.2E-6,668.4E-6,1.004E-3,1.339E-3,1.674E-3,2.009E-3,2.344E-3,3.013E-3,3.348E-3,184.0E-3,-15.18E-3,-13.66E-3,-12.14E-3,-10.63E-3,-9.107E-3,182.0E-3,2.678E-3
184.0E-3,331.1E-6,662.3E-6,994.4E-6,1.326E-3,1.658E-3,1.990E-3,2.322E-3,2.986E-3,3.318E-3,186.0E-3,-15.15E-3,-13.63E-3,-12.12E-3,-10.60E-3,-9.088E-3,184.0E-3,2.654E-3
186.0E-3,328.1E-6,656.3E-6,985.3E-6,1.314E-3,1.643E-3,1.972E-3,2.301E-3,2.959E-3,3.288E-3,188.0E-3,-15.12E-3,-13.60E-3,-12.09E-3,-10.58E-3,-9.068E-3,186.0E-3,2.630E-3
188.0E-3,325.1E-6,650.2E-6,976.3E-6,1.302E-3,1.628E-3,1.954E-3,2.280E-3,2.932E-3,3.258E-3,190.0E-3,-15.08E-3,-13.57E-3,-12.07E-3,-10.56E-3,-9.048E-3,188.0E-3,2.606E-3
190.0E-3,322.1E-6,644.2E-6,967.2E-6,1.290E-3,1.613E-3,1.936E-3,2.259E-3,2.904E-3,3.227E-3,192.0E-3,-15.05E-3,-13.54E-3,-12.04E-3,-10.53E-3,-9.028E-3,190.0E-3,2.582E-3
192.0E-3,319.1E-6,638.2E-6,958.2E-6,1.278E-3,1.598E-3,1.918E-3,2.238E-3,2.877E-3,3.197E-3,194.0E-3,-15.02E-3,-13.51E-3,-12.01E-3,-10.51E-3,-9.007E-3,192.0E-3,2.558E-3
194.0E-3,316.1E-6,632.2E-6,949.2E-6,1.266E-3,1.583E-3,1.900E-3,2.217E-3,2.850E-3,3.167E-3,196.0E-3,-14.98E-3,-13.48E-3,-11.98E-3,-10.49E-3,-8.987E-3,194.0E-3,2.534E-3
196.0E-3,313.1E-6,626.2E-6,940.2E-6,1.254E-3,1.568E-3,1.882E-3,2.196E-3,2.823E-3,3.137E-3,198.0E-3,-14.95E-3,-13.45E-3,-11.96E-3,-10.46E-3,-8.966E-3,196.0E-3,2.510E-3
198.0E-3,310.1E-6,620.2E-6,931.3E-6,1.242E-3,1.553E-3,1.864E-3,2.175E-3,2.797E-3,3.107E-3,200.0E-3,-14.91E-3,-13.42E-3,-11.93E-3,-10.44E-3,-8.945E-3,198.0E-3,2.486E-3
200.0E-3,307.2E-6,614.3E-6,922.3E-6,1.230E-3,1.538E-3,1.846E-3,2.154E-3,2.770E-3,3.078E-3,202.0E-3,-14.88E-3,-13.39E-3,-11.90E-3,-10.41E-3,-8.924E-3,200.0E-3,2.462E-3
202.0E-3,304.2E-6,608.4E-6,913.4E-6,1.218E-3,1.523E-3,1.828E-3,2.133E-3,2.743E-3,3.048E-3,204.0E-3,-14.84E-3,-13.36E-3,-11.87E-3,-10.39E-3,-8.902E-3,202.0E-3,2.438E-3
204.0E-3,301.2E-6,602.4E-6,904.5E-6,1.206E-3,1.508E-3,1.810E-3,2.112E-3,2.716E-3,3.018E-3,206.0E-3,-14.80E-3,-13.32E-3,-11.84E-3,-10.36E-3,-8.880E-3,204.0E-3,2.414E-3
206.0E-3,298.3E-6,596.5E-6,895.6E-6,1.195E-3,1.494E-3,1.793E-3,2.092E-3,2.690E-3,2.988E-3,208.0E-3,-14.77E-3,-13.29E-3,-11.81E-3,-10.34E-3,-8.858E-3,206.0E-3,2.391E-3
208.0E-3,295.4E-6,590.6E-6,886.8E-6,1.183E-3,1.479E-3,1.775E-3,2.071E-3,2.663E-3,2.959E-3,210.0E-3,-14.73E-3,-13.26E-3,-11.78E-3,-10.31E-3,-8.836E-3,208.0E-3,2.367E-3
210.0E-3,292.4E-6,584.7E-6,877.9E-6,1.171E-3,1.464E-3,1.757E-3,2.050E-3,2.636E-3,2.929E-3,212.0E-3,-14.69E-3,-13.22E-3,-11.75E-3,-10.28E-3,-8.813E-3,210.0E-3,2.343E-3
212.0E-3,289.5E-6,578.9E-6,869.1E-6,1.159E-3,1.449E-3,1.740E-3,2.030E-3,2.610E-3,2.900E-3,214.0E-3,-14.65E-3,-13.19E-3,-11.72E-3,-10.26E-3,-8.790E-3,212.0E-3,2.320E-3
214.0E-3,286.6E-6,573.0E-6,860.4E-6,1.148E-3,1.435E-3,1.722E-3,2.009E-3,2.584E-3,2.871E-3,216.0E-3,-14.62E-3,-13.15E-3,-11.69E-3,-10.23E-3,-8.767E-3,214.0E-3,2.296E-3
216.0E-3,283.7E-6,567.2E-6,851.6E-6,1.136E-3,1.420E-3,1.705E-3,1.989E-3,2.557E-3,2.842E-3,218.0E-3,-14.58E-3,-13.12E-3,-11.66E-3,-10.20E-3,-8.744E-3,216.0E-3,2.273E-3
218.0E-3,280.8E-6,561.4E-6,842.9E-6,1.124E-3,1.406E-3,1.687E-3,1.968E-3,2.531E-3,2.812E-3,220.0E-3,-14.54E-3,-13.08E-3,-11.63E-3,-10.17E-3,-8.720E-3,218.0E-3,2.250E-3
220.0E-3,277.9E-6,555.6E-6,834.2E-6,1.113E-3,1.391E-3,1.670E-3,1.948E-3,2.505E-3,2.783E-3,222.0E-3,-14.50E-3,-13.05E-3,-11.60E-3,-10.15E-3,-8.696E-3,220.0E-3,2.226E-3
222.0E-3,275.0E-6,549.8E-6,825.5E-6,1.101E-3,1.377E-3,1.652E-3,1.928E-3,2.479E-3,2.754E-3,224.0E-3,-14.46E-3,-13.01E-3,-11.56E-3,-10.12E-3,-8.672E-3,222.0E-3,2.203E-3
224.0E-3,272.1E-6,544.0E-6,816.8E-6,1.090E-3,1.362E-3,1.635E-3,1.907E-3,2.453E-3,2.725E-3,226.0E-3,-14.42E-3,-12.97E-3,-11.53E-3,-10.09E-3,-8.647E-3,224.0E-3,2.180E-3
226.0E-3,269.2E-6,538.3E-6,808.2E-6,1.078E-3,1.348E-3,1.618E-3,1.887E-3,2.427E-3,2.697E-3,228.0E-3,-14.38E-3,-12.94E-3,-11.50E-3,-10.06E-3,-8.622E-3,226.0E-3,2.157E-3
228.0E-3,266.4E-6,532.5E-6,799.5E-6,1.066E-3,1.333E-3,1.600E-3,1.867E-3,2.401E-3,2.668E-3,230.0E-3,-14.33E-3,-12.90E-3,-11.47E-3,-10.03E-3,-8.597E-3,228.0E-3,2.134E-3
230.0E-3,263.5E-6,526.8E-6,791.0E-6,1.055E-3,1.319E-3,1.583E-3,1.847E-3,2.375E-3,2.639E-3,232.0E-3,-14.29E-3,-12.86E-3,-11.43E-3,-10.00E-3,-8.571E-3,230.0E-3,2.111E-3
232.0E-3,260.7E-6,521.1E-6,782.4E-6,1.044E-3,1.305E-3,1.566E-3,1.827E-3,2.349E-3,2.611E-3,234.0E-3,-14.25E-3,-12.82E-3,-11.40E-3,-9.971E-3,-8.546E-3,232.0E-3,2.088E-3
234.0E-3,257.8E-6,515.4E-6,773.9E-6,1.032E-3,1.291E-3,1.549E-3,1.807E-3,2.324E-3,2.582E-3,236.0E-3,-14.20E-3,-12.78E-3,-11.36E-3,-9.941E-3,-8.519E-3,234.0E-3,2.065E-3
236.0E-3,255.0E-6,509.7E-6,765.3E-6,1.021E-3,1.276E-3,1.532E-3,1.787E-3,2.298E-3,2.554E-3,238.0E-3,-14.16E-3,-12.74E-3,-11.33E-3,-9.910E-3,-8.493E-3,236.0E-3,2.043E-3
238.0E-3,252.2E-6,504.1E-6,756.9E-6,1.010E-3,1.262E-3,1.515E-3,1.767E-3,2.273E-3,2.525E-3,240.0E-3,-14.12E-3,-12.70E-3,-11.29E-3,-9.879E-3,-8.466E-3,238.0E-3,2.020E-3
240.0E-3,249.4E-6,498.4E-6,748.4E-6,998.3E-6,1.248E-3,1.498E-3,1.748E-3,2.247E-3,2.497E-3,242.0E-3,-14.07E-3,-12.66E-3,-11.25E-3,-9.847E-3,-8.439E-3,240.0E-3,1.998E-3
242.0E-3,246.6E-6,492.8E-6,740.0E-6,987.0E-6,1.234E-3,1.481E-3,1.728E-3,2.222E-3,2.469E-3,244.0E-3,-14.03E-3,-12.62E-3,-11.22E-3,-9.815E-3,-8.412E-3,242.0E-3,1.975E-3
244.0E-3,243.8E-6,487.2E-6,731.6E-6,975.8E-6,1.220E-3,1.464E-3,1.708E-3,2.197E-3,2.441E-3,246.0E-3,-13.98E-3,-12.58E-3,-11.18E-3,-9.783E-3,-8.384E-3,244.0E-3,1.953E-3
246.0E-3,241.0E-6,481.7E-6,723.2E-6,964.6E-6,1.206E-3,1.447E-3,1.689E-3,2.172E-3,2.413E-3,248.0E-3,-13.93E-3,-12.54E-3,-11.14E-3,-9.750E-3,-8.356E-3,246.0E-3,1.930E-3
248.0E-3,238.2E-6,476.1E-6,714.8E-6,953.5E-6,1.192E-3,1.431E-3,1.669E-3,2.147E-3,2.385E-3,250.0E-3,-13.88E-3,-12.50E-3,-11.11E-3,-9.717E-3,-8.327E-3,248.0E-3,1.908E-3
250.0E-3,235.5E-6,470.6E-6,706.5E-6,942.4E-6,1.178E-3,1.414E-3,1.650E-3,2.122E-3,2.357E-3,252.0E-3,-13.84E-3,-12.45E-3,-11.07E-3,-9.683E-3,-8.298E-3,250.0E-3,1.886E-3
252.0E-3,232.7E-6,465.0E-6,698.2E-6,931.4E-6,1.164E-3,1.397E-3,1.631E-3,2.097E-3,2.330E-3,254.0E-3,-13.79E-3,-12.41E-3,-11.03E-3,-9.649E-3,-8.269E-3,252.0E-3,1.864E-3
254.0E-3,230.0E-6,459.5E-6,690.0E-6,920.3E-6,1.151E-3,1.381E-3,1.611E-3,2.072E-3,2.302E-3,256.0E-3,-13.74E-3,-12.36E-3,-10.99E-3,-9.614E-3,-8.239E-3,254.0E-3,1.842E-3
256.0E-3,227.3E-6,454.1E-6,681.7E-6,909.4E-6,1.137E-3,1.364E-3,1.592E-3,2.047E-3,2.275E-3,258.0E-3,-13.69E-3,-12.32E-3,-10.95E-3,-9.579E-3,-8.210E-3,256.0E-3,1.820E-3
258.0E-3,224.5E-6,448.6E-6,673.5E-6,898.4E-6,1.123E-3,1.348E-3,1.573E-3,2.022E-3,2.247E-3,260.0E-3,-13.64E-3,-12.27E-3,-10.91E-3,-9.544E-3,-8.179E-3,258.0E-3,1.798E-3
260.0E-3,221.8E-6,443.2E-6,665.4E-6,887.5E-6,1.110E-3,1.332E-3,1.554E-3,1.998E-3,2.220E-3,262.0E-3,-13.59E-3,-12.23E-3,-10.87E-3,-9.508E-3,-8.148E-3,260.0E-3,1.776E-3
262.0E-3,219.1E-6,437.7E-6,657.2E-6,876.7E-6,1.096E-3,1.315E-3,1.535E-3,1.973E-3,2.193E-3,264.0E-3,-13.54E-3,-12.18E-3,-10.83E-3,-9.472E-3,-8.117E-3,262.0E-3,1.754E-3
264.0E-3,216.4E-6,432.3E-6,649.1E-6,865.8E-6,1.083E-3,1.299E-3,1.516E-3,1.949E-3,2.166E-3,266.0E-3,-13.48E-3,-12.13E-3,-10.78E-3,-9.435E-3,-8.086E-3,264.0E-3,1.732E-3
266.0E-3,213.7E-6,427.0E-6,641.1E-6,855.1E-6,1.069E-3,1.283E-3,1.497E-3,1.925E-3,2.139E-3,268.0E-3,-13.43E-3,-12.09E-3,-10.74E-3,-9.398E-3,-8.054E-3,266.0E-3,1.711E-3
268.0E-3,211.1E-6,421.6E-6,633.0E-6,844.3E-6,1.056E-3,1.267E-3,1.478E-3,1.901E-3,2.112E-3,270.0E-3,-13.38E-3,-12.04E-3,-10.70E-3,-9.360E-3,-8.021E-3,268.0E-3,1.689E-3
270.0E-3,208.4E-6,416.3E-6,625.0E-6,833.6E-6,1.042E-3,1.251E-3,1.459E-3,1.877E-3,2.085E-3,272.0E-3,-13.32E-3,-11.99E-3,-10.65E-3,-9.322E-3,-7.989E-3,270.0E-3,1.668E-3
272.0E-3,205.8E-6,411.0E-6,617.0E-6,823.0E-6,1.029E-3,1.235E-3,1.441E-3,1.853E-3,2.058E-3,274.0E-3,-13.27E-3,-11.94E-3,-10.61E-3,-9.283E-3,-7.955E-3,272.0E-3,1.647E-3
274.0E-3,203.1E-6,405.7E-6,609.1E-6,812.4E-6,1.016E-3,1.219E-3,1.422E-3,1.829E-3,2.032E-3,276.0E-3,-13.21E-3,-11.89E-3,-10.57E-3,-9.244E-3,-7.922E-3,274.0E-3,1.625E-3
276.0E-3,200.5E-6,400.4E-6,601.2E-6,801.8E-6,1.002E-3,1.203E-3,1.404E-3,1.805E-3,2.006E-3,278.0E-3,-13.15E-3,-11.84E-3,-10.52E-3,-9.204E-3,-7.888E-3,276.0E-3,1.604E-3
278.0E-3,197.9E-6,395.2E-6,593.3E-6,791.3E-6,989.3E-6,1.187E-3,1.385E-3,1.781E-3,1.979E-3,280.0E-3,-13.10E-3,-11.78E-3,-10.47E-3,-9.164E-3,-7.853E-3,278.0E-3,1.583E-3
280.0E-3,195.3E-6,389.9E-6,585.4E-6,780.9E-6,976.3E-6,1.172E-3,1.367E-3,1.758E-3,1.953E-3,282.0E-3,-13.04E-3,-11.73E-3,-10.43E-3,-9.123E-3,-7.818E-3,280.0E-3,1.562E-3
282.0E-3,192.7E-6,384.7E-6,577.6E-6,770.5E-6,963.2E-6,1.156E-3,1.349E-3,1.734E-3,1.927E-3,284.0E-3,-12.98E-3,-11.68E-3,-10.38E-3,-9.082E-3,-7.783E-3,282.0E-3,1.541E-3
284.0E-3,190.1E-6,379.6E-6,569.9E-6,760.1E-6,950.3E-6,1.140E-3,1.331E-3,1.711E-3,1.901E-3,286.0E-3,-12.92E-3,-11.63E-3,-10.33E-3,-9.040E-3,-7.747E-3,284.0E-3,1.521E-3
286.0E-3,187.5E-6,374.4E-6,562.1E-6,749.8E-6,937.4E-6,1.125E-3,1.313E-3,1.688E-3,1.875E-3,288.0E-3,-12.86E-3,-11.57E-3,-10.28E-3,-8.998E-3,-7.711E-3,286.0E-3,1.500E-3
288.0E-3,185.0E-6,369.3E-6,554.4E-6,739.5E-6,924.5E-6,1.110E-3,1.295E-3,1.664E-3,1.849E-3,290.0E-3,-12.80E-3,-11.52E-3,-10.24E-3,-8.955E-3,-7.674E-3,288.0E-3,1.479E-3
290.0E-3,182.5E-6,364.2E-6,546.8E-6,729.3E-6,911.7E-6,1.094E-3,1.277E-3,1.641E-3,1.824E-3,292.0E-3,-12.73E-3,-11.46E-3,-10.19E-3,-8.911E-3,-7.637E-3,290.0E-3,1.459E-3
292.0E-3,179.9E-6,359.1E-6,539.1E-6,719.1E-6,899.0E-6,1.079E-3,1.259E-3,1.619E-3,1.798E-3,294.0E-3,-12.67E-3,-11.40E-3,-10.14E-3,-8.867E-3,-7.599E-3,292.0E-3,1.439E-3
294.0E-3,177.4E-6,354.1E-6,531.5E-6,709.0E-6,886.3E-6,1.064E-3,1.241E-3,1.596E-3,1.773E-3,296.0E-3,-12.61E-3,-11.35E-3,-10.08E-3,-8.822E-3,-7.561E-3,294.0E-3,1.418E-3
296.0E-3,174.9E-6,349.0E-6,524.0E-6,698.9E-6,873.7E-6,1.049E-3,1.223E-3,1.573E-3,1.748E-3,298.0E-3,-12.54E-3,-11.29E-3,-10.03E-3,-8.777E-3,-7.522E-3,296.0E-3,1.398E-3
298.0E-3,172.4E-6,344.0E-6,516.5E-6,688.9E-6,861.2E-6,1.034E-3,1.206E-3,1.550E-3,1.723E-3,300.0E-3,-12.48E-3,-11.23E-3,-9.980E-3,-8.731E-3,-7.483E-3,298.0E-3,1.378E-3
300.0E-3,169.9E-6,339.1E-6,509.0E-6,678.9E-6,848.7E-6,1.019E-3,1.188E-3,1.528E-3,1.698E-3,302.0E-3,-12.41E-3,-11.17E-3,-9.927E-3,-8.685E-3,-7.443E-3,300.0E-3,1.358E-3
302.0E-3,167.5E-6,334.1E-6,501.6E-6,669.0E-6,836.3E-6,1.004E-3,1.171E-3,1.506E-3,1.673E-3,304.0E-3,-12.34E-3,-11.11E-3,-9.874E-3,-8.638E-3,-7.402E-3,302.0E-3,1.338E-3
304.0E-3,165.0E-6,329.2E-6,494.2E-6,659.1E-6,824.0E-6,988.9E-6,1.154E-3,1.483E-3,1.648E-3,306.0E-3,-12.28E-3,-11.05E-3,-9.819E-3,-8.590E-3,-7.362E-3,304.0E-3,1.319E-3
306.0E-3,162.6E-6,324.3E-6,486.8E-6,649.3E-6,811.7E-6,974.2E-6,1.137E-3,1.461E-3,1.624E-3,308.0E-3,-12.21E-3,-10.99E-3,-9.764E-3,-8.542E-3,-7.320E-3,306.0E-3,1.299E-3
308.0E-3,160.1E-6,319.4E-6,479.5E-6,639.6E-6,799.5E-6,959.5E-6,1.119E-3,1.439E-3,1.599E-3,310.0E-3,-12.14E-3,-10.92E-3,-9.708E-3,-8.493E-3,-7.279E-3,308.0E-3,1.279E-3
310.0E-3,157.7E-6,314.6E-6,472.3E-6,629.9E-6,787.4E-6,945.0E-6,1.102E-3,1.418E-3,1.575E-3,312.0E-3,-12.07E-3,-10.86E-3,-9.652E-3,-8.444E-3,-7.236E-3,310.0E-3,1.260E-3
312.0E-3,155.3E-6,309.8E-6,465.0E-6,620.2E-6,775.4E-6,930.5E-6,1.086E-3,1.396E-3,1.551E-3,314.0E-3,-12.00E-3,-10.80E-3,-9.595E-3,-8.394E-3,-7.193E-3,312.0E-3,1.241E-3
314.0E-3,152.9E-6,305.0E-6,457.9E-6,610.6E-6,763.4E-6,916.1E-6,1.069E-3,1.374E-3,1.527E-3,316.0E-3,-11.92E-3,-10.73E-3,-9.537E-3,-8.343E-3,-7.150E-3,314.0E-3,1.222E-3
316.0E-3,150.6E-6,300.2E-6,450.7E-6,601.1E-6,751.5E-6,901.8E-6,1.052E-3,1.353E-3,1.503E-3,318.0E-3,-11.85E-3,-10.66E-3,-9.478E-3,-8.292E-3,-7.106E-3,316.0E-3,1.202E-3
318.0E-3,148.2E-6,295.5E-6,443.6E-6,591.6E-6,739.6E-6,887.6E-6,1.036E-3,1.331E-3,1.479E-3,320.0E-3,-11.78E-3,-10.60E-3,-9.418E-3,-8.240E-3,-7.061E-3,318.0E-3,1.183E-3
320.0E-3,145.9E-6,290.8E-6,436.6E-6,582.2E-6,727.9E-6,873.5E-6,1.019E-3,1.310E-3,1.456E-3,322.0E-3,-11.70E-3,-10.53E-3,-9.358E-3,-8.187E-3,-7.016E-3,320.0E-3,1.165E-3
322.0E-3,143.6E-6,286.2E-6,429.6E-6,572.9E-6,716.2E-6,859.4E-6,1.003E-3,1.289E-3,1.432E-3,324.0E-3,-11.62E-3,-10.46E-3,-9.297E-3,-8.134E-3,-6.970E-3,322.0E-3,1.146E-3
324.0E-3,141.2E-6,281.5E-6,422.6E-6,563.6E-6,704.6E-6,845.5E-6,986.4E-6,1.268E-3,1.409E-3,326.0E-3,-11.55E-3,-10.39E-3,-9.236E-3,-8.080E-3,-6.924E-3,324.0E-3,1.127E-3
326.0E-3,138.9E-6,276.9E-6,415.7E-6,554.4E-6,693.0E-6,831.6E-6,970.3E-6,1.247E-3,1.386E-3,328.0E-3,-11.47E-3,-10.32E-3,-9.173E-3,-8.025E-3,-6.877E-3,326.0E-3,1.109E-3
328.0E-3,136.7E-6,272.4E-6,408.8E-6,545.2E-6,681.6E-6,817.9E-6,954.2E-6,1.227E-3,1.363E-3,330.0E-3,-11.39E-3,-10.25E-3,-9.110E-3,-7.970E-3,-6.830E-3,328.0E-3,1.091E-3
330.0E-3,134.4E-6,267.8E-6,402.0E-6,536.1E-6,670.2E-6,804.2E-6,938.3E-6,1.206E-3,1.340E-3,332.0E-3,-11.31E-3,-10.18E-3,-9.046E-3,-7.914E-3,-6.782E-3,330.0E-3,1.072E-3
332.0E-3,132.2E-6,263.3E-6,395.2E-6,527.1E-6,658.9E-6,790.7E-6,922.4E-6,1.186E-3,1.318E-3,334.0E-3,-11.23E-3,-10.10E-3,-8.981E-3,-7.857E-3,-6.733E-3,332.0E-3,1.054E-3
334.0E-3,129.9E-6,258.9E-6,388.5E-6,518.1E-6,647.7E-6,777.2E-6,906.7E-6,1.166E-3,1.295E-3,336.0E-3,-11.15E-3,-10.03E-3,-8.915E-3,-7.800E-3,-6.684E-3,334.0E-3,1.036E-3
336.0E-3,127.7E-6,254.4E-6,381.8E-6,509.2E-6,636.5E-6,763.8E-6,891.1E-6,1.146E-3,1.273E-3,338.0E-3,-11.06E-3,-9.956E-3,-8.849E-3,-7.742E-3,-6.634E-3,336.0E-3,1.018E-3
338.0E-3,125.5E-6,250.0E-6,375.2E-6,500.4E-6,625.5E-6,750.6E-6,875.6E-6,1.126E-3,1.251E-3,340.0E-3,-10.98E-3,-9.881E-3,-8.782E-3,-7.683E-3,-6.584E-3,338.0E-3,1.001E-3
340.0E-3,123.3E-6,245.6E-6,368.7E-6,491.6E-6,614.5E-6,737.4E-6,860.3E-6,1.106E-3,1.229E-3,342.0E-3,-10.89E-3,-9.804E-3,-8.714E-3,-7.623E-3,-6.533E-3,340.0E-3,983.2E-6
342.0E-3,121.2E-6,241.3E-6,362.1E-6,482.9E-6,603.6E-6,724.3E-6,845.0E-6,1.086E-3,1.207E-3,344.0E-3,-10.81E-3,-9.727E-3,-8.645E-3,-7.563E-3,-6.481E-3,342.0E-3,965.7E-6
344.0E-3,119.0E-6,237.0E-6,355.7E-6,474.3E-6,592.8E-6,711.4E-6,829.9E-6,1.067E-3,1.185E-3,346.0E-3,-10.72E-3,-9.649E-3,-8.576E-3,-7.502E-3,-6.429E-3,344.0E-3,948.4E-6
346.0E-3,116.9E-6,232.7E-6,349.2E-6,465.7E-6,582.1E-6,698.5E-6,814.9E-6,1.048E-3,1.164E-3,348.0E-3,-10.63E-3,-9.570E-3,-8.505E-3,-7.441E-3,-6.376E-3,346.0E-3,931.3E-6
348.0E-3,114.8E-6,228.5E-6,342.9E-6,457.2E-6,571.5E-6,685.8E-6,800.0E-6,1.029E-3,1.143E-3,350.0E-3,-10.55E-3,-9.490E-3,-8.434E-3,-7.379E-3,-6.323E-3,348.0E-3,914.3E-6
350.0E-3,112.7E-6,224.3E-6,336.6E-6,448.8E-6,560.9E-6,673.1E-6,785.3E-6,1.010E-3,1.122E-3,352.0E-3,-10.46E-3,-9.409E-3,-8.362E-3,-7.316E-3,-6.269E-3,350.0E-3,897.4E-6
352.0E-3,110.6E-6,220.1E-6,330.3E-6,440.4E-6,550.5E-6,660.6E-6,770.6E-6,990.7E-6,1.101E-3,354.0E-3,-10.36E-3,-9.327E-3,-8.289E-3,-7.252E-3,-6.215E-3,352.0E-3,880.7E-6
354.0E-3,108.5E-6,216.0E-6,324.1E-6,432.1E-6,540.2E-6,648.1E-6,756.1E-6,972.1E-6,1.080E-3,356.0E-3,-10.27E-3,-9.244E-3,-8.216E-3,-7.188E-3,-6.159E-3,354.0E-3,864.1E-6
356.0E-3,106.5E-6,211.9E-6,317.9E-6,423.9E-6,529.9E-6,635.8E-6,741.8E-6,953.6E-6,1.060E-3,358.0E-3,-10.18E-3,-9.161E-3,-8.142E-3,-7.123E-3,-6.104E-3,356.0E-3,847.7E-6
358.0E-3,104.5E-6,207.8E-6,311.9E-6,415.8E-6,519.7E-6,623.6E-6,727.5E-6,935.3E-6,1.039E-3,360.0E-3,-10.09E-3,-9.076E-3,-8.067E-3,-7.057E-3,-6.048E-3,358.0E-3,831.4E-6
360.0E-3,102.5E-6,203.8E-6,305.8E-6,407.7E-6,509.6E-6,611.5E-6,713.4E-6,917.1E-6,1.019E-3,362.0E-3,-9.991E-3,-8.991E-3,-7.991E-3,-6.991E-3,-5.991E-3,360.0E-3,815.3E-6
362.0E-3,100.5E-6,199.8E-6,299.8E-6,399.8E-6,499.7E-6,599.5E-6,699.4E-6,899.1E-6,999.0E-6,364.0E-3,-9.895E-3,-8.905E-3,-7.914E-3,-6.924E-3,-5.933E-3,362.0E-3,799.3E-6
364.0E-3,98.50E-6,195.9E-6,293.9E-6,391.9E-6,489.8E-6,587.7E-6,685.6E-6,881.3E-6,979.2E-6,366.0E-3,-9.798E-3,-8.818E-3,-7.837E-3,-6.856E-3,-5.875E-3,364.0E-3,783.4E-6
366.0E-3,96.55E-6,192.0E-6,288.1E-6,384.0E-6,480.0E-6,575.9E-6,671.9E-6,863.7E-6,959.6E-6,368.0E-3,-9.701E-3,-8.730E-3,-7.759E-3,-6.788E-3,-5.817E-3,366.0E-3,767.8E-6
368.0E-3,94.62E-6,188.1E-6,282.2E-6,376.3E-6,470.3E-6,564.3E-6,658.3E-6,846.2E-6,940.2E-6,370.0E-3,-9.602E-3,-8.641E-3,-7.680E-3,-6.719E-3,-5.757E-3,368.0E-3,752.3E-6
370.0E-3,92.71E-6,184.3E-6,276.5E-6,368.6E-6,460.7E-6,552.8E-6,644.8E-6,828.9E-6,921.0E-6,372.0E-3,-9.502E-3,-8.551E-3,-7.600E-3,-6.649E-3,-5.698E-3,370.0E-3,736.9E-6
372.0E-3,90.81E-6,180.5E-6,270.8E-6,361.0E-6,451.2E-6,541.4E-6,631.5E-6,811.8E-6,902.0E-6,374.0E-3,-9.402E-3,-8.461E-3,-7.520E-3,-6.579E-3,-5.638E-3,372.0E-3,721.7E-6
374.0E-3,88.94E-6,176.8E-6,265.2E-6,353.5E-6,441.8E-6,530.1E-6,618.4E-6,794.9E-6,883.2E-6,376.0E-3,-9.300E-3,-8.370E-3,-7.439E-3,-6.508E-3,-5.577E-3,374.0E-3,706.7E-6
376.0E-3,87.09E-6,173.1E-6,259.6E-6,346.1E-6,432.5E-6,519.0E-6,605.4E-6,778.2E-6,864.6E-6,378.0E-3,-9.198E-3,-8.278E-3,-7.357E-3,-6.436E-3,-5.515E-3,376.0E-3,691.8E-6
378.0E-3,85.26E-6,169.4E-6,254.1E-6,338.7E-6,423.3E-6,507.9E-6,592.5E-6,761.6E-6,846.2E-6,380.0E-3,-9.095E-3,-8.185E-3,-7.274E-3,-6.364E-3,-5.454E-3,378.0E-3,677.1E-6
380.0E-3,83.45E-6,165.8E-6,248.7E-6,331.5E-6,414.2E-6,497.0E-6,579.8E-6,745.3E-6,828.0E-6,382.0E-3,-8.991E-3,-8.091E-3,-7.191E-3,-6.291E-3,-5.391E-3,380.0E-3,662.5E-6
382.0E-3,81.66E-6,162.2E-6,243.3E-6,324.3E-6,405.3E-6,486.2E-6,567.2E-6,729.1E-6,810.0E-6,384.0E-3,-8.886E-3,-7.997E-3,-7.107E-3,-6.218E-3,-5.329E-3,382.0E-3,648.1E-6
384.0E-3,79.89E-6,158.7E-6,238.0E-6,317.2E-6,396.4E-6,475.6E-6,554.7E-6,713.1E-6,792.2E-6,386.0E-3,-8.781E-3,-7.902E-3,-7.023E-3,-6.144E-3,-5.265E-3,384.0E-3,633.9E-6
386.0E-3,78.14E-6,155.2E-6,232.7E-6,310.2E-6,387.6E-6,465.0E-6,542.5E-6,697.3E-6,774.7E-6,388.0E-3,-8.674E-3,-7.806E-3,-6.938E-3,-6.070E-3,-5.201E-3,386.0E-3,619.9E-6
388.0E-3,76.41E-6,151.7E-6,227.5E-6,303.2E-6,378.9E-6,454.6E-6,530.3E-6,681.7E-6,757.3E-6,390.0E-3,-8.567E-3,-7.710E-3,-6.852E-3,-5.995E-3,-5.137E-3,388.0E-3,606.0E-6
390.0E-3,74.70E-6,148.3E-6,222.4E-6,296.4E-6,370.4E-6,444.4E-6,518.3E-6,666.2E-6,740.2E-6,392.0E-3,-8.459E-3,-7.612E-3,-6.766E-3,-5.919E-3,-5.073E-3,390.0E-3,592.3E-6
392.0E-3,73.01E-6,144.9E-6,217.3E-6,289.6E-6,361.9E-6,434.2E-6,506.5E-6,651.0E-6,723.3E-6,394.0E-3,-8.350E-3,-7.515E-3,-6.679E-3,-5.843E-3,-5.007E-3,392.0E-3,578.8E-6
394.0E-3,71.35E-6,141.6E-6,212.3E-6,283.0E-6,353.6E-6,424.2E-6,494.8E-6,636.0E-6,706.6E-6,396.0E-3,-8.241E-3,-7.416E-3,-6.592E-3,-5.767E-3,-4.942E-3,394.0E-3,565.4E-6
396.0E-3,69.70E-6,138.3E-6,207.4E-6,276.4E-6,345.4E-6,414.3E-6,483.3E-6,621.2E-6,690.1E-6,398.0E-3,-8.131E-3,-7.317E-3,-6.504E-3,-5.690E-3,-4.876E-3,396.0E-3,552.2E-6
398.0E-3,68.08E-6,135.1E-6,202.5E-6,269.9E-6,337.2E-6,404.6E-6,471.9E-6,606.5E-6,673.8E-6,400.0E-3,-8.021E-3,-7.218E-3,-6.415E-3,-5.613E-3,-4.810E-3,398.0E-3,539.2E-6
400.0E-3,66.48E-6,131.9E-6,197.7E-6,263.5E-6,329.2E-6,394.9E-6,460.7E-6,592.1E-6,657.8E-6,402.0E-3,-7.909E-3,-7.118E-3,-6.326E-3,-5.535E-3,-4.743E-3,400.0E-3,526.4E-6
402.0E-3,64.90E-6,128.7E-6,193.0E-6,257.2E-6,321.3E-6,385.5E-6,449.6E-6,577.9E-6,642.0E-6,404.0E-3,-7.798E-3,-7.017E-3,-6.237E-3,-5.457E-3,-4.676E-3,402.0E-3,513.7E-6
404.0E-3,63.35E-6,125.6E-6,188.3E-6,250.9E-6,313.5E-6,376.1E-6,438.7E-6,563.8E-6,626.4E-6,406.0E-3,-7.685E-3,-6.916E-3,-6.147E-3,-5.378E-3,-4.609E-3,404.0E-3,501.3E-6
406.0E-3,61.81E-6,122.5E-6,183.7E-6,244.8E-6,305.8E-6,366.9E-6,427.9E-6,550.0E-6,611.0E-6,408.0E-3,-7.573E-3,-6.815E-3,-6.057E-3,-5.299E-3,-4.541E-3,406.0E-3,489.0E-6
408.0E-3,60.30E-6,119.5E-6,179.2E-6,238.7E-6,298.3E-6,357.8E-6,417.3E-6,536.4E-6,595.9E-6,410.0E-3,-7.460E-3,-6.713E-3,-5.967E-3,-5.220E-3,-4.474E-3,408.0E-3,476.8E-6
410.0E-3,58.81E-6,116.6E-6,174.7E-6,232.8E-6,290.8E-6,348.9E-6,406.9E-6,522.9E-6,580.9E-6,412.0E-3,-7.346E-3,-6.611E-3,-5.876E-3,-5.141E-3,-4.406E-3,410.0E-3,464.9E-6
412.0E-3,57.34E-6,113.6E-6,170.3E-6,226.9E-6,283.5E-6,340.1E-6,396.6E-6,509.7E-6,566.3E-6,414.0E-3,-7.232E-3,-6.508E-3,-5.785E-3,-5.061E-3,-4.337E-3,412.0E-3,453.2E-6
414.0E-3,55.90E-6,110.7E-6,166.0E-6,221.1E-6,276.3E-6,331.4E-6,386.5E-6,496.7E-6,551.8E-6,416.0E-3,-7.118E-3,-6.406E-3,-5.693E-3,-4.981E-3,-4.269E-3,414.0E-3,441.6E-6
416.0E-3,54.47E-6,107.9E-6,161.7E-6,215.4E-6,269.1E-6,322.8E-6,376.5E-6,483.9E-6,537.6E-6,418.0E-3,-7.003E-3,-6.303E-3,-5.602E-3,-4.901E-3,-4.200E-3,416.0E-3,430.2E-6
418.0E-3,53.07E-6,105.1E-6,157.5E-6,209.8E-6,262.1E-6,314.4E-6,366.7E-6,471.3E-6,523.5E-6,420.0E-3,-6.889E-3,-6.199E-3,-5.510E-3,-4.821E-3,-4.131E-3,418.0E-3,419.0E-6
420.0E-3,51.70E-6,102.4E-6,153.4E-6,204.3E-6,255.3E-6,306.2E-6,357.1E-6,458.9E-6,509.8E-6,422.0E-3,-6.774E-3,-6.096E-3,-5.418E-3,-4.740E-3,-4.063E-3,420.0E-3,408.0E-6
422.0E-3,50.34E-6,99.67E-6,149.3E-6,198.9E-6,248.5E-6,298.1E-6,347.6E-6,446.7E-6,496.2E-6,424.0E-3,-6.659E-3,-5.992E-3,-5.326E-3,-4.660E-3,-3.994E-3,422.0E-3,397.1E-6
424.0E-3,49.01E-6,97.02E-6,145.3E-6,193.6E-6,241.8E-6,290.1E-6,338.3E-6,434.7E-6,482.9E-6,426.0E-3,-6.543E-3,-5.889E-3,-5.234E-3,-4.579E-3,-3.925E-3,424.0E-3,386.5E-6
426.0E-3,47.70E-6,94.41E-6,141.4E-6,188.4E-6,235.3E-6,282.2E-6,329.1E-6,422.9E-6,469.8E-6,428.0E-3,-6.428E-3,-5.785E-3,-5.142E-3,-4.499E-3,-3.856E-3,426.0E-3,376.0E-6
428.0E-3,46.41E-6,91.84E-6,137.6E-6,183.2E-6,228.9E-6,274.5E-6,320.1E-6,411.4E-6,457.0E-6,430.0E-3,-6.313E-3,-5.682E-3,-5.050E-3,-4.418E-3,-3.787E-3,428.0E-3,365.7E-6
430.0E-3,45.15E-6,89.32E-6,133.8E-6,178.2E-6,222.6E-6,266.9E-6,311.3E-6,400.0E-6,444.3E-6,432.0E-3,-6.198E-3,-5.578E-3,-4.958E-3,-4.338E-3,-3.718E-3,430.0E-3,355.6E-6
432.0E-3,43.90E-6,86.85E-6,130.1E-6,173.2E-6,216.4E-6,259.5E-6,302.6E-6,388.8E-6,431.9E-6,434.0E-3,-6.083E-3,-5.475E-3,-4.866E-3,-4.257E-3,-3.649E-3,432.0E-3,345.7E-6
434.0E-3,42.69E-6,84.43E-6,126.4E-6,168.4E-6,210.3E-6,252.2E-6,294.1E-6,377.9E-6,419.8E-6,436.0E-3,-5.968E-3,-5.371E-3,-4.774E-3,-4.177E-3,-3.580E-3,434.0E-3,336.0E-6
436.0E-3,41.49E-6,82.04E-6,122.8E-6,163.6E-6,204.3E-6,245.0E-6,285.7E-6,367.1E-6,407.8E-6,438.0E-3,-5.854E-3,-5.268E-3,-4.683E-3,-4.097E-3,-3.511E-3,436.0E-3,326.4E-6
438.0E-3,40.31E-6,79.71E-6,119.3E-6,158.9E-6,198.5E-6,238.0E-6,277.5E-6,356.6E-6,396.1E-6,440.0E-3,-5.739E-3,-5.165E-3,-4.591E-3,-4.017E-3,-3.443E-3,438.0E-3,317.1E-6
440.0E-3,39.16E-6,77.42E-6,115.9E-6,154.3E-6,192.7E-6,231.1E-6,269.5E-6,346.3E-6,384.7E-6,442.0E-3,-5.625E-3,-5.063E-3,-4.500E-3,-3.937E-3,-3.375E-3,440.0E-3,307.9E-6
442.0E-3,38.03E-6,75.17E-6,112.5E-6,149.8E-6,187.1E-6,224.4E-6,261.6E-6,336.2E-6,373.4E-6,444.0E-3,-5.512E-3,-4.960E-3,-4.409E-3,-3.858E-3,-3.307E-3,442.0E-3,298.9E-6
444.0E-3,36.93E-6,72.97E-6,109.2E-6,145.4E-6,181.6E-6,217.8E-6,253.9E-6,326.2E-6,362.4E-6,446.0E-3,-5.399E-3,-4.859E-3,-4.319E-3,-3.779E-3,-3.239E-3,444.0E-3,290.1E-6
446.0E-3,35.84E-6,70.82E-6,106.0E-6,141.1E-6,176.2E-6,211.3E-6,246.4E-6,316.5E-6,351.6E-6,448.0E-3,-5.286E-3,-4.757E-3,-4.229E-3,-3.700E-3,-3.171E-3,446.0E-3,281.4E-6
448.0E-3,34.78E-6,68.71E-6,102.8E-6,136.9E-6,170.9E-6,204.9E-6,239.0E-6,307.0E-6,341.0E-6,450.0E-3,-5.174E-3,-4.656E-3,-4.139E-3,-3.622E-3,-3.104E-3,448.0E-3,273.0E-6
450.0E-3,33.74E-6,66.64E-6,99.72E-6,132.7E-6,165.7E-6,198.7E-6,231.7E-6,297.7E-6,330.7E-6,452.0E-3,-5.062E-3,-4.556E-3,-4.050E-3,-3.544E-3,-3.037E-3,450.0E-3,264.7E-6
452.0E-3,32.72E-6,64.62E-6,96.68E-6,128.7E-6,160.7E-6,192.7E-6,224.6E-6,288.6E-6,320.5E-6,454.0E-3,-4.952E-3,-4.456E-3,-3.961E-3,-3.466E-3,-2.971E-3,452.0E-3,256.6E-6
454.0E-3,31.73E-6,62.64E-6,93.71E-6,124.7E-6,155.7E-6,186.7E-6,217.7E-6,279.7E-6,310.6E-6,456.0E-3,-4.841E-3,-4.357E-3,-3.873E-3,-3.389E-3,-2.905E-3,454.0E-3,248.7E-6
456.0E-3,30.75E-6,60.71E-6,90.81E-6,120.9E-6,150.9E-6,180.9E-6,210.9E-6,270.9E-6,301.0E-6,458.0E-3,-4.732E-3,-4.259E-3,-3.786E-3,-3.313E-3,-2.840E-3,456.0E-3,240.9E-6
458.0E-3,29.80E-6,58.82E-6,87.97E-6,117.1E-6,146.2E-6,175.2E-6,204.3E-6,262.4E-6,291.5E-6,460.0E-3,-4.624E-3,-4.161E-3,-3.699E-3,-3.237E-3,-2.774E-3,458.0E-3,233.4E-6
460.0E-3,28.87E-6,56.97E-6,85.19E-6,113.4E-6,141.5E-6,169.7E-6,197.8E-6,254.1E-6,282.2E-6,462.0E-3,-4.516E-3,-4.064E-3,-3.613E-3,-3.161E-3,-2.710E-3,460.0E-3,226.0E-6
462.0E-3,27.96E-6,55.16E-6,82.48E-6,109.8E-6,137.0E-6,164.3E-6,191.5E-6,246.0E-6,273.2E-6,464.0E-3,-4.409E-3,-3.968E-3,-3.528E-3,-3.087E-3,-2.646E-3,462.0E-3,218.7E-6
464.0E-3,27.07E-6,53.40E-6,79.84E-6,106.2E-6,132.6E-6,159.0E-6,185.3E-6,238.0E-6,264.4E-6,466.0E-3,-4.303E-3,-3.873E-3,-3.443E-3,-3.013E-3,-2.583E-3,464.0E-3,211.7E-6
466.0E-3,26.20E-6,51.68E-6,77.25E-6,102.8E-6,128.3E-6,153.8E-6,179.3E-6,230.3E-6,255.8E-6,468.0E-3,-4.199E-3,-3.779E-3,-3.359E-3,-2.940E-3,-2.520E-3,466.0E-3,204.8E-6
468.0E-3,25.36E-6,50.00E-6,74.73E-6,99.43E-6,124.1E-6,148.8E-6,173.4E-6,222.7E-6,247.4E-6,470.0E-3,-4.095E-3,-3.686E-3,-3.276E-3,-2.867E-3,-2.458E-3,468.0E-3,198.1E-6
470.0E-3,24.53E-6,48.36E-6,72.28E-6,96.15E-6,120.0E-6,143.8E-6,167.7E-6,215.4E-6,239.2E-6,472.0E-3,-3.992E-3,-3.593E-3,-3.194E-3,-2.795E-3,-2.396E-3,470.0E-3,191.5E-6
472.0E-3,23.72E-6,46.76E-6,69.88E-6,92.95E-6,116.0E-6,139.1E-6,162.1E-6,208.2E-6,231.2E-6,474.0E-3,-3.891E-3,-3.502E-3,-3.113E-3,-2.724E-3,-2.336E-3,472.0E-3,185.1E-6
474.0E-3,22.94E-6,45.21E-6,67.54E-6,89.84E-6,112.1E-6,134.4E-6,156.6E-6,201.2E-6,223.4E-6,476.0E-3,-3.791E-3,-3.412E-3,-3.033E-3,-2.654E-3,-2.275E-3,474.0E-3,178.9E-6
476.0E-3,22.17E-6,43.69E-6,65.27E-6,86.80E-6,108.3E-6,129.8E-6,151.3E-6,194.3E-6,215.8E-6,478.0E-3,-3.692E-3,-3.323E-3,-2.954E-3,-2.585E-3,-2.216E-3,476.0E-3,172.8E-6
478.0E-3,21.42E-6,42.21E-6,63.05E-6,83.85E-6,104.6E-6,125.4E-6,146.2E-6,187.7E-6,208.5E-6,480.0E-3,-3.594E-3,-3.235E-3,-2.876E-3,-2.517E-3,-2.158E-3,478.0E-3,166.9E-6
480.0E-3,20.70E-6,40.77E-6,60.89E-6,80.97E-6,101.0E-6,121.1E-6,141.1E-6,181.2E-6,201.3E-6,482.0E-3,-3.497E-3,-3.148E-3,-2.799E-3,-2.449E-3,-2.100E-3,480.0E-3,161.2E-6
482.0E-3,19.99E-6,39.37E-6,58.79E-6,78.17E-6,97.53E-6,116.9E-6,136.2E-6,174.9E-6,194.3E-6,484.0E-3,-3.402E-3,-3.063E-3,-2.723E-3,-2.383E-3,-2.043E-3,482.0E-3,155.6E-6
484.0E-3,19.30E-6,38.01E-6,56.74E-6,75.44E-6,94.12E-6,112.8E-6,131.5E-6,168.8E-6,187.5E-6,486.0E-3,-3.309E-3,-2.978E-3,-2.648E-3,-2.317E-3,-1.987E-3,484.0E-3,150.1E-6
486.0E-3,18.63E-6,36.68E-6,54.75E-6,72.79E-6,90.81E-6,108.8E-6,126.8E-6,162.9E-6,180.9E-6,488.0E-3,-3.216E-3,-2.895E-3,-2.574E-3,-2.253E-3,-1.931E-3,486.0E-3,144.8E-6
488.0E-3,17.98E-6,35.39E-6,52.82E-6,70.21E-6,87.59E-6,105.0E-6,122.3E-6,157.1E-6,174.4E-6,490.0E-3,-3.126E-3,-2.813E-3,-2.501E-3,-2.189E-3,-1.877E-3,488.0E-3,139.7E-6
490.0E-3,17.34E-6,34.14E-6,50.94E-6,67.71E-6,84.46E-6,101.2E-6,118.0E-6,151.4E-6,168.2E-6,492.0E-3,-3.036E-3,-2.733E-3,-2.430E-3,-2.127E-3,-1.823E-3,490.0E-3,134.7E-6
492.0E-3,16.73E-6,32.92E-6,49.11E-6,65.27E-6,81.42E-6,97.56E-6,113.7E-6,146.0E-6,162.1E-6,494.0E-3,-2.948E-3,-2.654E-3,-2.360E-3,-2.065E-3,-1.771E-3,492.0E-3,129.8E-6
494.0E-3,16.13E-6,31.74E-6,47.34E-6,62.91E-6,78.47E-6,94.02E-6,109.6E-6,140.7E-6,156.2E-6,496.0E-3,-2.862E-3,-2.576E-3,-2.291E-3,-2.005E-3,-1.719E-3,494.0E-3,125.1E-6
496.0E-3,15.55E-6,30.59E-6,45.62E-6,60.62E-6,75.60E-6,90.58E-6,105.6E-6,135.5E-6,150.5E-6,498.0E-3,-2.777E-3,-2.500E-3,-2.223E-3,-1.946E-3,-1.668E-3,496.0E-3,120.5E-6
498.0E-3,14.98E-6,29.47E-6,43.94E-6,58.39E-6,72.82E-6,87.25E-6,101.7E-6,130.5E-6,144.9E-6,500.0E-3,-2.694E-3,-2.425E-3,-2.156E-3,-1.887E-3,-1.618E-3,498.0E-3,116.1E-6
500.0E-3,14.44E-6,28.39E-6,42.32E-6,56.23E-6,70.12E-6,84.01E-6,97.90E-6,125.7E-6,139.5E-6,502.0E-3,-2.612E-3,-2.352E-3,-2.091E-3,-1.830E-3,-1.569E-3,500.0E-3,111.8E-6
502.0E-3,13.90E-6,27.34E-6,40.75E-6,54.13E-6,67.51E-6,80.87E-6,94.24E-6,121.0E-6,134.3E-6,504.0E-3,-2.532E-3,-2.280E-3,-2.027E-3,-1.774E-3,-1.521E-3,502.0E-3,107.6E-6
504.0E-3,13.39E-6,26.32E-6,39.22E-6,52.10E-6,64.97E-6,77.83E-6,90.69E-6,116.4E-6,129.3E-6,506.0E-3,-2.454E-3,-2.209E-3,-1.964E-3,-1.719E-3,-1.474E-3,504.0E-3,103.5E-6
506.0E-3,12.89E-6,25.33E-6,37.75E-6,50.13E-6,62.51E-6,74.88E-6,87.25E-6,112.0E-6,124.3E-6,508.0E-3,-2.377E-3,-2.140E-3,-1.903E-3,-1.665E-3,-1.428E-3,506.0E-3,99.62E-6
508.0E-3,12.40E-6,24.38E-6,36.31E-6,48.23E-6,60.13E-6,72.02E-6,83.92E-6,107.7E-6,119.6E-6,510.0E-3,-2.302E-3,-2.072E-3,-1.842E-3,-1.613E-3,-1.383E-3,508.0E-3,95.81E-6
510.0E-3,11.93E-6,23.45E-6,34.93E-6,46.38E-6,57.82E-6,69.26E-6,80.69E-6,103.6E-6,115.0E-6,512.0E-3,-2.228E-3,-2.006E-3,-1.783E-3,-1.561E-3,-1.339E-3,510.0E-3,92.13E-6
512.0E-3,11.48E-6,22.55E-6,33.58E-6,44.59E-6,55.59E-6,66.58E-6,77.57E-6,99.55E-6,110.5E-6,514.0E-3,-2.156E-3,-1.941E-3,-1.726E-3,-1.511E-3,-1.296E-3,512.0E-3,88.56E-6
514.0E-3,11.04E-6,21.68E-6,32.28E-6,42.86E-6,53.43E-6,63.99E-6,74.55E-6,95.66E-6,106.2E-6,516.0E-3,-2.085E-3,-1.878E-3,-1.670E-3,-1.462E-3,-1.254E-3,514.0E-3,85.11E-6
516.0E-3,10.61E-6,20.84E-6,31.03E-6,41.18E-6,51.34E-6,61.48E-6,71.63E-6,91.91E-6,102.0E-6,518.0E-3,-2.017E-3,-1.816E-3,-1.615E-3,-1.413E-3,-1.212E-3,516.0E-3,81.77E-6
518.0E-3,10.20E-6,20.03E-6,29.81E-6,39.57E-6,49.31E-6,59.06E-6,68.80E-6,88.28E-6,98.02E-6,520.0E-3,-1.949E-3,-1.755E-3,-1.561E-3,-1.366E-3,-1.172E-3,518.0E-3,78.54E-6
520.0E-3,9.802E-6,19.24E-6,28.63E-6,38.00E-6,47.36E-6,56.71E-6,66.07E-6,84.77E-6,94.12E-6,522.0E-3,-1.884E-3,-1.696E-3,-1.508E-3,-1.321E-3,-1.133E-3,520.0E-3,75.42E-6
522.0E-3,9.416E-6,18.48E-6,27.49E-6,36.49E-6,45.47E-6,54.45E-6,63.43E-6,81.38E-6,90.35E-6,524.0E-3,-1.820E-3,-1.639E-3,-1.457E-3,-1.276E-3,-1.094E-3,522.0E-3,72.40E-6
524.0E-3,9.043E-6,17.75E-6,26.40E-6,35.02E-6,43.64E-6,52.26E-6,60.87E-6,78.10E-6,86.71E-6,526.0E-3,-1.758E-3,-1.582E-3,-1.407E-3,-1.232E-3,-1.057E-3,524.0E-3,69.49E-6
526.0E-3,8.683E-6,17.04E-6,25.33E-6,33.61E-6,41.88E-6,50.15E-6,58.41E-6,74.93E-6,83.19E-6,528.0E-3,-1.697E-3,-1.528E-3,-1.359E-3,-1.190E-3,-1.020E-3,526.0E-3,66.67E-6
528.0E-3,8.334E-6,16.35E-6,24.31E-6,32.25E-6,40.18E-6,48.10E-6,56.03E-6,71.88E-6,79.80E-6,530.0E-3,-1.638E-3,-1.474E-3,-1.311E-3,-1.148E-3,-985.0E-6,528.0E-3,63.95E-6
530.0E-3,7.998E-6,15.69E-6,23.32E-6,30.93E-6,38.53E-6,46.13E-6,53.73E-6,68.93E-6,76.53E-6,532.0E-3,-1.580E-3,-1.423E-3,-1.265E-3,-1.108E-3,-950.4E-6,530.0E-3,61.33E-6
532.0E-3,7.673E-6,15.05E-6,22.36E-6,29.66E-6,36.95E-6,44.23E-6,51.52E-6,66.08E-6,73.37E-6,534.0E-3,-1.524E-3,-1.372E-3,-1.220E-3,-1.069E-3,-916.7E-6,532.0E-3,58.80E-6
534.0E-3,7.360E-6,14.43E-6,21.44E-6,28.43E-6,35.42E-6,42.40E-6,49.38E-6,63.34E-6,70.32E-6,536.0E-3,-1.469E-3,-1.323E-3,-1.177E-3,-1.030E-3,-884.0E-6,534.0E-3,56.36E-6
536.0E-3,7.058E-6,13.84E-6,20.55E-6,27.25E-6,33.94E-6,40.63E-6,47.32E-6,60.69E-6,67.38E-6,538.0E-3,-1.416E-3,-1.275E-3,-1.134E-3,-993.2E-6,-852.2E-6,536.0E-3,54.01E-6
538.0E-3,6.766E-6,13.26E-6,19.69E-6,26.11E-6,32.52E-6,38.93E-6,45.33E-6,58.14E-6,64.55E-6,540.0E-3,-1.365E-3,-1.229E-3,-1.093E-3,-957.1E-6,-821.2E-6,538.0E-3,51.74E-6
540.0E-3,6.485E-6,12.71E-6,18.87E-6,25.01E-6,31.15E-6,37.29E-6,43.42E-6,55.68E-6,61.82E-6,542.0E-3,-1.315E-3,-1.184E-3,-1.053E-3,-922.1E-6,-791.2E-6,540.0E-3,49.55E-6
542.0E-3,6.214E-6,12.18E-6,18.07E-6,23.95E-6,29.83E-6,35.70E-6,41.58E-6,53.32E-6,59.19E-6,544.0E-3,-1.266E-3,-1.140E-3,-1.014E-3,-888.0E-6,-762.0E-6,542.0E-3,47.45E-6
544.0E-3,5.952E-6,11.66E-6,17.30E-6,22.93E-6,28.56E-6,34.18E-6,39.80E-6,51.04E-6,56.66E-6,546.0E-3,-1.219E-3,-1.098E-3,-976.3E-6,-855.0E-6,-733.7E-6,544.0E-3,45.42E-6
546.0E-3,5.701E-6,11.17E-6,16.57E-6,21.95E-6,27.33E-6,32.71E-6,38.09E-6,48.84E-6,54.22E-6,548.0E-3,-1.173E-3,-1.056E-3,-939.6E-6,-822.9E-6,-706.2E-6,546.0E-3,43.47E-6
548.0E-3,5.458E-6,10.69E-6,15.85E-6,21.01E-6,26.15E-6,31.30E-6,36.44E-6,46.73E-6,51.87E-6,550.0E-3,-1.129E-3,-1.016E-3,-904.1E-6,-791.8E-6,-679.5E-6,548.0E-3,41.59E-6
550.0E-3,5.225E-6,10.23E-6,15.17E-6,20.10E-6,25.02E-6,29.94E-6,34.86E-6,44.70E-6,49.61E-6,552.0E-3,-1.086E-3,-977.6E-6,-869.6E-6,-761.6E-6,-653.7E-6,550.0E-3,39.78E-6
552.0E-3,5.000E-6,9.790E-6,14.51E-6,19.22E-6,23.93E-6,28.63E-6,33.34E-6,42.74E-6,47.44E-6,554.0E-3,-1.044E-3,-940.0E-6,-836.2E-6,-732.4E-6,-628.6E-6,552.0E-3,38.04E-6
554.0E-3,4.784E-6,9.364E-6,13.88E-6,18.38E-6,22.88E-6,27.38E-6,31.87E-6,40.86E-6,45.36E-6,556.0E-3,-1.003E-3,-903.6E-6,-803.9E-6,-704.1E-6,-604.3E-6,554.0E-3,36.37E-6
556.0E-3,4.575E-6,8.955E-6,13.27E-6,17.57E-6,21.87E-6,26.17E-6,30.46E-6,39.05E-6,43.35E-6,558.0E-3,-964.3E-6,-868.4E-6,-772.6E-6,-676.7E-6,-580.8E-6,556.0E-3,34.76E-6
558.0E-3,4.375E-6,8.562E-6,12.68E-6,16.79E-6,20.90E-6,25.01E-6,29.11E-6,37.32E-6,41.42E-6,560.0E-3,-926.4E-6,-834.3E-6,-742.3E-6,-650.2E-6,-558.1E-6,558.0E-3,33.21E-6
560.0E-3,4.183E-6,8.184E-6,12.12E-6,16.05E-6,19.97E-6,23.89E-6,27.81E-6,35.65E-6,39.57E-6,562.0E-3,-889.7E-6,-801.3E-6,-712.9E-6,-624.5E-6,-536.1E-6,560.0E-3,31.73E-6
562.0E-3,3.998E-6,7.820E-6,11.58E-6,15.33E-6,19.07E-6,22.82E-6,26.56E-6,34.05E-6,37.79E-6,564.0E-3,-854.3E-6,-769.4E-6,-684.6E-6,-599.7E-6,-514.8E-6,562.0E-3,30.30E-6
564.0E-3,3.820E-6,7.471E-6,11.06E-6,14.64E-6,18.21E-6,21.79E-6,25.36E-6,32.51E-6,36.08E-6,566.0E-3,-820.0E-6,-738.6E-6,-657.1E-6,-575.7E-6,-494.2E-6,564.0E-3,28.93E-6
566.0E-3,3.649E-6,7.136E-6,10.56E-6,13.97E-6,17.39E-6,20.80E-6,24.21E-6,31.03E-6,34.44E-6,568.0E-3,-786.9E-6,-708.8E-6,-630.6E-6,-552.5E-6,-474.3E-6,566.0E-3,27.62E-6
568.0E-3,3.485E-6,6.814E-6,10.08E-6,13.34E-6,16.60E-6,19.85E-6,23.11E-6,29.61E-6,32.87E-6,570.0E-3,-754.9E-6,-680.0E-6,-605.0E-6,-530.0E-6,-455.1E-6,568.0E-3,26.36E-6
570.0E-3,3.328E-6,6.505E-6,9.620E-6,12.73E-6,15.84E-6,18.94E-6,22.05E-6,28.25E-6,31.36E-6,572.0E-3,-724.0E-6,-652.2E-6,-580.3E-6,-508.4E-6,-436.5E-6,570.0E-3,25.15E-6
572.0E-3,3.177E-6,6.208E-6,9.179E-6,12.14E-6,15.11E-6,18.07E-6,21.03E-6,26.95E-6,29.91E-6,574.0E-3,-694.2E-6,-625.3E-6,-556.4E-6,-487.5E-6,-418.6E-6,572.0E-3,23.99E-6
574.0E-3,3.031E-6,5.923E-6,8.756E-6,11.58E-6,14.41E-6,17.23E-6,20.05E-6,25.70E-6,28.52E-6,576.0E-3,-665.4E-6,-599.4E-6,-533.3E-6,-467.3E-6,-401.2E-6,574.0E-3,22.88E-6
576.0E-3,2.892E-6,5.650E-6,8.350E-6,11.04E-6,13.74E-6,16.43E-6,19.12E-6,24.50E-6,27.19E-6,578.0E-3,-637.6E-6,-574.4E-6,-511.1E-6,-447.8E-6,-384.5E-6,576.0E-3,21.81E-6
578.0E-3,2.759E-6,5.388E-6,7.961E-6,10.53E-6,13.09E-6,15.66E-6,18.22E-6,23.35E-6,25.91E-6,580.0E-3,-610.8E-6,-550.2E-6,-489.6E-6,-429.0E-6,-368.4E-6,578.0E-3,20.79E-6
580.0E-3,2.631E-6,5.137E-6,7.588E-6,10.03E-6,12.48E-6,14.92E-6,17.37E-6,22.25E-6,24.69E-6,582.0E-3,-585.0E-6,-527.0E-6,-469.0E-6,-410.9E-6,-352.9E-6,580.0E-3,19.81E-6
582.0E-3,2.508E-6,4.896E-6,7.231E-6,9.561E-6,11.89E-6,14.22E-6,16.54E-6,21.20E-6,23.52E-6,584.0E-3,-560.1E-6,-504.6E-6,-449.0E-6,-393.5E-6,-337.9E-6,582.0E-3,18.87E-6
584.0E-3,2.390E-6,4.666E-6,6.889E-6,9.108E-6,11.32E-6,13.54E-6,15.76E-6,20.19E-6,22.40E-6,586.0E-3,-536.1E-6,-483.0E-6,-429.8E-6,-376.7E-6,-323.5E-6,584.0E-3,17.97E-6
586.0E-3,2.278E-6,4.445E-6,6.561E-6,8.673E-6,10.78E-6,12.89E-6,15.00E-6,19.22E-6,21.33E-6,588.0E-3,-513.0E-6,-462.2E-6,-411.3E-6,-360.5E-6,-309.6E-6,586.0E-3,17.11E-6
588.0E-3,2.170E-6,4.233E-6,6.248E-6,8.258E-6,10.27E-6,12.27E-6,14.28E-6,18.30E-6,20.30E-6,590.0E-3,-490.8E-6,-442.1E-6,-393.5E-6,-344.8E-6,-296.2E-6,588.0E-3,16.29E-6
590.0E-3,2.066E-6,4.031E-6,5.947E-6,7.860E-6,9.771E-6,11.68E-6,13.59E-6,17.41E-6,19.32E-6,592.0E-3,-469.4E-6,-422.9E-6,-376.3E-6,-329.8E-6,-283.3E-6,590.0E-3,15.50E-6
592.0E-3,1.967E-6,3.837E-6,5.660E-6,7.480E-6,9.298E-6,11.12E-6,12.93E-6,16.57E-6,18.38E-6,594.0E-3,-448.8E-6,-404.3E-6,-359.8E-6,-315.4E-6,-270.9E-6,592.0E-3,14.75E-6
594.0E-3,1.873E-6,3.652E-6,5.385E-6,7.116E-6,8.845E-6,10.57E-6,12.30E-6,15.76E-6,17.49E-6,596.0E-3,-428.9E-6,-386.4E-6,-344.0E-6,-301.5E-6,-259.0E-6,594.0E-3,14.03E-6
596.0E-3,1.782E-6,3.474E-6,5.123E-6,6.768E-6,8.412E-6,10.06E-6,11.70E-6,14.98E-6,16.63E-6,598.0E-3,-409.9E-6,-369.3E-6,-328.7E-6,-288.1E-6,-247.5E-6,596.0E-3,13.34E-6
598.0E-3,1.696E-6,3.305E-6,4.872E-6,6.436E-6,7.998E-6,9.561E-6,11.12E-6,14.25E-6,15.81E-6,600.0E-3,-391.5E-6,-352.8E-6,-314.0E-6,-275.2E-6,-236.4E-6,598.0E-3,12.68E-6
600.0E-3,1.613E-6,3.143E-6,4.632E-6,6.118E-6,7.603E-6,9.088E-6,10.57E-6,13.54E-6,15.02E-6,602.0E-3,-373.9E-6,-336.9E-6,-299.9E-6,-262.9E-6,-225.8E-6,600.0E-3,12.06E-6
602.0E-3,1.533E-6,2.988E-6,4.402E-6,5.814E-6,7.226E-6,8.636E-6,10.05E-6,12.87E-6,14.28E-6,604.0E-3,-357.0E-6,-321.7E-6,-286.3E-6,-251.0E-6,-215.6E-6,602.0E-3,11.46E-6
604.0E-3,1.458E-6,2.840E-6,4.183E-6,5.525E-6,6.865E-6,8.205E-6,9.545E-6,12.22E-6,13.56E-6,606.0E-3,-340.7E-6,-307.0E-6,-273.3E-6,-239.6E-6,-205.8E-6,604.0E-3,10.88E-6
606.0E-3,1.386E-6,2.698E-6,3.974E-6,5.248E-6,6.521E-6,7.793E-6,9.066E-6,11.61E-6,12.88E-6,608.0E-3,-325.1E-6,-293.0E-6,-260.8E-6,-228.6E-6,-196.4E-6,606.0E-3,10.34E-6
608.0E-3,1.316E-6,2.563E-6,3.774E-6,4.984E-6,6.192E-6,7.400E-6,8.608E-6,11.02E-6,12.23E-6,610.0E-3,-310.2E-6,-279.5E-6,-248.8E-6,-218.1E-6,-187.4E-6,608.0E-3,9.816E-6
610.0E-3,1.251E-6,2.434E-6,3.584E-6,4.732E-6,5.879E-6,7.026E-6,8.172E-6,10.46E-6,11.61E-6,612.0E-3,-295.8E-6,-266.5E-6,-237.3E-6,-208.0E-6,-178.8E-6,610.0E-3,9.318E-6
612.0E-3,1.188E-6,2.311E-6,3.402E-6,4.491E-6,5.580E-6,6.668E-6,7.756E-6,9.932E-6,11.02E-6,614.0E-3,-282.0E-6,-254.1E-6,-226.2E-6,-198.3E-6,-170.4E-6,612.0E-3,8.844E-6
614.0E-3,1.127E-6,2.194E-6,3.229E-6,4.262E-6,5.295E-6,6.327E-6,7.359E-6,9.423E-6,10.46E-6,616.0E-3,-268.8E-6,-242.2E-6,-215.6E-6,-189.1E-6,-162.5E-6,614.0E-3,8.391E-6
616.0E-3,1.070E-6,2.082E-6,3.063E-6,4.044E-6,5.023E-6,6.002E-6,6.981E-6,8.939E-6,9.918E-6,618.0E-3,-256.1E-6,-230.8E-6,-205.5E-6,-180.2E-6,-154.8E-6,616.0E-3,7.960E-6
618.0E-3,1.016E-6,1.975E-6,2.906E-6,3.835E-6,4.764E-6,5.693E-6,6.621E-6,8.477E-6,9.406E-6,620.0E-3,-244.0E-6,-219.9E-6,-195.7E-6,-171.6E-6,-147.5E-6,618.0E-3,7.549E-6
620.0E-3,963.4E-9,1.873E-6,2.756E-6,3.637E-6,4.517E-6,5.398E-6,6.278E-6,8.038E-6,8.918E-6,622.0E-3,-232.3E-6,-209.4E-6,-186.4E-6,-163.4E-6,-140.5E-6,620.0E-3,7.158E-6
622.0E-3,913.7E-9,1.776E-6,2.613E-6,3.448E-6,4.282E-6,5.117E-6,5.951E-6,7.619E-6,8.453E-6,624.0E-3,-221.2E-6,-199.3E-6,-177.5E-6,-155.6E-6,-133.8E-6,622.0E-3,6.785E-6
624.0E-3,866.4E-9,1.684E-6,2.476E-6,3.268E-6,4.058E-6,4.849E-6,5.640E-6,7.220E-6,8.011E-6,626.0E-3,-210.5E-6,-189.7E-6,-168.9E-6,-148.1E-6,-127.3E-6,624.0E-3,6.430E-6
626.0E-3,821.3E-9,1.596E-6,2.347E-6,3.096E-6,3.845E-6,4.594E-6,5.343E-6,6.841E-6,7.590E-6,628.0E-3,-200.3E-6,-180.5E-6,-160.7E-6,-141.0E-6,-121.2E-6,626.0E-3,6.092E-6
628.0E-3,778.4E-9,1.512E-6,2.223E-6,2.933E-6,3.643E-6,4.352E-6,5.061E-6,6.480E-6,7.189E-6,630.0E-3,-190.5E-6,-171.7E-6,-152.9E-6,-134.1E-6,-115.3E-6,628.0E-3,5.771E-6
630.0E-3,737.5E-9,1.433E-6,2.106E-6,2.778E-6,3.450E-6,4.122E-6,4.793E-6,6.136E-6,6.808E-6,632.0E-3,-181.2E-6,-163.3E-6,-145.4E-6,-127.5E-6,-109.6E-6,630.0E-3,5.465E-6
632.0E-3,698.6E-9,1.357E-6,1.994E-6,2.630E-6,3.266E-6,3.902E-6,4.538E-6,5.810E-6,6.445E-6,634.0E-3,-172.3E-6,-155.3E-6,-138.3E-6,-121.2E-6,-104.2E-6,632.0E-3,5.174E-6
634.0E-3,661.6E-9,1.285E-6,1.888E-6,2.490E-6,3.092E-6,3.694E-6,4.296E-6,5.499E-6,6.101E-6,636.0E-3,-163.7E-6,-147.6E-6,-131.4E-6,-115.2E-6,-99.07E-6,634.0E-3,4.897E-6
636.0E-3,626.3E-9,1.216E-6,1.787E-6,2.357E-6,2.926E-6,3.496E-6,4.065E-6,5.204E-6,5.773E-6,638.0E-3,-155.6E-6,-140.2E-6,-124.9E-6,-109.5E-6,-94.14E-6,636.0E-3,4.635E-6
638.0E-3,592.9E-9,1.151E-6,1.691E-6,2.230E-6,2.769E-6,3.307E-6,3.846E-6,4.924E-6,5.462E-6,640.0E-3,-147.8E-6,-133.2E-6,-118.6E-6,-104.0E-6,-89.43E-6,638.0E-3,4.385E-6
640.0E-3,561.0E-9,1.089E-6,1.599E-6,2.109E-6,2.619E-6,3.129E-6,3.638E-6,4.657E-6,5.167E-6,642.0E-3,-140.3E-6,-126.5E-6,-112.6E-6,-98.79E-6,-84.94E-6,640.0E-3,4.148E-6
642.0E-3,530.8E-9,1.030E-6,1.513E-6,1.995E-6,2.477E-6,2.959E-6,3.441E-6,4.404E-6,4.886E-6,644.0E-3,-133.2E-6,-120.1E-6,-106.9E-6,-93.79E-6,-80.64E-6,642.0E-3,3.922E-6
644.0E-3,502.0E-9,973.8E-9,1.430E-6,1.886E-6,2.342E-6,2.797E-6,3.253E-6,4.164E-6,4.620E-6,646.0E-3,-126.5E-6,-114.0E-6,-101.5E-6,-89.02E-6,-76.55E-6,644.0E-3,3.709E-6
646.0E-3,474.7E-9,920.6E-9,1.352E-6,1.783E-6,2.214E-6,2.644E-6,3.075E-6,3.936E-6,4.367E-6,648.0E-3,-120.0E-6,-108.2E-6,-96.31E-6,-84.48E-6,-72.64E-6,646.0E-3,3.506E-6
648.0E-3,448.8E-9,870.2E-9,1.278E-6,1.685E-6,2.092E-6,2.499E-6,2.906E-6,3.720E-6,4.127E-6,650.0E-3,-113.8E-6,-102.6E-6,-91.37E-6,-80.14E-6,-68.91E-6,648.0E-3,3.313E-6
650.0E-3,424.1E-9,822.3E-9,1.207E-6,1.592E-6,1.977E-6,2.361E-6,2.746E-6,3.515E-6,3.899E-6,652.0E-3,-107.9E-6,-97.30E-6,-86.65E-6,-76.00E-6,-65.35E-6,650.0E-3,3.130E-6
652.0E-3,400.8E-9,776.9E-9,1.141E-6,1.504E-6,1.867E-6,2.231E-6,2.594E-6,3.320E-6,3.683E-6,654.0E-3,-102.3E-6,-92.25E-6,-82.15E-6,-72.06E-6,-61.96E-6,652.0E-3,2.957E-6
654.0E-3,378.6E-9,733.8E-9,1.077E-6,1.421E-6,1.764E-6,2.107E-6,2.450E-6,3.136E-6,3.478E-6,656.0E-3,-97.00E-6,-87.44E-6,-77.87E-6,-68.30E-6,-58.74E-6,654.0E-3,2.793E-6
656.0E-3,357.6E-9,692.9E-9,1.017E-6,1.341E-6,1.665E-6,1.989E-6,2.313E-6,2.961E-6,3.284E-6,658.0E-3,-91.92E-6,-82.85E-6,-73.79E-6,-64.73E-6,-55.66E-6,656.0E-3,2.637E-6
658.0E-3,337.7E-9,654.2E-9,960.4E-9,1.266E-6,1.572E-6,1.878E-6,2.184E-6,2.795E-6,3.101E-6,660.0E-3,-87.08E-6,-78.49E-6,-69.91E-6,-61.32E-6,-52.73E-6,658.0E-3,2.489E-6
660.0E-3,318.8E-9,617.5E-9,906.5E-9,1.195E-6,1.484E-6,1.772E-6,2.061E-6,2.638E-6,2.926E-6,662.0E-3,-82.47E-6,-74.34E-6,-66.21E-6,-58.08E-6,-49.95E-6,660.0E-3,2.349E-6
662.0E-3,300.9E-9,582.7E-9,855.4E-9,1.128E-6,1.400E-6,1.673E-6,1.945E-6,2.489E-6,2.761E-6,664.0E-3,-78.09E-6,-70.39E-6,-62.69E-6,-54.99E-6,-47.29E-6,662.0E-3,2.217E-6
664.0E-3,283.9E-9,549.8E-9,807.1E-9,1.064E-6,1.321E-6,1.578E-6,1.835E-6,2.348E-6,2.605E-6,666.0E-3,-73.92E-6,-66.63E-6,-59.34E-6,-52.06E-6,-44.77E-6,664.0E-3,2.092E-6
666.0E-3,267.8E-9,518.6E-9,761.3E-9,1.004E-6,1.246E-6,1.488E-6,1.731E-6,2.215E-6,2.457E-6,668.0E-3,-69.95E-6,-63.06E-6,-56.16E-6,-49.27E-6,-42.37E-6,666.0E-3,1.973E-6
668.0E-3,252.6E-9,489.1E-9,717.9E-9,946.6E-9,1.175E-6,1.404E-6,1.632E-6,2.089E-6,2.318E-6,670.0E-3,-66.18E-6,-59.66E-6,-53.14E-6,-46.61E-6,-40.09E-6,668.0E-3,1.861E-6
670.0E-3,238.2E-9,461.1E-9,676.9E-9,892.5E-9,1.108E-6,1.323E-6,1.539E-6,1.970E-6,2.185E-6,672.0E-3,-62.60E-6,-56.43E-6,-50.26E-6,-44.09E-6,-37.92E-6,670.0E-3,1.754E-6
672.0E-3,224.6E-9,434.7E-9,638.1E-9,841.3E-9,1.044E-6,1.248E-6,1.451E-6,1.857E-6,2.060E-6,674.0E-3,-59.20E-6,-53.37E-6,-47.53E-6,-41.70E-6,-35.86E-6,672.0E-3,1.654E-6
674.0E-3,211.7E-9,409.7E-9,601.4E-9,792.9E-9,984.4E-9,1.176E-6,1.367E-6,1.750E-6,1.942E-6,676.0E-3,-55.97E-6,-50.46E-6,-44.94E-6,-39.42E-6,-33.91E-6,674.0E-3,1.559E-6
676.0E-3,199.5E-9,386.0E-9,566.7E-9,747.2E-9,927.6E-9,1.108E-6,1.288E-6,1.649E-6,1.830E-6,678.0E-3,-52.90E-6,-47.69E-6,-42.48E-6,-37.26E-6,-32.05E-6,676.0E-3,1.469E-6
678.0E-3,188.0E-9,363.7E-9,533.9E-9,704.0E-9,874.0E-9,1.044E-6,1.214E-6,1.554E-6,1.724E-6,680.0E-3,-49.99E-6,-45.07E-6,-40.14E-6,-35.21E-6,-30.29E-6,678.0E-3,1.384E-6
680.0E-3,177.1E-9,342.5E-9,502.9E-9,663.1E-9,823.3E-9,983.4E-9,1.144E-6,1.464E-6,1.624E-6,682.0E-3,-47.23E-6,-42.58E-6,-37.92E-6,-33.27E-6,-28.61E-6,680.0E-3,1.304E-6
682.0E-3,166.8E-9,322.6E-9,473.6E-9,624.5E-9,775.3E-9,926.2E-9,1.077E-6,1.379E-6,1.529E-6,684.0E-3,-44.61E-6,-40.22E-6,-35.82E-6,-31.42E-6,-27.03E-6,682.0E-3,1.228E-6
684.0E-3,157.0E-9,303.7E-9,445.9E-9,588.0E-9,730.1E-9,872.1E-9,1.014E-6,1.298E-6,1.440E-6,686.0E-3,-42.13E-6,-37.98E-6,-33.83E-6,-29.68E-6,-25.52E-6,684.0E-3,1.156E-6
686.0E-3,147.8E-9,285.9E-9,419.8E-9,553.6E-9,687.3E-9,821.1E-9,954.8E-9,1.222E-6,1.356E-6,688.0E-3,-39.77E-6,-35.85E-6,-31.94E-6,-28.02E-6,-24.10E-6,686.0E-3,1.088E-6
688.0E-3,139.2E-9,269.1E-9,395.1E-9,521.1E-9,647.0E-9,772.9E-9,898.7E-9,1.150E-6,1.276E-6,690.0E-3,-37.54E-6,-33.84E-6,-30.14E-6,-26.45E-6,-22.75E-6,688.0E-3,1.025E-6
690.0E-3,131.0E-9,253.2E-9,371.8E-9,490.4E-9,608.9E-9,727.4E-9,845.9E-9,1.083E-6,1.201E-6,692.0E-3,-35.43E-6,-31.94E-6,-28.45E-6,-24.96E-6,-21.47E-6,690.0E-3,964.3E-9
692.0E-3,123.2E-9,238.2E-9,349.8E-9,461.4E-9,572.9E-9,684.4E-9,795.9E-9,1.019E-6,1.130E-6,694.0E-3,-33.43E-6,-30.13E-6,-26.84E-6,-23.55E-6,-20.25E-6,692.0E-3,907.4E-9
694.0E-3,115.9E-9,224.1E-9,329.1E-9,434.1E-9,539.0E-9,643.9E-9,748.9E-9,958.7E-9,1.064E-6,696.0E-3,-31.53E-6,-28.42E-6,-25.32E-6,-22.21E-6,-19.10E-6,694.0E-3,853.8E-9
696.0E-3,109.0E-9,210.7E-9,309.6E-9,408.3E-9,507.0E-9,605.7E-9,704.4E-9,901.8E-9,1.001E-6,698.0E-3,-29.74E-6,-26.81E-6,-23.88E-6,-20.95E-6,-18.02E-6,696.0E-3,803.1E-9
698.0E-3,102.5E-9,198.2E-9,291.1E-9,384.0E-9,476.9E-9,569.7E-9,662.5E-9,848.2E-9,941.0E-9,700.0E-3,-28.04E-6,-25.28E-6,-22.51E-6,-19.75E-6,-16.99E-6,698.0E-3,755.4E-9
700.0E-3,96.41E-9,186.3E-9,273.7E-9,361.1E-9,448.4E-9,535.7E-9,623.0E-9,797.7E-9,885.0E-9,702.0E-3,-26.43E-6,-23.83E-6,-21.22E-6,-18.62E-6,-16.01E-6,700.0E-3,710.4E-9
702.0E-3,90.63E-9,175.1E-9,257.3E-9,339.5E-9,421.6E-9,503.7E-9,585.8E-9,750.0E-9,832.1E-9,704.0E-3,-24.91E-6,-22.46E-6,-20.00E-6,-17.55E-6,-15.09E-6,702.0E-3,667.9E-9
704.0E-3,85.18E-9,164.6E-9,241.9E-9,319.1E-9,396.3E-9,473.5E-9,550.7E-9,705.1E-9,782.3E-9,706.0E-3,-23.48E-6,-21.16E-6,-18.85E-6,-16.54E-6,-14.22E-6,704.0E-3,627.9E-9
706.0E-3,80.05E-9,154.7E-9,227.3E-9,299.9E-9,372.5E-9,445.1E-9,517.6E-9,662.8E-9,735.3E-9,708.0E-3,-22.12E-6,-19.94E-6,-17.76E-6,-15.58E-6,-13.40E-6,706.0E-3,590.2E-9
708.0E-3,75.21E-9,145.3E-9,213.6E-9,281.8E-9,350.1E-9,418.3E-9,486.5E-9,622.9E-9,691.1E-9,710.0E-3,-20.83E-6,-18.78E-6,-16.73E-6,-14.67E-6,-12.62E-6,708.0E-3,554.7E-9
710.0E-3,70.66E-9,136.5E-9,200.7E-9,264.8E-9,328.9E-9,393.0E-9,457.1E-9,585.3E-9,649.4E-9,712.0E-3,-19.62E-6,-17.69E-6,-15.75E-6,-13.82E-6,-11.89E-6,710.0E-3,521.2E-9
712.0E-3,66.37E-9,128.2E-9,188.5E-9,248.8E-9,309.0E-9,369.3E-9,429.5E-9,550.0E-9,610.2E-9,714.0E-3,-18.47E-6,-16.65E-6,-14.83E-6,-13.01E-6,-11.19E-6,712.0E-3,489.7E-9
714.0E-3,62.33E-9,120.4E-9,177.1E-9,233.7E-9,290.3E-9,346.9E-9,403.5E-9,516.7E-9,573.2E-9,716.0E-3,-17.39E-6,-15.68E-6,-13.96E-6,-12.25E-6,-10.54E-6,714.0E-3,460.1E-9
716.0E-3,58.53E-9,113.0E-9,166.3E-9,219.5E-9,272.6E-9,325.8E-9,379.0E-9,485.3E-9,538.5E-9,718.0E-3,-16.37E-6,-14.76E-6,-13.14E-6,-11.53E-6,-9.917E-6,716.0E-3,432.1E-9
718.0E-3,54.95E-9,106.1E-9,156.1E-9,206.1E-9,256.0E-9,306.0E-9,355.9E-9,455.8E-9,505.7E-9,720.0E-3,-15.41E-6,-13.89E-6,-12.37E-6,-10.85E-6,-9.332E-6,718.0E-3,405.8E-9
720.0E-3,51.58E-9,99.62E-9,146.6E-9,193.5E-9,240.4E-9,287.3E-9,334.2E-9,428.0E-9,474.9E-9,722.0E-3,-14.50E-6,-13.07E-6,-11.64E-6,-10.21E-6,-8.781E-6,720.0E-3,381.1E-9
722.0E-3,48.41E-9,93.49E-9,137.6E-9,181.7E-9,225.7E-9,269.7E-9,313.8E-9,401.9E-9,445.9E-9,724.0E-3,-13.64E-6,-12.29E-6,-10.95E-6,-9.605E-6,-8.260E-6,722.0E-3,357.8E-9
724.0E-3,45.43E-9,87.73E-9,129.1E-9,170.5E-9,211.9E-9,253.2E-9,294.6E-9,377.3E-9,418.6E-9,726.0E-3,-12.83E-6,-11.56E-6,-10.30E-6,-9.035E-6,-7.770E-6,724.0E-3,335.9E-9
726.0E-3,42.63E-9,82.32E-9,121.2E-9,160.0E-9,198.9E-9,237.7E-9,276.5E-9,354.1E-9,393.0E-9,728.0E-3,-12.07E-6,-10.88E-6,-9.686E-6,-8.497E-6,-7.307E-6,726.0E-3,315.3E-9
728.0E-3,39.99E-9,77.23E-9,113.7E-9,150.2E-9,186.6E-9,223.1E-9,259.5E-9,332.4E-9,368.8E-9,730.0E-3,-11.35E-6,-10.23E-6,-9.108E-6,-7.989E-6,-6.870E-6,728.0E-3,296.0E-9
730.0E-3,37.52E-9,72.44E-9,106.7E-9,140.9E-9,175.1E-9,209.3E-9,243.5E-9,311.9E-9,346.1E-9,732.0E-3,-10.67E-6,-9.615E-6,-8.563E-6,-7.511E-6,-6.459E-6,730.0E-3,277.7E-9
732.0E-3,35.19E-9,67.94E-9,100.1E-9,132.2E-9,164.3E-9,196.4E-9,228.5E-9,292.7E-9,324.8E-9,734.0E-3,-10.03E-6,-9.038E-6,-8.049E-6,-7.060E-6,-6.071E-6,732.0E-3,260.6E-9
734.0E-3,33.00E-9,63.72E-9,93.88E-9,124.0E-9,154.1E-9,184.3E-9,214.4E-9,274.6E-9,304.8E-9,736.0E-3,-9.424E-6,-8.495E-6,-7.565E-6,-6.636E-6,-5.706E-6,734.0E-3,244.5E-9
736.0E-3,30.94E-9,59.74E-9,88.04E-9,116.3E-9,144.6E-9,172.9E-9,201.1E-9,257.6E-9,285.9E-9,738.0E-3,-8.857E-6,-7.983E-6,-7.109E-6,-6.236E-6,-5.362E-6,736.0E-3,229.4E-9
738.0E-3,29.01E-9,56.01E-9,82.56E-9,109.1E-9,135.6E-9,162.1E-9,188.7E-9,241.7E-9,268.2E-9,740.0E-3,-8.322E-6,-7.501E-6,-6.680E-6,-5.859E-6,-5.038E-6,738.0E-3,215.2E-9
740.0E-3,27.20E-9,52.51E-9,77.42E-9,102.3E-9,127.2E-9,152.1E-9,176.9E-9,226.7E-9,251.5E-9,742.0E-3,-7.818E-6,-7.047E-6,-6.275E-6,-5.504E-6,-4.733E-6,740.0E-3,201.8E-9
742.0E-3,25.49E-9,49.22E-9,72.58E-9,95.92E-9,119.3E-9,142.6E-9,165.9E-9,212.6E-9,235.9E-9,744.0E-3,-7.344E-6,-6.619E-6,-5.895E-6,-5.170E-6,-4.445E-6,742.0E-3,189.3E-9
744.0E-3,23.89E-9,46.13E-9,68.04E-9,89.93E-9,111.8E-9,133.7E-9,155.6E-9,199.3E-9,221.2E-9,746.0E-3,-6.898E-6,-6.217E-6,-5.536E-6,-4.855E-6,-4.175E-6,744.0E-3,177.5E-9
746.0E-3,22.39E-9,43.23E-9,63.78E-9,84.31E-9,104.8E-9,125.4E-9,145.9E-9,186.9E-9,207.4E-9,748.0E-3,-6.477E-6,-5.838E-6,-5.199E-6,-4.560E-6,-3.920E-6,746.0E-3,166.4E-9
748.0E-3,20.98E-9,40.50E-9,59.77E-9,79.02E-9,98.27E-9,117.5E-9,136.8E-9,175.2E-9,194.5E-9,750.0E-3,-6.082E-6,-5.482E-6,-4.881E-6,-4.281E-6,-3.681E-6,748.0E-3,156.0E-9
750.0E-3,19.65E-9,37.95E-9,56.01E-9,74.07E-9,92.11E-9,110.2E-9,128.2E-9,164.3E-9,182.3E-9,752.0E-3,-5.710E-6,-5.146E-6,-4.583E-6,-4.019E-6,-3.455E-6,750.0E-3,146.2E-9
752.0E-3,18.41E-9,35.55E-9,52.49E-9,69.41E-9,86.33E-9,103.2E-9,120.2E-9,154.0E-9,170.9E-9,754.0E-3,-5.360E-6,-4.831E-6,-4.302E-6,-3.773E-6,-3.243E-6,752.0E-3,137.1E-9
754.0E-3,17.25E-9,33.30E-9,49.18E-9,65.04E-9,80.90E-9,96.76E-9,112.6E-9,144.3E-9,160.2E-9,756.0E-3,-5.031E-6,-4.534E-6,-4.038E-6,-3.541E-6,-3.044E-6,754.0E-3,128.5E-9
756.0E-3,16.15E-9,31.19E-9,46.07E-9,60.94E-9,75.81E-9,90.67E-9,105.5E-9,135.2E-9,150.1E-9,758.0E-3,-4.722E-6,-4.255E-6,-3.789E-6,-3.323E-6,-2.856E-6,756.0E-3,120.4E-9
758.0E-3,15.13E-9,29.21E-9,43.16E-9,57.09E-9,71.03E-9,84.95E-9,98.88E-9,126.7E-9,140.7E-9,760.0E-3,-4.431E-6,-3.993E-6,-3.556E-6,-3.118E-6,-2.680E-6,758.0E-3,112.8E-9
760.0E-3,14.16E-9,27.35E-9,40.42E-9,53.48E-9,66.54E-9,79.59E-9,92.65E-9,118.8E-9,131.8E-9,762.0E-3,-4.157E-6,-3.747E-6,-3.336E-6,-2.925E-6,-2.515E-6,760.0E-3,105.7E-9
762.0E-3,13.26E-9,25.61E-9,37.86E-9,50.10E-9,62.33E-9,74.57E-9,86.80E-9,111.3E-9,123.5E-9,764.0E-3,-3.900E-6,-3.515E-6,-3.130E-6,-2.744E-6,-2.359E-6,762.0E-3,99.03E-9
764.0E-3,12.42E-9,23.98E-9,35.45E-9,46.92E-9,58.39E-9,69.85E-9,81.31E-9,104.2E-9,115.7E-9,766.0E-3,-3.659E-6,-3.297E-6,-2.936E-6,-2.574E-6,-2.213E-6,764.0E-3,92.77E-9
766.0E-3,11.62E-9,22.44E-9,33.20E-9,43.94E-9,54.68E-9,65.42E-9,76.16E-9,97.63E-9,108.4E-9,768.0E-3,-3.432E-6,-3.092E-6,-2.753E-6,-2.414E-6,-2.075E-6,766.0E-3,86.90E-9
768.0E-3,10.88E-9,21.01E-9,31.08E-9,41.15E-9,51.21E-9,61.27E-9,71.33E-9,91.45E-9,101.5E-9,770.0E-3,-3.218E-6,-2.900E-6,-2.582E-6,-2.264E-6,-1.946E-6,768.0E-3,81.39E-9
770.0E-3,10.18E-9,19.66E-9,29.10E-9,38.53E-9,47.96E-9,57.38E-9,66.80E-9,85.65E-9,95.07E-9,772.0E-3,-3.018E-6,-2.720E-6,-2.421E-6,-2.123E-6,-1.825E-6,770.0E-3,76.23E-9
772.0E-3,9.529E-9,18.40E-9,27.24E-9,36.08E-9,44.90E-9,53.73E-9,62.56E-9,80.21E-9,89.03E-9,774.0E-3,-2.830E-6,-2.550E-6,-2.270E-6,-1.990E-6,-1.711E-6,772.0E-3,71.38E-9
774.0E-3,8.917E-9,17.22E-9,25.50E-9,33.77E-9,42.04E-9,50.31E-9,58.58E-9,75.11E-9,83.37E-9,776.0E-3,-2.653E-6,-2.391E-6,-2.128E-6,-1.866E-6,-1.604E-6,774.0E-3,66.84E-9
776.0E-3,8.343E-9,16.11E-9,23.87E-9,31.62E-9,39.36E-9,47.10E-9,54.84E-9,70.33E-9,78.07E-9,778.0E-3,-2.487E-6,-2.241E-6,-1.995E-6,-1.749E-6,-1.503E-6,776.0E-3,62.59E-9
778.0E-3,7.806E-9,15.08E-9,22.34E-9,29.59E-9,36.85E-9,44.10E-9,51.35E-9,65.84E-9,73.09E-9,780.0E-3,-2.331E-6,-2.101E-6,-1.870E-6,-1.640E-6,-1.409E-6,778.0E-3,58.60E-9
780.0E-3,7.302E-9,14.10E-9,20.91E-9,27.70E-9,34.49E-9,41.28E-9,48.07E-9,61.64E-9,68.43E-9,782.0E-3,-2.185E-6,-1.969E-6,-1.753E-6,-1.537E-6,-1.320E-6,780.0E-3,54.86E-9
782.0E-3,6.831E-9,13.19E-9,19.56E-9,25.92E-9,32.28E-9,38.64E-9,44.99E-9,57.70E-9,64.06E-9,784.0E-3,-2.048E-6,-1.845E-6,-1.643E-6,-1.440E-6,-1.237E-6,782.0E-3,51.35E-9
784.0E-3,6.389E-9,12.34E-9,18.30E-9,24.26E-9,30.21E-9,36.16E-9,42.11E-9,54.01E-9,59.96E-9,786.0E-3,-1.919E-6,-1.729E-6,-1.539E-6,-1.349E-6,-1.159E-6,784.0E-3,48.06E-9
786.0E-3,5.976E-9,11.54E-9,17.12E-9,22.70E-9,28.27E-9,33.84E-9,39.42E-9,50.56E-9,56.13E-9,788.0E-3,-1.798E-6,-1.620E-6,-1.442E-6,-1.264E-6,-1.086E-6,786.0E-3,44.99E-9
788.0E-3,5.589E-9,10.80E-9,16.02E-9,21.24E-9,26.46E-9,31.67E-9,36.89E-9,47.32E-9,52.53E-9,790.0E-3,-1.685E-6,-1.518E-6,-1.351E-6,-1.184E-6,-1.018E-6,788.0E-3,42.10E-9
790.0E-3,5.226E-9,10.10E-9,14.99E-9,19.87E-9,24.75E-9,29.64E-9,34.52E-9,44.28E-9,49.16E-9,792.0E-3,-1.578E-6,-1.422E-6,-1.266E-6,-1.110E-6,-953.3E-9,790.0E-3,39.40E-9
792.0E-3,4.886E-9,9.441E-9,14.02E-9,18.59E-9,23.16E-9,27.73E-9,32.30E-9,41.44E-9,46.00E-9,794.0E-3,-1.479E-6,-1.332E-6,-1.186E-6,-1.039E-6,-892.9E-9,792.0E-3,36.87E-9
794.0E-3,4.569E-9,8.827E-9,13.11E-9,17.39E-9,21.67E-9,25.94E-9,30.22E-9,38.77E-9,43.05E-9,796.0E-3,-1.385E-6,-1.248E-6,-1.111E-6,-973.5E-9,-836.3E-9,794.0E-3,34.50E-9
796.0E-3,4.271E-9,8.253E-9,12.26E-9,16.27E-9,20.27E-9,24.27E-9,28.27E-9,36.27E-9,40.28E-9,798.0E-3,-1.297E-6,-1.169E-6,-1.040E-6,-911.7E-9,-783.2E-9,796.0E-3,32.27E-9
798.0E-3,3.993E-9,7.716E-9,11.47E-9,15.21E-9,18.96E-9,22.71E-9,26.45E-9,33.94E-9,37.68E-9,800.0E-3,-1.215E-6,-1.095E-6,-974.1E-9,-853.8E-9,-733.4E-9,798.0E-3,30.19E-9
800.0E-3,3.732E-9,7.213E-9,10.72E-9,14.23E-9,17.73E-9,21.24E-9,24.74E-9,31.75E-9,35.25E-9,802.0E-3,-1.138E-6,-1.025E-6,-912.2E-9,-799.4E-9,-686.7E-9,800.0E-3,28.25E-9
802.0E-3,3.489E-9,6.742E-9,10.03E-9,13.31E-9,16.59E-9,19.87E-9,23.14E-9,29.70E-9,32.98E-9,804.0E-3,-1.065E-6,-959.7E-9,-854.1E-9,-748.5E-9,-642.9E-9,802.0E-3,26.42E-9
804.0E-3,3.261E-9,6.302E-9,9.375E-9,12.44E-9,15.51E-9,18.58E-9,21.65E-9,27.78E-9,30.85E-9,806.0E-3,-997.4E-9,-898.6E-9,-799.7E-9,-700.8E-9,-601.9E-9,804.0E-3,24.71E-9
806.0E-3,3.047E-9,5.889E-9,8.764E-9,11.64E-9,14.51E-9,17.38E-9,20.24E-9,25.98E-9,28.85E-9,808.0E-3,-933.8E-9,-841.3E-9,-748.7E-9,-656.1E-9,-563.5E-9,806.0E-3,23.11E-9
808.0E-3,2.847E-9,5.504E-9,8.193E-9,10.88E-9,13.56E-9,16.25E-9,18.93E-9,24.30E-9,26.98E-9,810.0E-3,-874.2E-9,-787.5E-9,-700.8E-9,-614.1E-9,-527.4E-9,808.0E-3,21.62E-9
810.0E-3,2.661E-9,5.143E-9,7.659E-9,10.17E-9,12.68E-9,15.19E-9,17.70E-9,22.72E-9,25.23E-9,812.0E-3,-818.4E-9,-737.2E-9,-656.0E-9,-574.8E-9,-493.7E-9,810.0E-3,20.21E-9
812.0E-3,2.486E-9,4.806E-9,7.159E-9,9.509E-9,11.86E-9,14.21E-9,16.55E-9,21.25E-9,23.60E-9,814.0E-3,-766.0E-9,-690.0E-9,-614.0E-9,-538.0E-9,-462.0E-9,812.0E-3,18.90E-9
814.0E-3,2.323E-9,4.490E-9,6.691E-9,8.889E-9,11.09E-9,13.28E-9,15.48E-9,19.87E-9,22.07E-9,816.0E-3,-717.0E-9,-645.8E-9,-574.7E-9,-503.5E-9,-432.4E-9,814.0E-3,17.67E-9
816.0E-3,2.170E-9,4.195E-9,6.253E-9,8.309E-9,10.36E-9,12.42E-9,14.47E-9,18.58E-9,20.63E-9,818.0E-3,-671.0E-9,-604.4E-9,-537.8E-9,-471.2E-9,-404.6E-9,816.0E-3,16.53E-9
818.0E-3,2.027E-9,3.919E-9,5.844E-9,7.766E-9,9.688E-9,11.61E-9,13.53E-9,17.37E-9,19.29E-9,820.0E-3,-627.9E-9,-565.6E-9,-503.3E-9,-440.9E-9,-378.6E-9,818.0E-3,15.45E-9
820.0E-3,1.893E-9,3.661E-9,5.461E-9,7.258E-9,9.055E-9,10.85E-9,12.65E-9,16.24E-9,18.03E-9,822.0E-3,-587.6E-9,-529.3E-9,-470.9E-9,-412.6E-9,-354.2E-9,820.0E-3,14.44E-9
822.0E-3,1.768E-9,3.420E-9,5.103E-9,6.783E-9,8.463E-9,10.14E-9,11.82E-9,15.18E-9,16.86E-9,824.0E-3,-549.8E-9,-495.2E-9,-440.6E-9,-386.0E-9,-331.4E-9,822.0E-3,13.50E-9
824.0E-3,1.652E-9,3.194E-9,4.768E-9,6.339E-9,7.910E-9,9.480E-9,11.05E-9,14.19E-9,15.76E-9,826.0E-3,-514.4E-9,-463.3E-9,-412.2E-9,-361.1E-9,-310.0E-9,824.0E-3,12.62E-9
826.0E-3,1.542E-9,2.983E-9,4.454E-9,5.923E-9,7.392E-9,8.860E-9,10.33E-9,13.26E-9,14.73E-9,828.0E-3,-481.3E-9,-433.5E-9,-385.7E-9,-337.9E-9,-290.0E-9,826.0E-3,11.80E-9
828.0E-3,1.440E-9,2.786E-9,4.161E-9,5.535E-9,6.907E-9,8.280E-9,9.652E-9,12.40E-9,13.77E-9,830.0E-3,-450.3E-9,-405.5E-9,-360.8E-9,-316.0E-9,-271.3E-9,828.0E-3,11.02E-9
830.0E-3,1.345E-9,2.602E-9,3.887E-9,5.171E-9,6.454E-9,7.737E-9,9.020E-9,11.58E-9,12.87E-9,832.0E-3,-421.2E-9,-379.3E-9,-337.5E-9,-295.6E-9,-253.8E-9,830.0E-3,10.30E-9
832.0E-3,1.256E-9,2.429E-9,3.631E-9,4.831E-9,6.031E-9,7.230E-9,8.429E-9,10.83E-9,12.02E-9,834.0E-3,-394.0E-9,-354.8E-9,-315.7E-9,-276.5E-9,-237.3E-9,832.0E-3,9.627E-9
834.0E-3,1.172E-9,2.268E-9,3.391E-9,4.513E-9,5.634E-9,6.755E-9,7.876E-9,10.12E-9,11.24E-9,836.0E-3,-368.5E-9,-331.9E-9,-295.2E-9,-258.6E-9,-222.0E-9,834.0E-3,8.996E-9
836.0E-3,1.095E-9,2.118E-9,3.168E-9,4.216E-9,5.264E-9,6.311E-9,7.358E-9,9.453E-9,10.50E-9,838.0E-3,-344.7E-9,-310.4E-9,-276.1E-9,-241.8E-9,-207.6E-9,836.0E-3,8.406E-9
838.0E-3,1.022E-9,1.977E-9,2.958E-9,3.938E-9,4.917E-9,5.896E-9,6.875E-9,8.832E-9,9.811E-9,840.0E-3,-322.3E-9,-290.3E-9,-258.2E-9,-226.2E-9,-194.1E-9,838.0E-3,7.853E-9
840.0E-3,953.8E-12,1.846E-9,2.762E-9,3.678E-9,4.593E-9,5.508E-9,6.422E-9,8.251E-9,9.166E-9,842.0E-3,-301.4E-9,-271.5E-9,-241.5E-9,-211.5E-9,-181.5E-9,840.0E-3,7.337E-9
842.0E-3,890.3E-12,1.723E-9,2.580E-9,3.435E-9,4.290E-9,5.145E-9,5.999E-9,7.709E-9,8.563E-9,844.0E-3,-281.9E-9,-253.8E-9,-225.8E-9,-197.7E-9,-169.7E-9,842.0E-3,6.854E-9
844.0E-3,830.9E-12,1.608E-9,2.409E-9,3.208E-9,4.007E-9,4.805E-9,5.604E-9,7.201E-9,7.999E-9,846.0E-3,-263.6E-9,-237.3E-9,-211.1E-9,-184.9E-9,-158.6E-9,844.0E-3,6.402E-9
846.0E-3,775.5E-12,1.501E-9,2.249E-9,2.996E-9,3.742E-9,4.488E-9,5.234E-9,6.726E-9,7.472E-9,848.0E-3,-246.4E-9,-221.9E-9,-197.4E-9,-172.9E-9,-148.3E-9,846.0E-3,5.980E-9
848.0E-3,723.7E-12,1.401E-9,2.099E-9,2.797E-9,3.494E-9,4.192E-9,4.889E-9,6.282E-9,6.979E-9,850.0E-3,-230.4E-9,-207.5E-9,-184.5E-9,-161.6E-9,-138.6E-9,848.0E-3,5.585E-9
850.0E-3,675.3E-12,1.307E-9,1.960E-9,2.612E-9,3.263E-9,3.914E-9,4.565E-9,5.867E-9,6.518E-9,852.0E-3,-215.4E-9,-194.0E-9,-172.5E-9,-151.1E-9,-129.6E-9,850.0E-3,5.216E-9
852.0E-3,630.1E-12,1.220E-9,1.829E-9,2.438E-9,3.047E-9,3.655E-9,4.263E-9,5.479E-9,6.088E-9,854.0E-3,-201.4E-9,-181.3E-9,-161.3E-9,-141.2E-9,-121.1E-9,852.0E-3,4.871E-9
854.0E-3,587.8E-12,1.138E-9,1.708E-9,2.276E-9,2.845E-9,3.413E-9,3.981E-9,5.117E-9,5.685E-9,856.0E-3,-188.2E-9,-169.5E-9,-150.7E-9,-132.0E-9,-113.2E-9,854.0E-3,4.549E-9
856.0E-3,548.4E-12,1.062E-9,1.594E-9,2.125E-9,2.656E-9,3.186E-9,3.717E-9,4.778E-9,5.308E-9,858.0E-3,-176.0E-9,-158.4E-9,-140.9E-9,-123.4E-9,-105.8E-9,856.0E-3,4.247E-9
858.0E-3,511.6E-12,990.5E-12,1.487E-9,1.983E-9,2.479E-9,2.975E-9,3.470E-9,4.461E-9,4.956E-9,860.0E-3,-164.5E-9,-148.1E-9,-131.7E-9,-115.3E-9,-98.90E-9,858.0E-3,3.966E-9
860.0E-3,477.2E-12,924.0E-12,1.388E-9,1.851E-9,2.314E-9,2.777E-9,3.239E-9,4.165E-9,4.627E-9,862.0E-3,-153.7E-9,-138.4E-9,-123.1E-9,-107.8E-9,-92.43E-9,860.0E-3,3.702E-9
862.0E-3,445.1E-12,861.9E-12,1.295E-9,1.728E-9,2.160E-9,2.592E-9,3.024E-9,3.888E-9,4.320E-9,864.0E-3,-143.7E-9,-129.3E-9,-115.0E-9,-100.7E-9,-86.37E-9,862.0E-3,3.456E-9
864.0E-3,415.1E-12,803.9E-12,1.208E-9,1.612E-9,2.016E-9,2.419E-9,2.823E-9,3.629E-9,4.033E-9,866.0E-3,-134.3E-9,-120.9E-9,-107.5E-9,-94.10E-9,-80.71E-9,864.0E-3,3.226E-9
866.0E-3,387.1E-12,749.7E-12,1.127E-9,1.504E-9,1.881E-9,2.258E-9,2.634E-9,3.388E-9,3.764E-9,868.0E-3,-125.5E-9,-113.0E-9,-100.4E-9,-87.93E-9,-75.41E-9,866.0E-3,3.011E-9
868.0E-3,361.0E-12,699.1E-12,1.052E-9,1.404E-9,1.755E-9,2.107E-9,2.459E-9,3.162E-9,3.513E-9,870.0E-3,-117.3E-9,-105.6E-9,-93.86E-9,-82.16E-9,-70.46E-9,868.0E-3,2.810E-9
870.0E-3,336.6E-12,651.9E-12,980.9E-12,1.309E-9,1.638E-9,1.966E-9,2.294E-9,2.950E-9,3.279E-9,872.0E-3,-109.6E-9,-98.63E-9,-87.70E-9,-76.76E-9,-65.83E-9,870.0E-3,2.622E-9
872.0E-3,313.8E-12,607.8E-12,914.9E-12,1.222E-9,1.528E-9,1.834E-9,2.141E-9,2.753E-9,3.059E-9,874.0E-3,-102.4E-9,-92.15E-9,-81.94E-9,-71.72E-9,-61.50E-9,872.0E-3,2.447E-9
874.0E-3,292.5E-12,566.7E-12,853.3E-12,1.139E-9,1.425E-9,1.711E-9,1.997E-9,2.569E-9,2.855E-9,876.0E-3,-95.65E-9,-86.10E-9,-76.55E-9,-67.00E-9,-57.45E-9,874.0E-3,2.283E-9
876.0E-3,272.7E-12,528.2E-12,795.7E-12,1.063E-9,1.330E-9,1.596E-9,1.863E-9,2.397E-9,2.663E-9,878.0E-3,-89.36E-9,-80.44E-9,-71.52E-9,-62.59E-9,-53.67E-9,876.0E-3,2.130E-9
878.0E-3,254.1E-12,492.4E-12,741.9E-12,991.1E-12,1.240E-9,1.489E-9,1.738E-9,2.236E-9,2.485E-9,880.0E-3,-83.49E-9,-75.15E-9,-66.81E-9,-58.47E-9,-50.13E-9,878.0E-3,1.987E-9
880.0E-3,236.8E-12,458.9E-12,691.7E-12,924.2E-12,1.157E-9,1.389E-9,1.621E-9,2.086E-9,2.318E-9,882.0E-3,-77.99E-9,-70.20E-9,-62.41E-9,-54.62E-9,-46.83E-9,880.0E-3,1.853E-9
882.0E-3,220.7E-12,427.6E-12,644.9E-12,861.8E-12,1.079E-9,1.295E-9,1.512E-9,1.945E-9,2.162E-9,884.0E-3,-72.86E-9,-65.58E-9,-58.30E-9,-51.02E-9,-43.74E-9,882.0E-3,1.729E-9
884.0E-3,205.6E-12,398.5E-12,601.1E-12,803.4E-12,1.006E-9,1.208E-9,1.410E-9,1.814E-9,2.016E-9,886.0E-3,-68.06E-9,-61.26E-9,-54.45E-9,-47.65E-9,-40.85E-9,884.0E-3,1.612E-9
886.0E-3,191.6E-12,371.3E-12,560.2E-12,748.9E-12,937.5E-12,1.126E-9,1.315E-9,1.691E-9,1.880E-9,888.0E-3,-63.57E-9,-57.22E-9,-50.86E-9,-44.51E-9,-38.15E-9,886.0E-3,1.503E-9
888.0E-3,178.5E-12,345.9E-12,522.1E-12,698.1E-12,873.9E-12,1.050E-9,1.226E-9,1.577E-9,1.753E-9,890.0E-3,-59.38E-9,-53.44E-9,-47.50E-9,-41.57E-9,-35.63E-9,888.0E-3,1.401E-9
890.0E-3,166.2E-12,322.2E-12,486.5E-12,650.6E-12,814.6E-12,978.5E-12,1.142E-9,1.470E-9,1.634E-9,892.0E-3,-55.46E-9,-49.91E-9,-44.37E-9,-38.82E-9,-33.27E-9,890.0E-3,1.306E-9
892.0E-3,154.8E-12,300.0E-12,453.2E-12,606.2E-12,759.1E-12,911.9E-12,1.065E-9,1.370E-9,1.523E-9,894.0E-3,-51.80E-9,-46.61E-9,-41.43E-9,-36.25E-9,-31.07E-9,892.0E-3,1.218E-9
894.0E-3,144.1E-12,279.4E-12,422.2E-12,564.8E-12,707.3E-12,849.8E-12,992.2E-12,1.277E-9,1.420E-9,896.0E-3,-48.37E-9,-43.53E-9,-38.69E-9,-33.85E-9,-29.01E-9,894.0E-3,1.135E-9
896.0E-3,134.2E-12,260.1E-12,393.2E-12,526.1E-12,659.0E-12,791.8E-12,924.5E-12,1.190E-9,1.323E-9,898.0E-3,-45.18E-9,-40.66E-9,-36.13E-9,-31.61E-9,-27.09E-9,896.0E-3,1.057E-9
898.0E-3,124.9E-12,242.2E-12,366.2E-12,490.1E-12,613.8E-12,737.6E-12,861.3E-12,1.109E-9,1.232E-9,900.0E-3,-42.19E-9,-37.97E-9,-33.74E-9,-29.52E-9,-25.30E-9,898.0E-3,985.0E-12
900.0E-3,116.3E-12,225.4E-12,341.0E-12,456.4E-12,571.7E-12,687.0E-12,802.3E-12,1.033E-9,1.148E-9,902.0E-3,-39.40E-9,-35.45E-9,-31.51E-9,-27.56E-9,-23.62E-9,900.0E-3,917.5E-12
902.0E-3,108.2E-12,209.7E-12,317.4E-12,424.9E-12,532.3E-12,639.8E-12,747.1E-12,961.9E-12,1.069E-9,904.0E-3,-36.79E-9,-33.11E-9,-29.42E-9,-25.74E-9,-22.05E-9,902.0E-3,854.5E-12
904.0E-3,100.6E-12,195.1E-12,295.4E-12,395.5E-12,495.6E-12,595.6E-12,695.7E-12,895.7E-12,995.7E-12,906.0E-3,-34.35E-9,-30.91E-9,-27.47E-9,-24.03E-9,-20.59E-9,904.0E-3,795.7E-12
906.0E-3,93.61E-12,181.5E-12,274.9E-12,368.1E-12,461.3E-12,554.5E-12,647.6E-12,833.8E-12,927.0E-12,908.0E-3,-32.08E-9,-28.86E-9,-25.65E-9,-22.44E-9,-19.22E-9,906.0E-3,740.7E-12
908.0E-3,87.06E-12,168.8E-12,255.7E-12,342.5E-12,429.3E-12,516.0E-12,602.7E-12,776.1E-12,862.8E-12,910.0E-3,-29.95E-9,-26.95E-9,-23.95E-9,-20.95E-9,-17.95E-9,908.0E-3,689.4E-12
910.0E-3,80.94E-12,157.0E-12,237.9E-12,318.7E-12,399.4E-12,480.1E-12,560.8E-12,722.2E-12,802.9E-12,912.0E-3,-27.97E-9,-25.16E-9,-22.36E-9,-19.56E-9,-16.75E-9,910.0E-3,641.5E-12
912.0E-3,75.24E-12,145.9E-12,221.2E-12,296.4E-12,371.5E-12,446.6E-12,521.7E-12,671.9E-12,747.0E-12,914.0E-3,-26.11E-9,-23.50E-9,-20.88E-9,-18.26E-9,-15.64E-9,912.0E-3,596.8E-12
914.0E-3,69.91E-12,135.6E-12,205.6E-12,275.6E-12,345.5E-12,415.3E-12,485.2E-12,624.9E-12,694.7E-12,916.0E-3,-24.38E-9,-21.94E-9,-19.49E-9,-17.05E-9,-14.60E-9,914.0E-3,555.0E-12
916.0E-3,64.95E-12,126.0E-12,191.1E-12,256.1E-12,321.2E-12,386.1E-12,451.1E-12,581.0E-12,646.0E-12,918.0E-3,-22.76E-9,-20.48E-9,-18.20E-9,-15.92E-9,-13.63E-9,916.0E-3,516.1E-12
918.0E-3,60.32E-12,117.0E-12,177.6E-12,238.0E-12,298.5E-12,358.9E-12,419.3E-12,540.1E-12,600.4E-12,920.0E-3,-21.25E-9,-19.12E-9,-16.99E-9,-14.86E-9,-12.73E-9,918.0E-3,479.7E-12
920.0E-3,56.00E-12,108.6E-12,164.9E-12,221.1E-12,277.3E-12,333.4E-12,389.6E-12,501.8E-12,557.9E-12,922.0E-3,-19.84E-9,-17.85E-9,-15.86E-9,-13.87E-9,-11.88E-9,920.0E-3,445.7E-12
922.0E-3,51.97E-12,100.8E-12,153.1E-12,205.3E-12,257.5E-12,309.7E-12,361.8E-12,466.1E-12,518.3E-12,924.0E-3,-18.53E-9,-16.67E-9,-14.81E-9,-12.95E-9,-11.09E-9,922.0E-3,414.0E-12
924.0E-3,48.21E-12,93.52E-12,142.1E-12,190.6E-12,239.0E-12,287.5E-12,335.9E-12,432.8E-12,481.2E-12,926.0E-3,-17.30E-9,-15.56E-9,-13.83E-9,-12.09E-9,-10.35E-9,924.0E-3,384.3E-12
926.0E-3,44.71E-12,86.73E-12,131.8E-12,176.8E-12,221.8E-12,266.8E-12,311.7E-12,401.6E-12,446.6E-12,928.0E-3,-16.15E-9,-14.53E-9,-12.91E-9,-11.29E-9,-9.665E-9,926.0E-3,356.7E-12
928.0E-3,41.44E-12,80.39E-12,122.2E-12,164.0E-12,205.7E-12,247.4E-12,289.2E-12,372.6E-12,414.3E-12,930.0E-3,-15.08E-9,-13.57E-9,-12.05E-9,-10.54E-9,-9.022E-9,928.0E-3,330.9E-12
930.0E-3,38.39E-12,74.48E-12,113.3E-12,152.0E-12,190.7E-12,229.4E-12,268.1E-12,345.5E-12,384.1E-12,932.0E-3,-14.08E-9,-12.66E-9,-11.25E-9,-9.835E-9,-8.421E-9,930.0E-3,306.8E-12
932.0E-3,35.55E-12,68.96E-12,104.9E-12,140.8E-12,176.7E-12,212.6E-12,248.4E-12,320.1E-12,356.0E-12,934.0E-3,-13.14E-9,-11.82E-9,-10.50E-9,-9.181E-9,-7.860E-9,932.0E-3,284.3E-12
934.0E-3,32.90E-12,63.82E-12,97.12E-12,130.4E-12,163.6E-12,196.8E-12,230.1E-12,296.5E-12,329.7E-12,936.0E-3,-12.27E-9,-11.04E-9,-9.803E-9,-8.570E-9,-7.337E-9,934.0E-3,263.3E-12
936.0E-3,30.42E-12,59.03E-12,89.85E-12,120.6E-12,151.4E-12,182.2E-12,212.9E-12,274.4E-12,305.2E-12,938.0E-3,-11.45E-9,-10.30E-9,-9.152E-9,-8.000E-9,-6.849E-9,936.0E-3,243.7E-12
938.0E-3,28.12E-12,54.55E-12,83.07E-12,111.5E-12,140.0E-12,168.5E-12,196.9E-12,253.8E-12,282.2E-12,940.0E-3,-10.69E-9,-9.619E-9,-8.544E-9,-7.469E-9,-6.393E-9,938.0E-3,225.4E-12
940.0E-3,25.97E-12,50.38E-12,76.74E-12,103.1E-12,129.4E-12,155.7E-12,182.0E-12,234.6E-12,260.9E-12,942.0E-3,-9.986E-9,-8.981E-9,-7.977E-9,-6.973E-9,-5.968E-9,940.0E-3,208.3E-12
942.0E-3,23.96E-12,46.49E-12,70.83E-12,95.15E-12,119.4E-12,143.7E-12,168.0E-12,216.6E-12,240.9E-12,944.0E-3,-9.324E-9,-8.386E-9,-7.448E-9,-6.510E-9,-5.572E-9,942.0E-3,192.3E-12
944.0E-3,22.09E-12,42.86E-12,65.32E-12,87.76E-12,110.2E-12,132.6E-12,155.0E-12,199.8E-12,222.2E-12,946.0E-3,-8.707E-9,-7.831E-9,-6.955E-9,-6.079E-9,-5.202E-9,944.0E-3,177.4E-12
946.0E-3,20.34E-12,39.47E-12,60.18E-12,80.86E-12,101.5E-12,122.2E-12,142.9E-12,184.2E-12,204.8E-12,948.0E-3,-8.130E-9,-7.312E-9,-6.494E-9,-5.676E-9,-4.857E-9,946.0E-3,163.5E-12
948.0E-3,18.71E-12,36.31E-12,55.38E-12,74.42E-12,93.45E-12,112.5E-12,131.5E-12,169.5E-12,188.6E-12,950.0E-3,-7.593E-9,-6.828E-9,-6.064E-9,-5.300E-9,-4.535E-9,948.0E-3,150.5E-12
950.0E-3,17.19E-12,33.36E-12,50.89E-12,68.41E-12,85.91E-12,103.4E-12,120.9E-12,155.9E-12,173.4E-12,952.0E-3,-7.090E-9,-6.377E-9,-5.663E-9,-4.949E-9,-4.235E-9,950.0E-3,138.4E-12
952.0E-3,15.77E-12,30.61E-12,46.71E-12,62.79E-12,78.87E-12,94.94E-12,111.0E-12,143.1E-12,159.2E-12,954.0E-3,-6.622E-9,-5.955E-9,-5.288E-9,-4.621E-9,-3.954E-9,952.0E-3,127.1E-12
954.0E-3,14.45E-12,28.04E-12,42.81E-12,57.55E-12,72.29E-12,87.03E-12,101.8E-12,131.2E-12,145.9E-12,956.0E-3,-6.184E-9,-5.561E-9,-4.938E-9,-4.315E-9,-3.692E-9,954.0E-3,116.5E-12
956.0E-3,13.22E-12,25.65E-12,39.16E-12,52.66E-12,66.15E-12,79.64E-12,93.13E-12,120.1E-12,133.6E-12,958.0E-3,-5.775E-9,-5.193E-9,-4.611E-9,-4.029E-9,-3.447E-9,956.0E-3,106.6E-12
958.0E-3,12.07E-12,23.41E-12,35.76E-12,48.10E-12,60.42E-12,72.75E-12,85.07E-12,109.7E-12,122.0E-12,960.0E-3,-5.392E-9,-4.849E-9,-4.305E-9,-3.762E-9,-3.218E-9,958.0E-3,97.39E-12
960.0E-3,10.99E-12,21.33E-12,32.59E-12,43.83E-12,55.07E-12,66.31E-12,77.55E-12,100.0E-12,111.2E-12,962.0E-3,-5.035E-9,-4.527E-9,-4.020E-9,-3.512E-9,-3.005E-9,960.0E-3,88.78E-12
962.0E-3,9.990E-12,19.38E-12,29.63E-12,39.86E-12,50.08E-12,60.30E-12,70.52E-12,90.96E-12,101.2E-12,964.0E-3,-4.700E-9,-4.226E-9,-3.752E-9,-3.278E-9,-2.804E-9,962.0E-3,80.74E-12
964.0E-3,9.056E-12,17.57E-12,26.86E-12,36.14E-12,45.42E-12,54.69E-12,63.97E-12,82.51E-12,91.78E-12,966.0E-3,-4.387E-9,-3.945E-9,-3.502E-9,-3.060E-9,-2.617E-9,964.0E-3,73.24E-12
966.0E-3,8.184E-12,15.88E-12,24.28E-12,32.68E-12,41.07E-12,49.46E-12,57.85E-12,74.62E-12,83.01E-12,968.0E-3,-4.094E-9,-3.681E-9,-3.268E-9,-2.855E-9,-2.442E-9,966.0E-3,66.23E-12
968.0E-3,7.372E-12,14.30E-12,21.88E-12,29.45E-12,37.01E-12,44.58E-12,52.14E-12,67.26E-12,74.82E-12,970.0E-3,-3.819E-9,-3.434E-9,-3.048E-9,-2.663E-9,-2.278E-9,968.0E-3,59.70E-12
970.0E-3,6.615E-12,12.83E-12,19.64E-12,26.44E-12,33.23E-12,40.02E-12,46.81E-12,60.39E-12,67.18E-12,972.0E-3,-3.561E-9,-3.202E-9,-2.843E-9,-2.483E-9,-2.124E-9,970.0E-3,53.60E-12
972.0E-3,5.910E-12,11.46E-12,17.55E-12,23.63E-12,29.70E-12,35.77E-12,41.85E-12,53.99E-12,60.06E-12,974.0E-3,-3.320E-9,-2.985E-9,-2.650E-9,-2.314E-9,-1.979E-9,972.0E-3,47.92E-12
974.0E-3,5.253E-12,10.19E-12,15.60E-12,21.01E-12,26.41E-12,31.81E-12,37.22E-12,48.02E-12,53.42E-12,976.0E-3,-3.093E-9,-2.781E-9,-2.468E-9,-2.156E-9,-1.844E-9,974.0E-3,42.62E-12
976.0E-3,4.642E-12,9.004E-12,13.79E-12,18.57E-12,23.35E-12,28.13E-12,32.90E-12,42.46E-12,47.23E-12,978.0E-3,-2.880E-9,-2.589E-9,-2.298E-9,-2.007E-9,-1.716E-9,976.0E-3,37.68E-12
978.0E-3,4.074E-12,7.901E-12,12.10E-12,16.30E-12,20.50E-12,24.69E-12,28.89E-12,37.28E-12,41.47E-12,980.0E-3,-2.680E-9,-2.409E-9,-2.138E-9,-1.868E-9,-1.597E-9,978.0E-3,33.08E-12
980.0E-3,3.545E-12,6.875E-12,10.54E-12,14.19E-12,17.85E-12,21.50E-12,25.15E-12,32.46E-12,36.11E-12,982.0E-3,-2.491E-9,-2.240E-9,-1.988E-9,-1.736E-9,-1.484E-9,980.0E-3,28.81E-12
982.0E-3,3.054E-12,5.923E-12,9.079E-12,12.23E-12,15.38E-12,18.53E-12,21.68E-12,27.98E-12,31.13E-12,984.0E-3,-2.314E-9,-2.080E-9,-1.846E-9,-1.612E-9,-1.378E-9,982.0E-3,24.83E-12
984.0E-3,2.599E-12,5.039E-12,7.726E-12,10.41E-12,13.09E-12,15.78E-12,18.46E-12,23.82E-12,26.50E-12,986.0E-3,-2.147E-9,-1.930E-9,-1.713E-9,-1.496E-9,-1.279E-9,984.0E-3,21.14E-12
986.0E-3,2.177E-12,4.220E-12,6.472E-12,8.722E-12,10.97E-12,13.22E-12,15.47E-12,19.96E-12,22.21E-12,988.0E-3,-1.990E-9,-1.789E-9,-1.588E-9,-1.386E-9,-1.185E-9,986.0E-3,17.71E-12
988.0E-3,1.786E-12,3.462E-12,5.310E-12,7.157E-12,9.003E-12,10.85E-12,12.69E-12,16.38E-12,18.23E-12,990.0E-3,-1.842E-9,-1.656E-9,-1.469E-9,-1.283E-9,-1.097E-9,988.0E-3,14.54E-12
990.0E-3,1.424E-12,2.760E-12,4.235E-12,5.709E-12,7.182E-12,8.655E-12,10.13E-12,13.07E-12,14.54E-12,992.0E-3,-1.702E-9,-1.530E-9,-1.358E-9,-1.186E-9,-1.013E-9,990.0E-3,11.60E-12
992.0E-3,1.090E-12,2.113E-12,3.243E-12,4.371E-12,5.500E-12,6.628E-12,7.755E-12,10.01E-12,11.14E-12,994.0E-3,-1.571E-9,-1.412E-9,-1.253E-9,-1.094E-9,-935.0E-12,992.0E-3,8.883E-12
994.0E-3,782.3E-15,1.516E-12,2.327E-12,3.138E-12,3.948E-12,4.758E-12,5.567E-12,7.187E-12,7.996E-12,996.0E-3,-1.447E-9,-1.301E-9,-1.154E-9,-1.008E-9,-861.1E-12,994.0E-3,6.377E-12
996.0E-3,498.9E-15,966.7E-15,1.484E-12,2.002E-12,2.519E-12,3.035E-12,3.552E-12,4.586E-12,5.102E-12,998.0E-3,-1.330E-9,-1.196E-9,-1.061E-9,-926.3E-12,-791.6E-12,996.0E-3,4.069E-12
998.0E-3,238.6E-15,462.3E-15,710.0E-15,957.5E-15,1.205E-12,1.452E-12,1.700E-12,2.194E-12,2.441E-12,1.000,-1.221E-9,-1.097E-9,-973.4E-12,-849.8E-12,-726.1E-12,998.0E-3,1.947E-12
1.000,538.0E-30,347.1E-30,410.2E-30,3.118E-27,3.869E-27,-744.7E-30,-908.8E-30,-1.250E-27,-1.414E-27, , , , , , ,1.000,7.939E-27
