dc (V),NM0:d (W=1.00e-06) (A),NM0:d (W=6.00e-06) (A),NM0:d (W=1.10e-05) (A),NM0:d (W=1.60e-05) (A),NM0:d (W=2.10e-05) (A),NM0:d (W=2.60e-05) (A),dc (V),deriv(value(getData("/NM0/D" ?result "dc") "W" 2.1e-05)),deriv(value(getData("/NM0/D" ?result "dc") "W" 1.6e-05)),deriv(value(getData("/NM0/D" ?result "dc") "W" 1.1e-05)),deriv(value(getData("/NM0/D" ?result "dc") "W" 2.6e-05))
0.000,0.000,0.000,0.000,0.000,0.000,0.000,2.000E-3,1.298E-9,1.008E-9,717.4E-12,1.589E-9
2.000E-3,276.0E-15,855.0E-15,1.435E-12,2.016E-12,2.596E-12,3.177E-12,4.000E-3,1.421E-9,1.103E-9,785.3E-12,1.739E-9
4.000E-3,577.7E-15,1.791E-12,3.005E-12,4.222E-12,5.439E-12,6.656E-12,6.000E-3,1.551E-9,1.204E-9,857.0E-12,1.898E-9
6.000E-3,906.7E-15,2.811E-12,4.719E-12,6.630E-12,8.541E-12,10.45E-12,8.000E-3,1.689E-9,1.311E-9,932.8E-12,2.067E-9
8.000E-3,1.264E-12,3.922E-12,6.585E-12,9.251E-12,11.92E-12,14.59E-12,10.00E-3,1.834E-9,1.423E-9,1.013E-9,2.244E-9
10.00E-3,1.653E-12,5.128E-12,8.611E-12,12.10E-12,15.59E-12,19.07E-12,12.00E-3,1.987E-9,1.542E-9,1.097E-9,2.431E-9
12.00E-3,2.073E-12,6.434E-12,10.80E-12,15.18E-12,19.56E-12,23.94E-12,14.00E-3,2.148E-9,1.667E-9,1.186E-9,2.629E-9
14.00E-3,2.527E-12,7.846E-12,13.18E-12,18.51E-12,23.85E-12,29.19E-12,16.00E-3,2.317E-9,1.798E-9,1.280E-9,2.836E-9
16.00E-3,3.016E-12,9.369E-12,15.74E-12,22.11E-12,28.49E-12,34.87E-12,18.00E-3,2.496E-9,1.937E-9,1.378E-9,3.055E-9
18.00E-3,3.543E-12,11.01E-12,18.49E-12,25.98E-12,33.48E-12,40.98E-12,20.00E-3,2.683E-9,2.082E-9,1.481E-9,3.284E-9
20.00E-3,4.109E-12,12.77E-12,21.45E-12,30.15E-12,38.85E-12,47.54E-12,22.00E-3,2.880E-9,2.235E-9,1.590E-9,3.526E-9
22.00E-3,4.716E-12,14.66E-12,24.63E-12,34.62E-12,44.61E-12,54.60E-12,24.00E-3,3.088E-9,2.396E-9,1.704E-9,3.780E-9
24.00E-3,5.367E-12,16.69E-12,28.04E-12,39.41E-12,50.78E-12,62.16E-12,26.00E-3,3.306E-9,2.565E-9,1.825E-9,4.047E-9
26.00E-3,6.063E-12,18.86E-12,31.69E-12,44.54E-12,57.39E-12,70.25E-12,28.00E-3,3.536E-9,2.744E-9,1.952E-9,4.329E-9
28.00E-3,6.808E-12,21.18E-12,35.60E-12,50.03E-12,64.47E-12,78.91E-12,30.00E-3,3.779E-9,2.932E-9,2.085E-9,4.626E-9
30.00E-3,7.603E-12,23.66E-12,39.77E-12,55.89E-12,72.02E-12,88.16E-12,32.00E-3,4.035E-9,3.131E-9,2.227E-9,4.939E-9
32.00E-3,8.451E-12,26.31E-12,44.22E-12,62.15E-12,80.09E-12,98.04E-12,34.00E-3,4.306E-9,3.341E-9,2.376E-9,5.271E-9
34.00E-3,9.356E-12,29.13E-12,48.97E-12,68.84E-12,88.71E-12,108.6E-12,36.00E-3,4.593E-9,3.563E-9,2.534E-9,5.623E-9
36.00E-3,10.32E-12,32.15E-12,54.04E-12,75.96E-12,97.89E-12,119.8E-12,38.00E-3,4.898E-9,3.800E-9,2.702E-9,5.996E-9
38.00E-3,11.35E-12,35.36E-12,59.44E-12,83.56E-12,107.7E-12,131.8E-12,40.00E-3,5.223E-9,4.052E-9,2.881E-9,6.394E-9
40.00E-3,12.45E-12,38.78E-12,65.21E-12,91.67E-12,118.1E-12,144.6E-12,42.00E-3,5.569E-9,4.320E-9,3.072E-9,6.818E-9
42.00E-3,13.61E-12,42.43E-12,71.35E-12,100.3E-12,129.3E-12,158.2E-12,44.00E-3,5.939E-9,4.607E-9,3.276E-9,7.271E-9
44.00E-3,14.86E-12,46.32E-12,77.90E-12,109.5E-12,141.1E-12,172.8E-12,46.00E-3,6.335E-9,4.914E-9,3.494E-9,7.755E-9
46.00E-3,16.19E-12,50.47E-12,84.89E-12,119.3E-12,153.8E-12,188.3E-12,48.00E-3,6.759E-9,5.243E-9,3.728E-9,8.275E-9
48.00E-3,17.60E-12,54.90E-12,92.35E-12,129.8E-12,167.3E-12,204.8E-12,50.00E-3,7.215E-9,5.597E-9,3.979E-9,8.833E-9
50.00E-3,19.11E-12,59.63E-12,100.3E-12,141.0E-12,181.8E-12,222.5E-12,52.00E-3,7.704E-9,5.976E-9,4.249E-9,9.433E-9
52.00E-3,20.73E-12,64.67E-12,108.8E-12,153.0E-12,197.2E-12,241.4E-12,54.00E-3,8.231E-9,6.385E-9,4.539E-9,10.08E-9
54.00E-3,22.45E-12,70.06E-12,117.9E-12,165.8E-12,213.6E-12,261.5E-12,56.00E-3,8.797E-9,6.824E-9,4.851E-9,10.77E-9
56.00E-3,24.29E-12,75.82E-12,127.6E-12,179.4E-12,231.2E-12,283.1E-12,58.00E-3,9.406E-9,7.296E-9,5.186E-9,11.52E-9
58.00E-3,26.25E-12,81.98E-12,138.0E-12,194.0E-12,250.0E-12,306.1E-12,60.00E-3,10.06E-9,7.804E-9,5.547E-9,12.32E-9
60.00E-3,28.36E-12,88.57E-12,149.0E-12,209.6E-12,270.2E-12,330.7E-12,62.00E-3,10.77E-9,8.352E-9,5.936E-9,13.18E-9
62.00E-3,30.61E-12,95.61E-12,160.9E-12,226.3E-12,291.7E-12,357.1E-12,64.00E-3,11.53E-9,8.940E-9,6.354E-9,14.11E-9
64.00E-3,33.01E-12,103.2E-12,173.6E-12,244.2E-12,314.8E-12,385.3E-12,66.00E-3,12.34E-9,9.574E-9,6.804E-9,15.11E-9
66.00E-3,35.59E-12,111.2E-12,187.2E-12,263.3E-12,339.4E-12,415.6E-12,68.00E-3,13.22E-9,10.25E-9,7.288E-9,16.19E-9
68.00E-3,38.35E-12,119.9E-12,201.8E-12,283.8E-12,365.9E-12,447.9E-12,70.00E-3,14.17E-9,10.99E-9,7.808E-9,17.35E-9
70.00E-3,41.30E-12,129.1E-12,217.4E-12,305.8E-12,394.2E-12,482.6E-12,72.00E-3,15.18E-9,11.77E-9,8.367E-9,18.59E-9
72.00E-3,44.46E-12,139.1E-12,234.2E-12,329.4E-12,424.6E-12,519.8E-12,74.00E-3,16.27E-9,12.62E-9,8.969E-9,19.93E-9
74.00E-3,47.85E-12,149.7E-12,252.1E-12,354.6E-12,457.1E-12,559.7E-12,76.00E-3,17.45E-9,13.53E-9,9.614E-9,21.36E-9
76.00E-3,51.49E-12,161.1E-12,271.3E-12,381.7E-12,492.0E-12,602.4E-12,78.00E-3,18.71E-9,14.51E-9,10.31E-9,22.91E-9
78.00E-3,55.38E-12,173.3E-12,291.9E-12,410.7E-12,529.4E-12,648.2E-12,80.00E-3,20.06E-9,15.56E-9,11.05E-9,24.56E-9
80.00E-3,59.55E-12,186.4E-12,314.1E-12,441.8E-12,569.6E-12,697.3E-12,82.00E-3,21.51E-9,16.68E-9,11.85E-9,26.35E-9
82.00E-3,64.03E-12,200.5E-12,337.8E-12,475.2E-12,612.6E-12,750.0E-12,84.00E-3,23.07E-9,17.89E-9,12.71E-9,28.26E-9
84.00E-3,68.82E-12,215.6E-12,363.2E-12,510.9E-12,658.7E-12,806.5E-12,86.00E-3,24.75E-9,19.19E-9,13.63E-9,30.31E-9
86.00E-3,73.97E-12,231.7E-12,390.5E-12,549.3E-12,708.2E-12,867.2E-12,88.00E-3,26.54E-9,20.58E-9,14.62E-9,32.50E-9
88.00E-3,79.48E-12,249.1E-12,419.7E-12,590.5E-12,761.3E-12,932.2E-12,90.00E-3,28.47E-9,22.08E-9,15.68E-9,34.86E-9
90.00E-3,85.39E-12,267.7E-12,451.1E-12,634.6E-12,818.3E-12,1.002E-9,92.00E-3,30.53E-9,23.68E-9,16.82E-9,37.39E-9
92.00E-3,91.73E-12,287.6E-12,484.7E-12,682.0E-12,879.3E-12,1.077E-9,94.00E-3,32.75E-9,25.39E-9,18.04E-9,40.11E-9
94.00E-3,98.53E-12,309.0E-12,520.8E-12,732.8E-12,944.8E-12,1.157E-9,96.00E-3,35.13E-9,27.24E-9,19.35E-9,43.02E-9
96.00E-3,105.8E-12,331.9E-12,559.5E-12,787.3E-12,1.015E-9,1.243E-9,98.00E-3,37.67E-9,29.21E-9,20.75E-9,46.14E-9
98.00E-3,113.6E-12,356.5E-12,601.0E-12,845.7E-12,1.090E-9,1.335E-9,100.0E-3,40.41E-9,31.33E-9,22.25E-9,49.48E-9
100.0E-3,122.0E-12,382.8E-12,645.5E-12,908.3E-12,1.171E-9,1.434E-9,102.0E-3,43.34E-9,33.60E-9,23.86E-9,53.07E-9
102.0E-3,131.0E-12,411.1E-12,693.2E-12,975.5E-12,1.258E-9,1.540E-9,104.0E-3,46.48E-9,36.03E-9,25.59E-9,56.92E-9
104.0E-3,140.6E-12,441.4E-12,744.4E-12,1.048E-9,1.351E-9,1.654E-9,106.0E-3,49.84E-9,38.64E-9,27.45E-9,61.04E-9
106.0E-3,150.9E-12,473.9E-12,799.3E-12,1.125E-9,1.451E-9,1.776E-9,108.0E-3,53.45E-9,41.44E-9,29.43E-9,65.46E-9
108.0E-3,162.0E-12,508.8E-12,858.1E-12,1.208E-9,1.557E-9,1.907E-9,110.0E-3,57.32E-9,44.44E-9,31.56E-9,70.20E-9
110.0E-3,173.9E-12,546.2E-12,921.3E-12,1.297E-9,1.672E-9,2.048E-9,112.0E-3,61.47E-9,47.65E-9,33.84E-9,75.28E-9
112.0E-3,186.6E-12,586.2E-12,988.9E-12,1.392E-9,1.795E-9,2.198E-9,114.0E-3,65.91E-9,51.10E-9,36.28E-9,80.73E-9
114.0E-3,200.2E-12,629.2E-12,1.062E-9,1.494E-9,1.927E-9,2.360E-9,116.0E-3,70.67E-9,54.79E-9,38.90E-9,86.56E-9
116.0E-3,214.8E-12,675.2E-12,1.139E-9,1.604E-9,2.068E-9,2.533E-9,118.0E-3,75.77E-9,58.74E-9,41.71E-9,92.81E-9
118.0E-3,230.4E-12,724.6E-12,1.223E-9,1.721E-9,2.220E-9,2.718E-9,120.0E-3,81.24E-9,62.98E-9,44.72E-9,99.50E-9
120.0E-3,247.2E-12,777.5E-12,1.312E-9,1.847E-9,2.382E-9,2.917E-9,122.0E-3,87.10E-9,67.52E-9,47.94E-9,106.7E-9
122.0E-3,265.2E-12,834.3E-12,1.408E-9,1.982E-9,2.556E-9,3.131E-9,124.0E-3,93.37E-9,72.38E-9,51.39E-9,114.4E-9
124.0E-3,284.4E-12,895.1E-12,1.511E-9,2.127E-9,2.743E-9,3.359E-9,126.0E-3,100.1E-9,77.59E-9,55.08E-9,122.6E-9
126.0E-3,305.1E-12,960.3E-12,1.621E-9,2.282E-9,2.943E-9,3.605E-9,128.0E-3,107.3E-9,83.17E-9,59.04E-9,131.4E-9
128.0E-3,327.2E-12,1.030E-9,1.739E-9,2.448E-9,3.158E-9,3.867E-9,130.0E-3,115.0E-9,89.14E-9,63.28E-9,140.9E-9
130.0E-3,350.8E-12,1.105E-9,1.866E-9,2.627E-9,3.388E-9,4.149E-9,132.0E-3,123.3E-9,95.54E-9,67.82E-9,151.0E-9
132.0E-3,376.2E-12,1.185E-9,2.001E-9,2.818E-9,3.634E-9,4.451E-9,134.0E-3,132.1E-9,102.4E-9,72.69E-9,161.8E-9
134.0E-3,403.4E-12,1.271E-9,2.147E-9,3.023E-9,3.899E-9,4.775E-9,136.0E-3,141.6E-9,109.7E-9,77.89E-9,173.4E-9
136.0E-3,432.5E-12,1.363E-9,2.302E-9,3.242E-9,4.182E-9,5.122E-9,138.0E-3,151.7E-9,117.6E-9,83.47E-9,185.8E-9
138.0E-3,463.6E-12,1.462E-9,2.469E-9,3.477E-9,4.485E-9,5.493E-9,140.0E-3,162.6E-9,126.0E-9,89.43E-9,199.2E-9
140.0E-3,497.0E-12,1.568E-9,2.648E-9,3.729E-9,4.810E-9,5.892E-9,142.0E-3,174.2E-9,135.0E-9,95.82E-9,213.4E-9
142.0E-3,532.8E-12,1.681E-9,2.840E-9,3.999E-9,5.159E-9,6.318E-9,144.0E-3,186.6E-9,144.7E-9,102.7E-9,228.6E-9
144.0E-3,571.0E-12,1.802E-9,3.045E-9,4.289E-9,5.532E-9,6.776E-9,146.0E-3,200.0E-9,155.0E-9,110.0E-9,245.0E-9
146.0E-3,612.0E-12,1.932E-9,3.265E-9,4.599E-9,5.932E-9,7.266E-9,148.0E-3,214.2E-9,166.0E-9,117.8E-9,262.4E-9
148.0E-3,655.9E-12,2.072E-9,3.501E-9,4.931E-9,6.361E-9,7.790E-9,150.0E-3,229.5E-9,177.8E-9,126.2E-9,281.1E-9
150.0E-3,702.9E-12,2.221E-9,3.753E-9,5.286E-9,6.820E-9,8.353E-9,152.0E-3,245.8E-9,190.5E-9,135.2E-9,301.1E-9
152.0E-3,753.2E-12,2.380E-9,4.024E-9,5.667E-9,7.311E-9,8.955E-9,154.0E-3,263.3E-9,204.0E-9,144.8E-9,322.5E-9
154.0E-3,807.0E-12,2.551E-9,4.313E-9,6.075E-9,7.838E-9,9.600E-9,156.0E-3,282.0E-9,218.5E-9,155.0E-9,345.5E-9
156.0E-3,864.6E-12,2.735E-9,4.623E-9,6.512E-9,8.402E-9,10.29E-9,158.0E-3,302.0E-9,234.0E-9,166.0E-9,370.0E-9
158.0E-3,926.2E-12,2.931E-9,4.955E-9,6.980E-9,9.006E-9,11.03E-9,160.0E-3,323.4E-9,250.6E-9,177.8E-9,396.2E-9
160.0E-3,992.2E-12,3.141E-9,5.311E-9,7.482E-9,9.652E-9,11.82E-9,162.0E-3,346.3E-9,268.3E-9,190.3E-9,424.2E-9
162.0E-3,1.063E-9,3.365E-9,5.691E-9,8.018E-9,10.34E-9,12.67E-9,164.0E-3,370.8E-9,287.3E-9,203.8E-9,454.2E-9
164.0E-3,1.138E-9,3.606E-9,6.099E-9,8.593E-9,11.09E-9,13.58E-9,166.0E-3,396.9E-9,307.6E-9,218.2E-9,486.3E-9
166.0E-3,1.219E-9,3.863E-9,6.535E-9,9.208E-9,11.88E-9,14.55E-9,168.0E-3,424.9E-9,329.2E-9,233.5E-9,520.6E-9
168.0E-3,1.305E-9,4.139E-9,7.002E-9,9.866E-9,12.73E-9,15.59E-9,170.0E-3,454.9E-9,352.4E-9,250.0E-9,557.3E-9
170.0E-3,1.398E-9,4.434E-9,7.502E-9,10.57E-9,13.64E-9,16.71E-9,172.0E-3,486.9E-9,377.2E-9,267.6E-9,596.6E-9
172.0E-3,1.497E-9,4.750E-9,8.038E-9,11.33E-9,14.61E-9,17.90E-9,174.0E-3,521.1E-9,403.7E-9,286.3E-9,638.5E-9
174.0E-3,1.602E-9,5.088E-9,8.610E-9,12.13E-9,15.66E-9,19.18E-9,176.0E-3,557.7E-9,432.1E-9,306.4E-9,683.4E-9
176.0E-3,1.715E-9,5.449E-9,9.223E-9,13.00E-9,16.77E-9,20.55E-9,178.0E-3,596.8E-9,462.4E-9,327.9E-9,731.3E-9
178.0E-3,1.836E-9,5.836E-9,9.879E-9,13.92E-9,17.97E-9,22.01E-9,180.0E-3,638.6E-9,494.7E-9,350.8E-9,782.5E-9
180.0E-3,1.965E-9,6.250E-9,10.58E-9,14.91E-9,19.24E-9,23.57E-9,182.0E-3,683.3E-9,529.3E-9,375.3E-9,837.2E-9
182.0E-3,2.104E-9,6.692E-9,11.33E-9,15.97E-9,20.61E-9,25.25E-9,184.0E-3,731.0E-9,566.3E-9,401.5E-9,895.7E-9
184.0E-3,2.251E-9,7.166E-9,12.13E-9,17.10E-9,22.07E-9,27.04E-9,186.0E-3,782.0E-9,605.7E-9,429.5E-9,958.2E-9
186.0E-3,2.409E-9,7.672E-9,12.99E-9,18.31E-9,23.63E-9,28.96E-9,188.0E-3,836.4E-9,647.9E-9,459.3E-9,1.025E-6
188.0E-3,2.577E-9,8.213E-9,13.91E-9,19.61E-9,25.31E-9,31.01E-9,190.0E-3,894.6E-9,692.9E-9,491.2E-9,1.096E-6
190.0E-3,2.757E-9,8.792E-9,14.89E-9,21.00E-9,27.10E-9,33.20E-9,192.0E-3,956.7E-9,741.0E-9,525.3E-9,1.172E-6
192.0E-3,2.950E-9,9.411E-9,15.94E-9,22.48E-9,29.01E-9,35.54E-9,194.0E-3,1.023E-6,792.4E-9,561.7E-9,1.254E-6
194.0E-3,3.155E-9,10.07E-9,17.07E-9,24.06E-9,31.06E-9,38.05E-9,196.0E-3,1.094E-6,847.2E-9,600.5E-9,1.341E-6
196.0E-3,3.374E-9,10.78E-9,18.27E-9,25.76E-9,33.24E-9,40.73E-9,198.0E-3,1.170E-6,905.7E-9,641.9E-9,1.433E-6
198.0E-3,3.609E-9,11.54E-9,19.55E-9,27.57E-9,35.58E-9,43.60E-9,200.0E-3,1.250E-6,968.2E-9,686.2E-9,1.532E-6
200.0E-3,3.859E-9,12.34E-9,20.93E-9,29.50E-9,38.08E-9,46.66E-9,202.0E-3,1.336E-6,1.035E-6,733.4E-9,1.638E-6
202.0E-3,4.126E-9,13.21E-9,22.39E-9,31.57E-9,40.76E-9,49.94E-9,204.0E-3,1.428E-6,1.106E-6,783.7E-9,1.750E-6
204.0E-3,4.411E-9,14.13E-9,23.96E-9,33.79E-9,43.61E-9,53.44E-9,206.0E-3,1.526E-6,1.182E-6,837.5E-9,1.871E-6
206.0E-3,4.715E-9,15.12E-9,25.63E-9,36.15E-9,46.67E-9,57.18E-9,208.0E-3,1.631E-6,1.263E-6,894.8E-9,1.999E-6
208.0E-3,5.039E-9,16.17E-9,27.42E-9,38.68E-9,49.93E-9,61.18E-9,210.0E-3,1.743E-6,1.349E-6,955.9E-9,2.136E-6
210.0E-3,5.386E-9,17.29E-9,29.34E-9,41.37E-9,53.41E-9,65.45E-9,212.0E-3,1.862E-6,1.441E-6,1.021E-6,2.282E-6
212.0E-3,5.755E-9,18.49E-9,31.38E-9,44.26E-9,57.14E-9,70.01E-9,214.0E-3,1.988E-6,1.540E-6,1.091E-6,2.437E-6
214.0E-3,6.149E-9,19.78E-9,33.56E-9,47.34E-9,61.11E-9,74.89E-9,216.0E-3,2.124E-6,1.644E-6,1.165E-6,2.603E-6
216.0E-3,6.569E-9,21.15E-9,35.89E-9,50.63E-9,65.36E-9,80.09E-9,218.0E-3,2.268E-6,1.756E-6,1.244E-6,2.780E-6
218.0E-3,7.017E-9,22.61E-9,38.37E-9,54.14E-9,69.90E-9,85.65E-9,220.0E-3,2.422E-6,1.875E-6,1.328E-6,2.968E-6
220.0E-3,7.495E-9,24.17E-9,41.03E-9,57.89E-9,74.74E-9,91.59E-9,222.0E-3,2.585E-6,2.001E-6,1.417E-6,3.169E-6
222.0E-3,8.004E-9,25.83E-9,43.86E-9,61.89E-9,79.91E-9,97.93E-9,224.0E-3,2.760E-6,2.136E-6,1.513E-6,3.383E-6
224.0E-3,8.546E-9,27.61E-9,46.89E-9,66.16E-9,85.43E-9,104.7E-9,226.0E-3,2.945E-6,2.280E-6,1.614E-6,3.611E-6
226.0E-3,9.124E-9,29.51E-9,50.12E-9,70.72E-9,91.32E-9,111.9E-9,228.0E-3,3.143E-6,2.433E-6,1.722E-6,3.853E-6
228.0E-3,9.739E-9,31.53E-9,53.56E-9,75.59E-9,97.61E-9,119.6E-9,230.0E-3,3.354E-6,2.596E-6,1.838E-6,4.112E-6
230.0E-3,10.39E-9,33.69E-9,57.24E-9,80.78E-9,104.3E-9,127.8E-9,232.0E-3,3.578E-6,2.769E-6,1.960E-6,4.387E-6
232.0E-3,11.09E-9,35.99E-9,61.16E-9,86.32E-9,111.5E-9,136.6E-9,234.0E-3,3.817E-6,2.954E-6,2.091E-6,4.679E-6
234.0E-3,11.84E-9,38.44E-9,65.34E-9,92.23E-9,119.1E-9,146.0E-9,236.0E-3,4.071E-6,3.150E-6,2.229E-6,4.991E-6
236.0E-3,12.63E-9,41.06E-9,69.80E-9,98.53E-9,127.2E-9,156.0E-9,238.0E-3,4.341E-6,3.359E-6,2.377E-6,5.322E-6
238.0E-3,13.47E-9,43.84E-9,74.55E-9,105.2E-9,135.9E-9,166.6E-9,240.0E-3,4.628E-6,3.581E-6,2.534E-6,5.675E-6
240.0E-3,14.37E-9,46.81E-9,79.62E-9,112.4E-9,145.2E-9,178.0E-9,242.0E-3,4.934E-6,3.817E-6,2.701E-6,6.049E-6
242.0E-3,15.32E-9,49.98E-9,85.02E-9,120.0E-9,155.0E-9,190.1E-9,244.0E-3,5.258E-6,4.069E-6,2.878E-6,6.448E-6
244.0E-3,16.33E-9,53.35E-9,90.78E-9,128.2E-9,165.6E-9,202.9E-9,246.0E-3,5.603E-6,4.335E-6,3.067E-6,6.871E-6
246.0E-3,17.41E-9,56.95E-9,96.91E-9,136.8E-9,176.8E-9,216.7E-9,248.0E-3,5.970E-6,4.619E-6,3.267E-6,7.321E-6
248.0E-3,18.55E-9,60.77E-9,103.4E-9,146.1E-9,188.7E-9,231.3E-9,250.0E-3,6.360E-6,4.920E-6,3.480E-6,7.799E-6
250.0E-3,19.77E-9,64.85E-9,110.4E-9,155.9E-9,201.4E-9,246.9E-9,252.0E-3,6.773E-6,5.240E-6,3.705E-6,8.307E-6
252.0E-3,21.06E-9,69.19E-9,117.8E-9,166.4E-9,215.0E-9,263.5E-9,254.0E-3,7.213E-6,5.579E-6,3.945E-6,8.846E-6
254.0E-3,22.44E-9,73.80E-9,125.7E-9,177.6E-9,229.4E-9,281.2E-9,256.0E-3,7.679E-6,5.940E-6,4.199E-6,9.418E-6
256.0E-3,23.90E-9,78.72E-9,134.1E-9,189.4E-9,244.8E-9,300.1E-9,258.0E-3,8.174E-6,6.322E-6,4.469E-6,10.03E-6
258.0E-3,25.45E-9,83.94E-9,143.0E-9,202.1E-9,261.1E-9,320.1E-9,260.0E-3,8.699E-6,6.728E-6,4.755E-6,10.67E-6
260.0E-3,27.09E-9,89.51E-9,152.6E-9,215.5E-9,278.5E-9,341.5E-9,262.0E-3,9.255E-6,7.158E-6,5.059E-6,11.35E-6
262.0E-3,28.84E-9,95.42E-9,162.7E-9,229.9E-9,297.0E-9,364.2E-9,264.0E-3,9.846E-6,7.614E-6,5.380E-6,12.08E-6
264.0E-3,30.69E-9,101.7E-9,173.4E-9,245.1E-9,316.7E-9,388.3E-9,266.0E-3,10.47E-6,8.097E-6,5.721E-6,12.84E-6
266.0E-3,32.65E-9,108.4E-9,184.9E-9,261.3E-9,337.7E-9,414.0E-9,268.0E-3,11.13E-6,8.609E-6,6.082E-6,13.66E-6
268.0E-3,34.73E-9,115.5E-9,197.0E-9,278.5E-9,359.9E-9,441.3E-9,270.0E-3,11.84E-6,9.151E-6,6.465E-6,14.52E-6
270.0E-3,36.94E-9,123.0E-9,210.0E-9,296.8E-9,383.6E-9,470.4E-9,272.0E-3,12.58E-6,9.726E-6,6.870E-6,15.43E-6
272.0E-3,39.27E-9,131.1E-9,223.7E-9,316.3E-9,408.8E-9,501.2E-9,274.0E-3,13.37E-6,10.33E-6,7.298E-6,16.40E-6
274.0E-3,41.75E-9,139.6E-9,238.3E-9,336.9E-9,435.5E-9,534.0E-9,276.0E-3,14.20E-6,10.98E-6,7.751E-6,17.42E-6
276.0E-3,44.37E-9,148.6E-9,253.8E-9,358.9E-9,463.9E-9,568.9E-9,278.0E-3,15.08E-6,11.66E-6,8.231E-6,18.50E-6
278.0E-3,47.15E-9,158.2E-9,270.3E-9,382.2E-9,494.1E-9,605.9E-9,280.0E-3,16.01E-6,12.38E-6,8.738E-6,19.65E-6
280.0E-3,50.09E-9,168.4E-9,287.7E-9,406.9E-9,526.1E-9,645.2E-9,282.0E-3,17.00E-6,13.14E-6,9.273E-6,20.86E-6
282.0E-3,53.20E-9,179.2E-9,306.3E-9,433.2E-9,560.1E-9,686.9E-9,284.0E-3,18.04E-6,13.94E-6,9.839E-6,22.14E-6
284.0E-3,56.49E-9,190.7E-9,326.0E-9,461.1E-9,596.2E-9,731.2E-9,286.0E-3,19.14E-6,14.79E-6,10.44E-6,23.49E-6
286.0E-3,59.97E-9,202.8E-9,346.8E-9,490.7E-9,634.4E-9,778.2E-9,288.0E-3,20.30E-6,15.69E-6,11.07E-6,24.92E-6
288.0E-3,63.65E-9,215.7E-9,369.0E-9,522.0E-9,675.0E-9,828.0E-9,290.0E-3,21.53E-6,16.63E-6,11.73E-6,26.42E-6
290.0E-3,67.53E-9,229.3E-9,392.4E-9,555.3E-9,718.1E-9,880.8E-9,292.0E-3,22.82E-6,17.63E-6,12.44E-6,28.01E-6
292.0E-3,71.64E-9,243.8E-9,417.3E-9,590.6E-9,763.7E-9,936.9E-9,294.0E-3,24.19E-6,18.68E-6,13.18E-6,29.69E-6
294.0E-3,75.97E-9,259.1E-9,443.7E-9,627.9E-9,812.1E-9,996.2E-9,296.0E-3,25.63E-6,19.79E-6,13.96E-6,31.46E-6
296.0E-3,80.55E-9,275.3E-9,471.6E-9,667.5E-9,863.4E-9,1.059E-6,298.0E-3,27.14E-6,20.97E-6,14.78E-6,33.32E-6
298.0E-3,85.38E-9,292.5E-9,501.2E-9,709.5E-9,917.7E-9,1.126E-6,300.0E-3,28.74E-6,22.20E-6,15.65E-6,35.29E-6
300.0E-3,90.48E-9,310.7E-9,532.5E-9,753.9E-9,975.1E-9,1.196E-6,302.0E-3,30.43E-6,23.50E-6,16.56E-6,37.35E-6
302.0E-3,95.85E-9,329.9E-9,565.6E-9,800.9E-9,1.036E-6,1.271E-6,304.0E-3,32.20E-6,24.86E-6,17.52E-6,39.53E-6
304.0E-3,101.5E-9,350.2E-9,600.6E-9,850.6E-9,1.100E-6,1.350E-6,306.0E-3,34.06E-6,26.30E-6,18.53E-6,41.83E-6
306.0E-3,107.5E-9,371.7E-9,637.7E-9,903.2E-9,1.169E-6,1.434E-6,308.0E-3,36.03E-6,27.81E-6,19.59E-6,44.24E-6
308.0E-3,113.8E-9,394.4E-9,676.9E-9,958.8E-9,1.241E-6,1.522E-6,310.0E-3,38.09E-6,29.40E-6,20.71E-6,46.77E-6
310.0E-3,120.4E-9,418.4E-9,718.3E-9,1.018E-6,1.317E-6,1.616E-6,312.0E-3,40.26E-6,31.08E-6,21.89E-6,49.44E-6
312.0E-3,127.4E-9,443.7E-9,762.1E-9,1.080E-6,1.397E-6,1.715E-6,314.0E-3,42.54E-6,32.83E-6,23.12E-6,52.24E-6
314.0E-3,134.7E-9,470.5E-9,808.3E-9,1.145E-6,1.482E-6,1.819E-6,316.0E-3,44.93E-6,34.68E-6,24.41E-6,55.18E-6
316.0E-3,142.4E-9,498.7E-9,857.1E-9,1.215E-6,1.572E-6,1.930E-6,318.0E-3,47.44E-6,36.61E-6,25.77E-6,58.27E-6
318.0E-3,150.6E-9,528.5E-9,908.7E-9,1.288E-6,1.667E-6,2.046E-6,320.0E-3,50.08E-6,38.64E-6,27.19E-6,61.51E-6
320.0E-3,159.1E-9,560.0E-9,963.1E-9,1.365E-6,1.767E-6,2.169E-6,322.0E-3,52.84E-6,40.77E-6,28.69E-6,64.91E-6
322.0E-3,168.1E-9,593.1E-9,1.020E-6,1.447E-6,1.873E-6,2.299E-6,324.0E-3,55.74E-6,43.00E-6,30.25E-6,68.47E-6
324.0E-3,177.5E-9,628.0E-9,1.081E-6,1.533E-6,1.984E-6,2.436E-6,326.0E-3,58.78E-6,45.34E-6,31.89E-6,72.21E-6
326.0E-3,187.4E-9,664.9E-9,1.145E-6,1.624E-6,2.102E-6,2.580E-6,328.0E-3,61.96E-6,47.79E-6,33.61E-6,76.12E-6
328.0E-3,197.8E-9,703.6E-9,1.212E-6,1.719E-6,2.226E-6,2.733E-6,330.0E-3,65.29E-6,50.35E-6,35.40E-6,80.21E-6
330.0E-3,208.7E-9,744.5E-9,1.283E-6,1.820E-6,2.356E-6,2.893E-6,332.0E-3,68.77E-6,53.04E-6,37.28E-6,84.50E-6
332.0E-3,220.2E-9,787.4E-9,1.357E-6,1.926E-6,2.494E-6,3.062E-6,334.0E-3,72.42E-6,55.84E-6,39.25E-6,88.99E-6
334.0E-3,232.2E-9,832.7E-9,1.436E-6,2.038E-6,2.639E-6,3.240E-6,336.0E-3,76.23E-6,58.78E-6,41.31E-6,93.67E-6
336.0E-3,244.7E-9,880.2E-9,1.518E-6,2.155E-6,2.791E-6,3.427E-6,338.0E-3,80.21E-6,61.84E-6,43.45E-6,98.58E-6
338.0E-3,257.9E-9,930.2E-9,1.605E-6,2.279E-6,2.952E-6,3.624E-6,340.0E-3,84.38E-6,65.04E-6,45.69E-6,103.7E-6
340.0E-3,271.7E-9,982.8E-9,1.697E-6,2.409E-6,3.120E-6,3.832E-6,342.0E-3,88.72E-6,68.39E-6,48.03E-6,109.0E-6
342.0E-3,286.2E-9,1.038E-6,1.793E-6,2.546E-6,3.298E-6,4.050E-6,344.0E-3,93.26E-6,71.88E-6,50.48E-6,114.6E-6
344.0E-3,301.3E-9,1.096E-6,1.894E-6,2.689E-6,3.484E-6,4.279E-6,346.0E-3,97.99E-6,75.52E-6,53.03E-6,120.5E-6
346.0E-3,317.2E-9,1.157E-6,2.000E-6,2.840E-6,3.680E-6,4.520E-6,348.0E-3,102.9E-6,79.32E-6,55.68E-6,126.5E-6
348.0E-3,333.8E-9,1.221E-6,2.111E-6,2.999E-6,3.886E-6,4.773E-6,350.0E-3,108.1E-6,83.28E-6,58.45E-6,132.9E-6
350.0E-3,351.1E-9,1.288E-6,2.228E-6,3.166E-6,4.102E-6,5.039E-6,352.0E-3,113.4E-6,87.40E-6,61.34E-6,139.5E-6
352.0E-3,369.2E-9,1.358E-6,2.351E-6,3.340E-6,4.329E-6,5.318E-6,354.0E-3,119.0E-6,91.70E-6,64.34E-6,146.4E-6
354.0E-3,388.2E-9,1.432E-6,2.479E-6,3.524E-6,4.567E-6,5.611E-6,356.0E-3,124.9E-6,96.17E-6,67.47E-6,153.5E-6
356.0E-3,408.0E-9,1.509E-6,2.614E-6,3.716E-6,4.817E-6,5.918E-6,358.0E-3,130.9E-6,100.8E-6,70.72E-6,161.0E-6
358.0E-3,428.7E-9,1.591E-6,2.756E-6,3.918E-6,5.079E-6,6.240E-6,360.0E-3,137.2E-6,105.7E-6,74.11E-6,168.7E-6
360.0E-3,450.3E-9,1.675E-6,2.904E-6,4.129E-6,5.353E-6,6.577E-6,362.0E-3,143.8E-6,110.7E-6,77.63E-6,176.8E-6
362.0E-3,472.8E-9,1.764E-6,3.059E-6,4.351E-6,5.641E-6,6.931E-6,364.0E-3,150.6E-6,116.0E-6,81.29E-6,185.2E-6
364.0E-3,496.3E-9,1.857E-6,3.222E-6,4.583E-6,5.942E-6,7.301E-6,366.0E-3,157.7E-6,121.4E-6,85.09E-6,193.9E-6
366.0E-3,520.9E-9,1.955E-6,3.392E-6,4.825E-6,6.257E-6,7.689E-6,368.0E-3,165.0E-6,127.1E-6,89.04E-6,203.0E-6
368.0E-3,546.4E-9,2.056E-6,3.570E-6,5.079E-6,6.587E-6,8.095E-6,370.0E-3,172.7E-6,132.9E-6,93.14E-6,212.4E-6
370.0E-3,573.1E-9,2.163E-6,3.756E-6,5.345E-6,6.933E-6,8.520E-6,372.0E-3,180.6E-6,139.0E-6,97.39E-6,222.2E-6
372.0E-3,600.9E-9,2.274E-6,3.951E-6,5.623E-6,7.294E-6,8.964E-6,374.0E-3,188.8E-6,145.4E-6,101.8E-6,232.3E-6
374.0E-3,629.9E-9,2.390E-6,4.155E-6,5.914E-6,7.672E-6,9.429E-6,376.0E-3,197.4E-6,151.9E-6,106.4E-6,242.8E-6
376.0E-3,660.1E-9,2.512E-6,4.368E-6,6.218E-6,8.066E-6,9.914E-6,378.0E-3,206.3E-6,158.7E-6,111.1E-6,253.8E-6
378.0E-3,691.5E-9,2.639E-6,4.590E-6,6.535E-6,8.479E-6,10.42E-6,380.0E-3,215.5E-6,165.8E-6,116.1E-6,265.1E-6
380.0E-3,724.3E-9,2.771E-6,4.822E-6,6.867E-6,8.910E-6,10.95E-6,382.0E-3,225.0E-6,173.1E-6,121.2E-6,276.8E-6
382.0E-3,758.3E-9,2.909E-6,5.064E-6,7.213E-6,9.360E-6,11.51E-6,384.0E-3,234.9E-6,180.7E-6,126.5E-6,289.0E-6
384.0E-3,793.8E-9,3.053E-6,5.317E-6,7.575E-6,9.830E-6,12.08E-6,386.0E-3,245.1E-6,188.6E-6,131.9E-6,301.6E-6
386.0E-3,830.7E-9,3.203E-6,5.581E-6,7.952E-6,10.32E-6,12.69E-6,388.0E-3,255.7E-6,196.7E-6,137.6E-6,314.7E-6
388.0E-3,869.1E-9,3.360E-6,5.856E-6,8.345E-6,10.83E-6,13.32E-6,390.0E-3,266.7E-6,205.1E-6,143.5E-6,328.2E-6
390.0E-3,909.0E-9,3.524E-6,6.143E-6,8.755E-6,11.36E-6,13.97E-6,392.0E-3,278.0E-6,213.8E-6,149.6E-6,342.2E-6
392.0E-3,950.4E-9,3.694E-6,6.443E-6,9.183E-6,11.92E-6,14.66E-6,394.0E-3,289.8E-6,222.9E-6,155.9E-6,356.7E-6
394.0E-3,993.5E-9,3.871E-6,6.754E-6,9.629E-6,12.50E-6,15.37E-6,396.0E-3,301.9E-6,232.2E-6,162.4E-6,371.7E-6
396.0E-3,1.038E-6,4.056E-6,7.079E-6,10.09E-6,13.10E-6,16.11E-6,398.0E-3,314.5E-6,241.9E-6,169.1E-6,387.2E-6
398.0E-3,1.085E-6,4.248E-6,7.417E-6,10.58E-6,13.73E-6,16.89E-6,400.0E-3,327.6E-6,251.9E-6,176.1E-6,403.2E-6
400.0E-3,1.133E-6,4.448E-6,7.770E-6,11.08E-6,14.39E-6,17.69E-6,402.0E-3,341.0E-6,262.2E-6,183.3E-6,419.8E-6
402.0E-3,1.183E-6,4.656E-6,8.136E-6,11.60E-6,15.07E-6,18.53E-6,404.0E-3,354.9E-6,272.9E-6,190.7E-6,436.9E-6
404.0E-3,1.236E-6,4.873E-6,8.518E-6,12.15E-6,15.78E-6,19.41E-6,406.0E-3,369.3E-6,283.9E-6,198.4E-6,454.7E-6
406.0E-3,1.290E-6,5.098E-6,8.915E-6,12.72E-6,16.52E-6,20.32E-6,408.0E-3,384.2E-6,295.3E-6,206.4E-6,473.0E-6
408.0E-3,1.346E-6,5.333E-6,9.327E-6,13.31E-6,17.29E-6,21.26E-6,410.0E-3,399.5E-6,307.1E-6,214.6E-6,491.9E-6
410.0E-3,1.404E-6,5.576E-6,9.757E-6,13.92E-6,18.09E-6,22.25E-6,412.0E-3,415.4E-6,319.3E-6,223.1E-6,511.5E-6
412.0E-3,1.464E-6,5.829E-6,10.20E-6,14.56E-6,18.92E-6,23.27E-6,414.0E-3,431.8E-6,331.9E-6,231.9E-6,531.7E-6
414.0E-3,1.527E-6,6.092E-6,10.67E-6,15.23E-6,19.78E-6,24.33E-6,416.0E-3,448.7E-6,344.9E-6,240.9E-6,552.5E-6
416.0E-3,1.592E-6,6.365E-6,11.15E-6,15.92E-6,20.68E-6,25.44E-6,418.0E-3,466.2E-6,358.3E-6,250.3E-6,574.1E-6
418.0E-3,1.660E-6,6.649E-6,11.65E-6,16.63E-6,21.61E-6,26.59E-6,420.0E-3,484.2E-6,372.1E-6,259.9E-6,596.3E-6
420.0E-3,1.729E-6,6.944E-6,12.17E-6,17.38E-6,22.58E-6,27.78E-6,422.0E-3,502.9E-6,386.4E-6,269.9E-6,619.3E-6
422.0E-3,1.802E-6,7.250E-6,12.71E-6,18.15E-6,23.58E-6,29.02E-6,424.0E-3,522.1E-6,401.2E-6,280.2E-6,642.9E-6
424.0E-3,1.877E-6,7.567E-6,13.27E-6,18.95E-6,24.63E-6,30.30E-6,426.0E-3,541.9E-6,416.4E-6,290.8E-6,667.4E-6
426.0E-3,1.955E-6,7.896E-6,13.85E-6,19.78E-6,25.71E-6,31.64E-6,428.0E-3,562.4E-6,432.1E-6,301.7E-6,692.6E-6
428.0E-3,2.035E-6,8.238E-6,14.45E-6,20.65E-6,26.84E-6,33.02E-6,430.0E-3,583.5E-6,448.3E-6,313.0E-6,718.6E-6
430.0E-3,2.118E-6,8.593E-6,15.08E-6,21.55E-6,28.00E-6,34.46E-6,432.0E-3,605.3E-6,465.0E-6,324.6E-6,745.4E-6
432.0E-3,2.205E-6,8.960E-6,15.73E-6,22.48E-6,29.22E-6,35.95E-6,434.0E-3,627.7E-6,482.3E-6,336.6E-6,773.1E-6
434.0E-3,2.294E-6,9.341E-6,16.40E-6,23.44E-6,30.47E-6,37.50E-6,436.0E-3,650.9E-6,500.0E-6,349.0E-6,801.6E-6
436.0E-3,2.387E-6,9.736E-6,17.10E-6,24.44E-6,31.77E-6,39.10E-6,438.0E-3,674.7E-6,518.3E-6,361.8E-6,831.1E-6
438.0E-3,2.482E-6,10.15E-6,17.82E-6,25.48E-6,33.12E-6,40.76E-6,440.0E-3,699.3E-6,537.2E-6,374.9E-6,861.4E-6
440.0E-3,2.582E-6,10.57E-6,18.57E-6,26.55E-6,34.52E-6,42.49E-6,442.0E-3,724.7E-6,556.7E-6,388.5E-6,892.6E-6
442.0E-3,2.684E-6,11.01E-6,19.35E-6,27.66E-6,35.97E-6,44.27E-6,444.0E-3,750.8E-6,576.7E-6,402.4E-6,924.8E-6
444.0E-3,2.790E-6,11.46E-6,20.16E-6,28.82E-6,37.47E-6,46.12E-6,446.0E-3,777.7E-6,597.4E-6,416.8E-6,958.0E-6
446.0E-3,2.900E-6,11.94E-6,20.99E-6,30.01E-6,39.03E-6,48.04E-6,448.0E-3,805.5E-6,618.7E-6,431.7E-6,992.2E-6
448.0E-3,3.013E-6,12.42E-6,21.85E-6,31.25E-6,40.64E-6,50.02E-6,450.0E-3,834.0E-6,640.6E-6,446.9E-6,1.027E-3
450.0E-3,3.130E-6,12.93E-6,22.75E-6,32.53E-6,42.31E-6,52.08E-6,452.0E-3,863.4E-6,663.1E-6,462.6E-6,1.064E-3
452.0E-3,3.251E-6,13.45E-6,23.67E-6,33.86E-6,44.03E-6,54.20E-6,454.0E-3,893.7E-6,686.4E-6,478.8E-6,1.101E-3
454.0E-3,3.377E-6,13.99E-6,24.63E-6,35.23E-6,45.82E-6,56.40E-6,456.0E-3,924.9E-6,710.3E-6,495.5E-6,1.139E-3
456.0E-3,3.506E-6,14.55E-6,25.62E-6,36.65E-6,47.67E-6,58.68E-6,458.0E-3,957.0E-6,734.9E-6,512.6E-6,1.179E-3
458.0E-3,3.640E-6,15.13E-6,26.65E-6,38.12E-6,49.58E-6,61.04E-6,460.0E-3,990.0E-6,760.3E-6,530.3E-6,1.220E-3
460.0E-3,3.778E-6,15.73E-6,27.71E-6,39.64E-6,51.56E-6,63.48E-6,462.0E-3,1.024E-3,786.3E-6,548.4E-6,1.261E-3
462.0E-3,3.920E-6,16.35E-6,28.80E-6,41.21E-6,53.61E-6,66.00E-6,464.0E-3,1.059E-3,813.1E-6,567.1E-6,1.305E-3
464.0E-3,4.067E-6,16.99E-6,29.94E-6,42.84E-6,55.73E-6,68.61E-6,466.0E-3,1.095E-3,840.7E-6,586.3E-6,1.349E-3
466.0E-3,4.219E-6,17.65E-6,31.11E-6,44.52E-6,57.92E-6,71.31E-6,468.0E-3,1.132E-3,869.0E-6,606.1E-6,1.394E-3
468.0E-3,4.376E-6,18.34E-6,32.32E-6,46.26E-6,60.18E-6,74.10E-6,470.0E-3,1.170E-3,898.2E-6,626.3E-6,1.441E-3
470.0E-3,4.538E-6,19.05E-6,33.57E-6,48.06E-6,62.52E-6,76.98E-6,472.0E-3,1.209E-3,928.1E-6,647.2E-6,1.489E-3
472.0E-3,4.704E-6,19.78E-6,34.87E-6,49.91E-6,64.94E-6,79.96E-6,474.0E-3,1.249E-3,958.9E-6,668.6E-6,1.539E-3
474.0E-3,4.877E-6,20.53E-6,36.21E-6,51.83E-6,67.44E-6,83.04E-6,476.0E-3,1.290E-3,990.5E-6,690.6E-6,1.590E-3
476.0E-3,5.054E-6,21.31E-6,37.59E-6,53.81E-6,70.02E-6,86.22E-6,478.0E-3,1.332E-3,1.023E-3,713.3E-6,1.642E-3
478.0E-3,5.237E-6,22.12E-6,39.01E-6,55.86E-6,72.68E-6,89.50E-6,480.0E-3,1.376E-3,1.056E-3,736.5E-6,1.695E-3
480.0E-3,5.426E-6,22.95E-6,40.49E-6,57.97E-6,75.43E-6,92.89E-6,482.0E-3,1.420E-3,1.091E-3,760.3E-6,1.750E-3
482.0E-3,5.620E-6,23.81E-6,42.01E-6,60.15E-6,78.28E-6,96.39E-6,484.0E-3,1.466E-3,1.126E-3,784.7E-6,1.807E-3
484.0E-3,5.820E-6,24.69E-6,43.58E-6,62.40E-6,81.21E-6,100.0E-6,486.0E-3,1.513E-3,1.162E-3,809.8E-6,1.865E-3
486.0E-3,6.027E-6,25.60E-6,45.20E-6,64.73E-6,84.23E-6,103.7E-6,488.0E-3,1.561E-3,1.199E-3,835.5E-6,1.924E-3
488.0E-3,6.239E-6,26.55E-6,46.87E-6,67.12E-6,87.36E-6,107.6E-6,490.0E-3,1.611E-3,1.237E-3,861.9E-6,1.985E-3
490.0E-3,6.458E-6,27.52E-6,48.59E-6,69.60E-6,90.58E-6,111.6E-6,492.0E-3,1.661E-3,1.275E-3,888.9E-6,2.047E-3
492.0E-3,6.683E-6,28.52E-6,50.37E-6,72.15E-6,93.90E-6,115.6E-6,494.0E-3,1.713E-3,1.315E-3,916.6E-6,2.111E-3
494.0E-3,6.915E-6,29.56E-6,52.20E-6,74.78E-6,97.33E-6,119.9E-6,496.0E-3,1.766E-3,1.356E-3,945.0E-6,2.177E-3
496.0E-3,7.154E-6,30.62E-6,54.09E-6,77.49E-6,100.9E-6,124.2E-6,498.0E-3,1.821E-3,1.398E-3,974.0E-6,2.244E-3
498.0E-3,7.399E-6,31.72E-6,56.04E-6,80.28E-6,104.5E-6,128.7E-6,500.0E-3,1.877E-3,1.440E-3,1.004E-3,2.313E-3
500.0E-3,7.651E-6,32.85E-6,58.05E-6,83.17E-6,108.3E-6,133.3E-6,502.0E-3,1.934E-3,1.484E-3,1.034E-3,2.383E-3
502.0E-3,7.911E-6,34.02E-6,60.12E-6,86.13E-6,112.1E-6,138.1E-6,504.0E-3,1.992E-3,1.529E-3,1.065E-3,2.455E-3
504.0E-3,8.178E-6,35.22E-6,62.25E-6,89.19E-6,116.1E-6,143.0E-6,506.0E-3,2.052E-3,1.575E-3,1.097E-3,2.529E-3
506.0E-3,8.452E-6,36.45E-6,64.44E-6,92.34E-6,120.2E-6,148.1E-6,508.0E-3,2.113E-3,1.622E-3,1.130E-3,2.604E-3
508.0E-3,8.734E-6,37.73E-6,66.70E-6,95.58E-6,124.4E-6,153.3E-6,510.0E-3,2.175E-3,1.669E-3,1.163E-3,2.681E-3
510.0E-3,9.023E-6,39.04E-6,69.03E-6,98.92E-6,128.8E-6,158.6E-6,512.0E-3,2.239E-3,1.718E-3,1.197E-3,2.760E-3
512.0E-3,9.320E-6,40.38E-6,71.42E-6,102.4E-6,133.3E-6,164.2E-6,514.0E-3,2.304E-3,1.768E-3,1.232E-3,2.840E-3
514.0E-3,9.626E-6,41.77E-6,73.88E-6,105.9E-6,137.9E-6,169.8E-6,516.0E-3,2.371E-3,1.819E-3,1.267E-3,2.922E-3
516.0E-3,9.939E-6,43.20E-6,76.42E-6,109.5E-6,142.6E-6,175.7E-6,518.0E-3,2.439E-3,1.871E-3,1.303E-3,3.006E-3
518.0E-3,10.26E-6,44.67E-6,79.03E-6,113.3E-6,147.5E-6,181.7E-6,520.0E-3,2.508E-3,1.924E-3,1.340E-3,3.091E-3
520.0E-3,10.59E-6,46.18E-6,81.71E-6,117.1E-6,152.5E-6,187.9E-6,522.0E-3,2.579E-3,1.979E-3,1.378E-3,3.178E-3
522.0E-3,10.93E-6,47.73E-6,84.46E-6,121.1E-6,157.7E-6,194.2E-6,524.0E-3,2.651E-3,2.034E-3,1.416E-3,3.267E-3
524.0E-3,11.28E-6,49.32E-6,87.29E-6,125.2E-6,163.0E-6,200.8E-6,526.0E-3,2.724E-3,2.090E-3,1.455E-3,3.358E-3
526.0E-3,11.63E-6,50.96E-6,90.21E-6,129.3E-6,168.4E-6,207.5E-6,528.0E-3,2.799E-3,2.147E-3,1.495E-3,3.450E-3
528.0E-3,12.00E-6,52.64E-6,93.20E-6,133.6E-6,174.0E-6,214.4E-6,530.0E-3,2.875E-3,2.206E-3,1.536E-3,3.544E-3
530.0E-3,12.37E-6,54.37E-6,96.27E-6,138.0E-6,179.8E-6,221.5E-6,532.0E-3,2.953E-3,2.265E-3,1.577E-3,3.640E-3
532.0E-3,12.75E-6,56.14E-6,99.42E-6,142.6E-6,185.7E-6,228.8E-6,534.0E-3,3.031E-3,2.325E-3,1.619E-3,3.737E-3
534.0E-3,13.14E-6,57.96E-6,102.7E-6,147.2E-6,191.7E-6,236.2E-6,536.0E-3,3.112E-3,2.387E-3,1.662E-3,3.836E-3
536.0E-3,13.54E-6,59.83E-6,106.0E-6,152.0E-6,198.0E-6,243.9E-6,538.0E-3,3.193E-3,2.449E-3,1.705E-3,3.937E-3
538.0E-3,13.95E-6,61.74E-6,109.4E-6,156.9E-6,204.3E-6,251.8E-6,540.0E-3,3.276E-3,2.513E-3,1.749E-3,4.039E-3
540.0E-3,14.37E-6,63.71E-6,112.9E-6,161.9E-6,210.9E-6,259.8E-6,542.0E-3,3.360E-3,2.577E-3,1.794E-3,4.143E-3
542.0E-3,14.80E-6,65.72E-6,116.5E-6,167.1E-6,217.6E-6,268.1E-6,544.0E-3,3.446E-3,2.643E-3,1.839E-3,4.249E-3
544.0E-3,15.24E-6,67.79E-6,120.2E-6,172.4E-6,224.5E-6,276.6E-6,546.0E-3,3.533E-3,2.709E-3,1.885E-3,4.356E-3
546.0E-3,15.69E-6,69.91E-6,123.9E-6,177.8E-6,231.6E-6,285.3E-6,548.0E-3,3.621E-3,2.777E-3,1.932E-3,4.465E-3
548.0E-3,16.15E-6,72.08E-6,127.8E-6,183.3E-6,238.8E-6,294.3E-6,550.0E-3,3.710E-3,2.845E-3,1.980E-3,4.575E-3
550.0E-3,16.62E-6,74.30E-6,131.7E-6,189.0E-6,246.2E-6,303.4E-6,552.0E-3,3.801E-3,2.915E-3,2.028E-3,4.687E-3
552.0E-3,17.10E-6,76.58E-6,135.8E-6,194.9E-6,253.8E-6,312.8E-6,554.0E-3,3.893E-3,2.985E-3,2.076E-3,4.800E-3
554.0E-3,17.59E-6,78.91E-6,140.0E-6,200.8E-6,261.6E-6,322.4E-6,556.0E-3,3.986E-3,3.056E-3,2.126E-3,4.915E-3
556.0E-3,18.09E-6,81.29E-6,144.2E-6,206.9E-6,269.6E-6,332.2E-6,558.0E-3,4.080E-3,3.128E-3,2.176E-3,5.031E-3
558.0E-3,18.60E-6,83.73E-6,148.6E-6,213.2E-6,277.8E-6,342.3E-6,560.0E-3,4.175E-3,3.201E-3,2.226E-3,5.149E-3
560.0E-3,19.12E-6,86.23E-6,153.0E-6,219.6E-6,286.1E-6,352.6E-6,562.0E-3,4.272E-3,3.275E-3,2.277E-3,5.268E-3
562.0E-3,19.65E-6,88.78E-6,157.6E-6,226.1E-6,294.6E-6,363.1E-6,564.0E-3,4.369E-3,3.350E-3,2.329E-3,5.388E-3
564.0E-3,20.20E-6,91.39E-6,162.2E-6,232.8E-6,303.4E-6,373.9E-6,566.0E-3,4.468E-3,3.425E-3,2.381E-3,5.510E-3
566.0E-3,20.75E-6,94.06E-6,167.0E-6,239.7E-6,312.3E-6,384.9E-6,568.0E-3,4.567E-3,3.501E-3,2.434E-3,5.633E-3
568.0E-3,21.31E-6,96.79E-6,171.9E-6,246.7E-6,321.5E-6,396.2E-6,570.0E-3,4.668E-3,3.578E-3,2.487E-3,5.757E-3
570.0E-3,21.89E-6,99.57E-6,176.8E-6,253.8E-6,330.8E-6,407.7E-6,572.0E-3,4.769E-3,3.656E-3,2.541E-3,5.882E-3
572.0E-3,22.47E-6,102.4E-6,181.9E-6,261.2E-6,340.3E-6,419.5E-6,574.0E-3,4.872E-3,3.734E-3,2.595E-3,6.009E-3
574.0E-3,23.07E-6,105.3E-6,187.1E-6,268.6E-6,350.1E-6,431.5E-6,576.0E-3,4.975E-3,3.813E-3,2.650E-3,6.137E-3
576.0E-3,23.67E-6,108.3E-6,192.4E-6,276.3E-6,360.0E-6,443.8E-6,578.0E-3,5.079E-3,3.893E-3,2.705E-3,6.265E-3
578.0E-3,24.29E-6,111.3E-6,197.8E-6,284.0E-6,370.2E-6,456.3E-6,580.0E-3,5.184E-3,3.973E-3,2.761E-3,6.395E-3
580.0E-3,24.92E-6,114.4E-6,203.3E-6,292.0E-6,380.6E-6,469.1E-6,582.0E-3,5.290E-3,4.054E-3,2.817E-3,6.526E-3
582.0E-3,25.56E-6,117.6E-6,209.0E-6,300.1E-6,391.1E-6,482.1E-6,584.0E-3,5.397E-3,4.136E-3,2.873E-3,6.658E-3
584.0E-3,26.21E-6,120.8E-6,214.7E-6,308.4E-6,401.9E-6,495.4E-6,586.0E-3,5.504E-3,4.218E-3,2.930E-3,6.790E-3
586.0E-3,26.88E-6,124.1E-6,220.6E-6,316.8E-6,412.9E-6,509.0E-6,588.0E-3,5.612E-3,4.300E-3,2.987E-3,6.924E-3
588.0E-3,27.55E-6,127.4E-6,226.5E-6,325.4E-6,424.2E-6,522.9E-6,590.0E-3,5.721E-3,4.383E-3,3.044E-3,7.058E-3
590.0E-3,28.23E-6,130.8E-6,232.6E-6,334.2E-6,435.6E-6,537.0E-6,592.0E-3,5.830E-3,4.467E-3,3.102E-3,7.193E-3
592.0E-3,28.93E-6,134.3E-6,238.8E-6,343.1E-6,447.3E-6,551.4E-6,594.0E-3,5.940E-3,4.551E-3,3.160E-3,7.329E-3
594.0E-3,29.64E-6,137.8E-6,245.2E-6,352.2E-6,459.1E-6,566.0E-6,596.0E-3,6.050E-3,4.635E-3,3.218E-3,7.465E-3
596.0E-3,30.36E-6,141.4E-6,251.6E-6,361.5E-6,471.2E-6,581.0E-6,598.0E-3,6.161E-3,4.720E-3,3.277E-3,7.602E-3
598.0E-3,31.08E-6,145.0E-6,258.1E-6,370.9E-6,483.6E-6,596.2E-6,600.0E-3,6.273E-3,4.805E-3,3.336E-3,7.740E-3
600.0E-3,31.83E-6,148.8E-6,264.8E-6,380.5E-6,496.1E-6,611.6E-6,602.0E-3,6.384E-3,4.890E-3,3.395E-3,7.878E-3
602.0E-3,32.58E-6,152.6E-6,271.6E-6,390.3E-6,508.9E-6,627.4E-6,604.0E-3,6.496E-3,4.976E-3,3.454E-3,8.016E-3
604.0E-3,33.34E-6,156.4E-6,278.5E-6,400.3E-6,521.9E-6,643.4E-6,606.0E-3,6.609E-3,5.062E-3,3.513E-3,8.155E-3
606.0E-3,34.12E-6,160.3E-6,285.5E-6,410.4E-6,535.1E-6,659.7E-6,608.0E-3,6.721E-3,5.148E-3,3.572E-3,8.294E-3
608.0E-3,34.90E-6,164.3E-6,292.7E-6,420.7E-6,548.5E-6,676.3E-6,610.0E-3,6.834E-3,5.234E-3,3.632E-3,8.434E-3
610.0E-3,35.70E-6,168.4E-6,300.0E-6,431.1E-6,562.2E-6,693.2E-6,612.0E-3,6.947E-3,5.320E-3,3.692E-3,8.574E-3
612.0E-3,36.51E-6,172.5E-6,307.3E-6,441.8E-6,576.1E-6,710.3E-6,614.0E-3,7.061E-3,5.407E-3,3.751E-3,8.714E-3
614.0E-3,37.33E-6,176.7E-6,314.8E-6,452.6E-6,590.2E-6,727.8E-6,616.0E-3,7.174E-3,5.493E-3,3.811E-3,8.854E-3
616.0E-3,38.16E-6,180.9E-6,322.5E-6,463.6E-6,604.6E-6,745.5E-6,618.0E-3,7.288E-3,5.580E-3,3.871E-3,8.995E-3
618.0E-3,39.00E-6,185.2E-6,330.2E-6,474.7E-6,619.1E-6,763.5E-6,620.0E-3,7.401E-3,5.667E-3,3.931E-3,9.135E-3
620.0E-3,39.85E-6,189.6E-6,338.1E-6,486.1E-6,633.9E-6,781.7E-6,622.0E-3,7.515E-3,5.754E-3,3.991E-3,9.275E-3
622.0E-3,40.71E-6,194.1E-6,346.0E-6,497.6E-6,649.0E-6,800.3E-6,624.0E-3,7.628E-3,5.840E-3,4.050E-3,9.416E-3
624.0E-3,41.59E-6,198.6E-6,354.1E-6,509.3E-6,664.2E-6,819.1E-6,626.0E-3,7.742E-3,5.927E-3,4.110E-3,9.556E-3
626.0E-3,42.47E-6,203.1E-6,362.4E-6,521.1E-6,679.7E-6,838.2E-6,628.0E-3,7.855E-3,6.014E-3,4.170E-3,9.697E-3
628.0E-3,43.37E-6,207.8E-6,370.7E-6,533.1E-6,695.4E-6,857.6E-6,630.0E-3,7.969E-3,6.100E-3,4.229E-3,9.837E-3
630.0E-3,44.28E-6,212.5E-6,379.2E-6,545.3E-6,711.4E-6,877.3E-6,632.0E-3,8.082E-3,6.186E-3,4.289E-3,9.977E-3
632.0E-3,45.20E-6,217.3E-6,387.7E-6,557.7E-6,727.5E-6,897.3E-6,634.0E-3,8.195E-3,6.273E-3,4.349E-3,10.12E-3
634.0E-3,46.12E-6,222.1E-6,396.4E-6,570.3E-6,743.9E-6,917.5E-6,636.0E-3,8.308E-3,6.359E-3,4.408E-3,10.26E-3
636.0E-3,47.06E-6,227.0E-6,405.3E-6,583.0E-6,760.5E-6,938.0E-6,638.0E-3,8.420E-3,6.445E-3,4.467E-3,10.40E-3
638.0E-3,48.01E-6,232.0E-6,414.2E-6,595.9E-6,777.4E-6,958.8E-6,640.0E-3,8.533E-3,6.530E-3,4.526E-3,10.53E-3
640.0E-3,48.98E-6,237.0E-6,423.2E-6,608.9E-6,794.4E-6,979.9E-6,642.0E-3,8.645E-3,6.616E-3,4.585E-3,10.67E-3
642.0E-3,49.95E-6,242.1E-6,432.4E-6,622.2E-6,811.7E-6,1.001E-3,644.0E-3,8.756E-3,6.701E-3,4.644E-3,10.81E-3
644.0E-3,50.93E-6,247.3E-6,441.7E-6,635.6E-6,829.2E-6,1.023E-3,646.0E-3,8.867E-3,6.786E-3,4.702E-3,10.95E-3
646.0E-3,51.92E-6,252.5E-6,451.1E-6,649.1E-6,847.0E-6,1.045E-3,648.0E-3,8.978E-3,6.870E-3,4.760E-3,11.09E-3
648.0E-3,52.93E-6,257.8E-6,460.6E-6,662.9E-6,864.9E-6,1.067E-3,650.0E-3,9.089E-3,6.954E-3,4.818E-3,11.22E-3
650.0E-3,53.94E-6,263.1E-6,470.3E-6,676.8E-6,883.1E-6,1.089E-3,652.0E-3,9.199E-3,7.038E-3,4.876E-3,11.36E-3
652.0E-3,54.96E-6,268.6E-6,480.0E-6,690.9E-6,901.5E-6,1.112E-3,654.0E-3,9.308E-3,7.122E-3,4.934E-3,11.49E-3
654.0E-3,56.00E-6,274.0E-6,489.9E-6,705.1E-6,920.1E-6,1.135E-3,656.0E-3,9.417E-3,7.205E-3,4.991E-3,11.63E-3
656.0E-3,57.04E-6,279.6E-6,499.9E-6,719.5E-6,939.0E-6,1.158E-3,658.0E-3,9.526E-3,7.288E-3,5.048E-3,11.76E-3
658.0E-3,58.09E-6,285.2E-6,510.0E-6,734.1E-6,958.0E-6,1.182E-3,660.0E-3,9.634E-3,7.370E-3,5.105E-3,11.90E-3
660.0E-3,59.16E-6,290.8E-6,520.2E-6,748.8E-6,977.3E-6,1.206E-3,662.0E-3,9.741E-3,7.452E-3,5.161E-3,12.03E-3
662.0E-3,60.23E-6,296.6E-6,530.5E-6,763.7E-6,996.8E-6,1.230E-3,664.0E-3,9.848E-3,7.533E-3,5.217E-3,12.16E-3
664.0E-3,61.32E-6,302.4E-6,540.9E-6,778.8E-6,1.016E-3,1.254E-3,666.0E-3,9.954E-3,7.614E-3,5.273E-3,12.29E-3
666.0E-3,62.41E-6,308.2E-6,551.5E-6,794.0E-6,1.036E-3,1.279E-3,668.0E-3,10.06E-3,7.695E-3,5.328E-3,12.42E-3
668.0E-3,63.51E-6,314.1E-6,562.1E-6,809.4E-6,1.056E-3,1.303E-3,670.0E-3,10.16E-3,7.775E-3,5.383E-3,12.55E-3
670.0E-3,64.63E-6,320.1E-6,572.9E-6,825.0E-6,1.077E-3,1.329E-3,672.0E-3,10.27E-3,7.855E-3,5.438E-3,12.68E-3
672.0E-3,65.75E-6,326.1E-6,583.8E-6,840.7E-6,1.097E-3,1.354E-3,674.0E-3,10.37E-3,7.934E-3,5.492E-3,12.81E-3
674.0E-3,66.88E-6,332.2E-6,594.7E-6,856.5E-6,1.118E-3,1.380E-3,676.0E-3,10.48E-3,8.012E-3,5.546E-3,12.94E-3
676.0E-3,68.02E-6,338.4E-6,605.8E-6,872.6E-6,1.139E-3,1.405E-3,678.0E-3,10.58E-3,8.090E-3,5.600E-3,13.06E-3
678.0E-3,69.17E-6,344.6E-6,617.0E-6,888.7E-6,1.160E-3,1.432E-3,680.0E-3,10.68E-3,8.167E-3,5.653E-3,13.19E-3
680.0E-3,70.33E-6,350.8E-6,628.3E-6,905.1E-6,1.182E-3,1.458E-3,682.0E-3,10.78E-3,8.244E-3,5.706E-3,13.32E-3
682.0E-3,71.50E-6,357.2E-6,639.8E-6,921.6E-6,1.203E-3,1.485E-3,684.0E-3,10.88E-3,8.321E-3,5.759E-3,13.44E-3
684.0E-3,72.68E-6,363.5E-6,651.3E-6,938.2E-6,1.225E-3,1.511E-3,686.0E-3,10.98E-3,8.396E-3,5.811E-3,13.56E-3
686.0E-3,73.87E-6,370.0E-6,662.9E-6,955.0E-6,1.247E-3,1.539E-3,688.0E-3,11.08E-3,8.471E-3,5.862E-3,13.68E-3
688.0E-3,75.07E-6,376.5E-6,674.6E-6,971.9E-6,1.269E-3,1.566E-3,690.0E-3,11.18E-3,8.546E-3,5.914E-3,13.81E-3
690.0E-3,76.27E-6,383.0E-6,686.4E-6,989.0E-6,1.291E-3,1.594E-3,692.0E-3,11.27E-3,8.620E-3,5.964E-3,13.93E-3
692.0E-3,77.49E-6,389.6E-6,698.4E-6,1.006E-3,1.314E-3,1.621E-3,694.0E-3,11.37E-3,8.693E-3,6.015E-3,14.04E-3
694.0E-3,78.71E-6,396.3E-6,710.4E-6,1.024E-3,1.337E-3,1.649E-3,696.0E-3,11.46E-3,8.766E-3,6.065E-3,14.16E-3
696.0E-3,79.94E-6,403.0E-6,722.5E-6,1.041E-3,1.360E-3,1.678E-3,698.0E-3,11.56E-3,8.838E-3,6.114E-3,14.28E-3
698.0E-3,81.18E-6,409.8E-6,734.8E-6,1.059E-3,1.383E-3,1.706E-3,700.0E-3,11.65E-3,8.910E-3,6.164E-3,14.40E-3
700.0E-3,82.43E-6,416.6E-6,747.1E-6,1.077E-3,1.406E-3,1.735E-3,702.0E-3,11.75E-3,8.980E-3,6.212E-3,14.51E-3
702.0E-3,83.69E-6,423.5E-6,759.5E-6,1.095E-3,1.429E-3,1.764E-3,704.0E-3,11.84E-3,9.051E-3,6.261E-3,14.63E-3
704.0E-3,84.95E-6,430.4E-6,772.0E-6,1.113E-3,1.453E-3,1.793E-3,706.0E-3,11.93E-3,9.120E-3,6.308E-3,14.74E-3
706.0E-3,86.22E-6,437.4E-6,784.7E-6,1.131E-3,1.477E-3,1.823E-3,708.0E-3,12.02E-3,9.189E-3,6.356E-3,14.85E-3
708.0E-3,87.51E-6,444.4E-6,797.4E-6,1.149E-3,1.501E-3,1.853E-3,710.0E-3,12.11E-3,9.258E-3,6.403E-3,14.96E-3
710.0E-3,88.80E-6,451.5E-6,810.2E-6,1.168E-3,1.525E-3,1.883E-3,712.0E-3,12.20E-3,9.325E-3,6.449E-3,15.07E-3
712.0E-3,90.09E-6,458.6E-6,823.1E-6,1.187E-3,1.550E-3,1.913E-3,714.0E-3,12.29E-3,9.392E-3,6.496E-3,15.18E-3
714.0E-3,91.40E-6,465.8E-6,836.1E-6,1.205E-3,1.574E-3,1.943E-3,716.0E-3,12.37E-3,9.459E-3,6.541E-3,15.29E-3
716.0E-3,92.71E-6,473.0E-6,849.1E-6,1.224E-3,1.599E-3,1.974E-3,718.0E-3,12.46E-3,9.525E-3,6.586E-3,15.40E-3
718.0E-3,94.03E-6,480.3E-6,862.3E-6,1.243E-3,1.624E-3,2.004E-3,720.0E-3,12.55E-3,9.590E-3,6.631E-3,15.50E-3
720.0E-3,95.36E-6,487.7E-6,875.6E-6,1.262E-3,1.649E-3,2.035E-3,722.0E-3,12.63E-3,9.654E-3,6.676E-3,15.61E-3
722.0E-3,96.70E-6,495.0E-6,888.9E-6,1.282E-3,1.674E-3,2.067E-3,724.0E-3,12.71E-3,9.718E-3,6.719E-3,15.71E-3
724.0E-3,98.04E-6,502.5E-6,902.4E-6,1.301E-3,1.700E-3,2.098E-3,726.0E-3,12.80E-3,9.781E-3,6.763E-3,15.81E-3
726.0E-3,99.39E-6,509.9E-6,915.9E-6,1.321E-3,1.725E-3,2.130E-3,728.0E-3,12.88E-3,9.844E-3,6.806E-3,15.91E-3
728.0E-3,100.8E-6,517.5E-6,929.5E-6,1.340E-3,1.751E-3,2.161E-3,730.0E-3,12.96E-3,9.906E-3,6.848E-3,16.02E-3
730.0E-3,102.1E-6,525.0E-6,943.2E-6,1.360E-3,1.777E-3,2.194E-3,732.0E-3,13.04E-3,9.967E-3,6.891E-3,16.11E-3
732.0E-3,103.5E-6,532.6E-6,957.0E-6,1.380E-3,1.803E-3,2.226E-3,734.0E-3,13.12E-3,10.03E-3,6.932E-3,16.21E-3
734.0E-3,104.9E-6,540.3E-6,970.9E-6,1.400E-3,1.829E-3,2.258E-3,736.0E-3,13.20E-3,10.09E-3,6.974E-3,16.31E-3
736.0E-3,106.3E-6,548.0E-6,984.8E-6,1.420E-3,1.856E-3,2.291E-3,738.0E-3,13.28E-3,10.15E-3,7.014E-3,16.41E-3
738.0E-3,107.7E-6,555.8E-6,998.8E-6,1.441E-3,1.882E-3,2.324E-3,740.0E-3,13.36E-3,10.21E-3,7.055E-3,16.50E-3
740.0E-3,109.1E-6,563.5E-6,1.013E-3,1.461E-3,1.909E-3,2.357E-3,742.0E-3,13.43E-3,10.26E-3,7.095E-3,16.60E-3
742.0E-3,110.5E-6,571.4E-6,1.027E-3,1.482E-3,1.936E-3,2.390E-3,744.0E-3,13.51E-3,10.32E-3,7.134E-3,16.69E-3
744.0E-3,111.9E-6,579.3E-6,1.041E-3,1.502E-3,1.963E-3,2.423E-3,746.0E-3,13.58E-3,10.38E-3,7.173E-3,16.78E-3
746.0E-3,113.3E-6,587.2E-6,1.056E-3,1.523E-3,1.990E-3,2.457E-3,748.0E-3,13.66E-3,10.43E-3,7.212E-3,16.87E-3
748.0E-3,114.7E-6,595.1E-6,1.070E-3,1.544E-3,2.017E-3,2.491E-3,750.0E-3,13.73E-3,10.49E-3,7.250E-3,16.97E-3
750.0E-3,116.2E-6,603.1E-6,1.085E-3,1.565E-3,2.045E-3,2.524E-3,752.0E-3,13.80E-3,10.55E-3,7.288E-3,17.05E-3
752.0E-3,117.6E-6,611.2E-6,1.099E-3,1.586E-3,2.072E-3,2.559E-3,754.0E-3,13.87E-3,10.60E-3,7.325E-3,17.14E-3
754.0E-3,119.1E-6,619.3E-6,1.114E-3,1.607E-3,2.100E-3,2.593E-3,756.0E-3,13.94E-3,10.65E-3,7.362E-3,17.23E-3
756.0E-3,120.5E-6,627.4E-6,1.129E-3,1.629E-3,2.128E-3,2.627E-3,758.0E-3,14.01E-3,10.71E-3,7.399E-3,17.32E-3
758.0E-3,122.0E-6,635.6E-6,1.143E-3,1.650E-3,2.156E-3,2.662E-3,760.0E-3,14.08E-3,10.76E-3,7.435E-3,17.40E-3
760.0E-3,123.4E-6,643.8E-6,1.158E-3,1.671E-3,2.184E-3,2.697E-3,762.0E-3,14.15E-3,10.81E-3,7.470E-3,17.49E-3
762.0E-3,124.9E-6,652.0E-6,1.173E-3,1.693E-3,2.213E-3,2.732E-3,764.0E-3,14.22E-3,10.86E-3,7.506E-3,17.57E-3
764.0E-3,126.4E-6,660.3E-6,1.188E-3,1.715E-3,2.241E-3,2.767E-3,766.0E-3,14.28E-3,10.91E-3,7.541E-3,17.65E-3
766.0E-3,127.9E-6,668.6E-6,1.203E-3,1.737E-3,2.270E-3,2.802E-3,768.0E-3,14.35E-3,10.96E-3,7.575E-3,17.73E-3
768.0E-3,129.4E-6,677.0E-6,1.218E-3,1.759E-3,2.298E-3,2.838E-3,770.0E-3,14.41E-3,11.01E-3,7.609E-3,17.82E-3
770.0E-3,130.9E-6,685.4E-6,1.234E-3,1.781E-3,2.327E-3,2.873E-3,772.0E-3,14.48E-3,11.06E-3,7.643E-3,17.90E-3
772.0E-3,132.4E-6,693.8E-6,1.249E-3,1.803E-3,2.356E-3,2.909E-3,774.0E-3,14.54E-3,11.11E-3,7.676E-3,17.97E-3
774.0E-3,133.9E-6,702.3E-6,1.264E-3,1.825E-3,2.385E-3,2.945E-3,776.0E-3,14.61E-3,11.16E-3,7.709E-3,18.05E-3
776.0E-3,135.4E-6,710.8E-6,1.280E-3,1.847E-3,2.414E-3,2.981E-3,778.0E-3,14.67E-3,11.21E-3,7.741E-3,18.13E-3
778.0E-3,136.9E-6,719.3E-6,1.295E-3,1.870E-3,2.444E-3,3.017E-3,780.0E-3,14.73E-3,11.25E-3,7.774E-3,18.20E-3
780.0E-3,138.4E-6,727.9E-6,1.311E-3,1.892E-3,2.473E-3,3.054E-3,782.0E-3,14.79E-3,11.30E-3,7.805E-3,18.28E-3
782.0E-3,140.0E-6,736.5E-6,1.326E-3,1.915E-3,2.503E-3,3.090E-3,784.0E-3,14.85E-3,11.34E-3,7.837E-3,18.35E-3
784.0E-3,141.5E-6,745.2E-6,1.342E-3,1.937E-3,2.532E-3,3.127E-3,786.0E-3,14.91E-3,11.39E-3,7.868E-3,18.43E-3
786.0E-3,143.0E-6,753.8E-6,1.358E-3,1.960E-3,2.562E-3,3.164E-3,788.0E-3,14.97E-3,11.43E-3,7.898E-3,18.50E-3
788.0E-3,144.6E-6,762.5E-6,1.374E-3,1.983E-3,2.592E-3,3.201E-3,790.0E-3,15.03E-3,11.48E-3,7.928E-3,18.57E-3
790.0E-3,146.1E-6,771.3E-6,1.389E-3,2.006E-3,2.622E-3,3.238E-3,792.0E-3,15.08E-3,11.52E-3,7.958E-3,18.64E-3
792.0E-3,147.7E-6,780.1E-6,1.405E-3,2.029E-3,2.652E-3,3.275E-3,794.0E-3,15.14E-3,11.56E-3,7.988E-3,18.71E-3
794.0E-3,149.2E-6,788.9E-6,1.421E-3,2.052E-3,2.683E-3,3.313E-3,796.0E-3,15.19E-3,11.61E-3,8.017E-3,18.78E-3
796.0E-3,150.8E-6,797.7E-6,1.437E-3,2.075E-3,2.713E-3,3.350E-3,798.0E-3,15.25E-3,11.65E-3,8.045E-3,18.85E-3
798.0E-3,152.4E-6,806.6E-6,1.453E-3,2.099E-3,2.743E-3,3.388E-3,800.0E-3,15.30E-3,11.69E-3,8.074E-3,18.92E-3
800.0E-3,154.0E-6,815.5E-6,1.470E-3,2.122E-3,2.774E-3,3.426E-3,802.0E-3,15.36E-3,11.73E-3,8.102E-3,18.98E-3
802.0E-3,155.5E-6,824.4E-6,1.486E-3,2.146E-3,2.805E-3,3.464E-3,804.0E-3,15.41E-3,11.77E-3,8.130E-3,19.05E-3
804.0E-3,157.1E-6,833.4E-6,1.502E-3,2.169E-3,2.836E-3,3.502E-3,806.0E-3,15.46E-3,11.81E-3,8.157E-3,19.11E-3
806.0E-3,158.7E-6,842.4E-6,1.518E-3,2.193E-3,2.867E-3,3.540E-3,808.0E-3,15.51E-3,11.85E-3,8.184E-3,19.18E-3
808.0E-3,160.3E-6,851.4E-6,1.535E-3,2.216E-3,2.898E-3,3.578E-3,810.0E-3,15.56E-3,11.89E-3,8.211E-3,19.24E-3
810.0E-3,161.9E-6,860.4E-6,1.551E-3,2.240E-3,2.929E-3,3.617E-3,812.0E-3,15.62E-3,11.93E-3,8.237E-3,19.30E-3
812.0E-3,163.5E-6,869.5E-6,1.568E-3,2.264E-3,2.960E-3,3.656E-3,814.0E-3,15.66E-3,11.97E-3,8.263E-3,19.36E-3
814.0E-3,165.1E-6,878.6E-6,1.584E-3,2.288E-3,2.991E-3,3.694E-3,816.0E-3,15.71E-3,12.00E-3,8.288E-3,19.42E-3
816.0E-3,166.7E-6,887.7E-6,1.601E-3,2.312E-3,3.023E-3,3.733E-3,818.0E-3,15.76E-3,12.04E-3,8.314E-3,19.48E-3
818.0E-3,168.3E-6,896.9E-6,1.617E-3,2.336E-3,3.054E-3,3.772E-3,820.0E-3,15.81E-3,12.08E-3,8.339E-3,19.54E-3
820.0E-3,170.0E-6,906.1E-6,1.634E-3,2.360E-3,3.086E-3,3.811E-3,822.0E-3,15.86E-3,12.11E-3,8.363E-3,19.60E-3
822.0E-3,171.6E-6,915.3E-6,1.651E-3,2.384E-3,3.118E-3,3.850E-3,824.0E-3,15.90E-3,12.15E-3,8.388E-3,19.66E-3
824.0E-3,173.2E-6,924.6E-6,1.668E-3,2.409E-3,3.149E-3,3.890E-3,826.0E-3,15.95E-3,12.18E-3,8.412E-3,19.72E-3
826.0E-3,174.9E-6,933.8E-6,1.684E-3,2.433E-3,3.181E-3,3.929E-3,828.0E-3,15.99E-3,12.22E-3,8.436E-3,19.77E-3
828.0E-3,176.5E-6,943.1E-6,1.701E-3,2.458E-3,3.213E-3,3.969E-3,830.0E-3,16.04E-3,12.25E-3,8.459E-3,19.83E-3
830.0E-3,178.1E-6,952.4E-6,1.718E-3,2.482E-3,3.245E-3,4.008E-3,832.0E-3,16.08E-3,12.28E-3,8.482E-3,19.88E-3
832.0E-3,179.8E-6,961.8E-6,1.735E-3,2.507E-3,3.278E-3,4.048E-3,834.0E-3,16.13E-3,12.32E-3,8.505E-3,19.94E-3
834.0E-3,181.4E-6,971.2E-6,1.752E-3,2.531E-3,3.310E-3,4.088E-3,836.0E-3,16.17E-3,12.35E-3,8.527E-3,19.99E-3
836.0E-3,183.1E-6,980.5E-6,1.769E-3,2.556E-3,3.342E-3,4.128E-3,838.0E-3,16.21E-3,12.38E-3,8.550E-3,20.04E-3
838.0E-3,184.8E-6,990.0E-6,1.786E-3,2.581E-3,3.375E-3,4.168E-3,840.0E-3,16.25E-3,12.41E-3,8.571E-3,20.09E-3
840.0E-3,186.4E-6,999.4E-6,1.803E-3,2.606E-3,3.407E-3,4.208E-3,842.0E-3,16.30E-3,12.45E-3,8.593E-3,20.15E-3
842.0E-3,188.1E-6,1.009E-3,1.821E-3,2.630E-3,3.440E-3,4.249E-3,844.0E-3,16.34E-3,12.48E-3,8.614E-3,20.20E-3
844.0E-3,189.8E-6,1.018E-3,1.838E-3,2.655E-3,3.472E-3,4.289E-3,846.0E-3,16.38E-3,12.51E-3,8.635E-3,20.25E-3
846.0E-3,191.4E-6,1.028E-3,1.855E-3,2.680E-3,3.505E-3,4.329E-3,848.0E-3,16.42E-3,12.54E-3,8.656E-3,20.29E-3
848.0E-3,193.1E-6,1.037E-3,1.872E-3,2.705E-3,3.538E-3,4.370E-3,850.0E-3,16.46E-3,12.57E-3,8.677E-3,20.34E-3
850.0E-3,194.8E-6,1.047E-3,1.890E-3,2.731E-3,3.571E-3,4.411E-3,852.0E-3,16.49E-3,12.60E-3,8.697E-3,20.39E-3
852.0E-3,196.5E-6,1.057E-3,1.907E-3,2.756E-3,3.604E-3,4.451E-3,854.0E-3,16.53E-3,12.63E-3,8.717E-3,20.44E-3
854.0E-3,198.2E-6,1.066E-3,1.925E-3,2.781E-3,3.637E-3,4.492E-3,856.0E-3,16.57E-3,12.65E-3,8.736E-3,20.48E-3
856.0E-3,199.8E-6,1.076E-3,1.942E-3,2.806E-3,3.670E-3,4.533E-3,858.0E-3,16.61E-3,12.68E-3,8.756E-3,20.53E-3
858.0E-3,201.5E-6,1.085E-3,1.960E-3,2.832E-3,3.703E-3,4.574E-3,860.0E-3,16.64E-3,12.71E-3,8.775E-3,20.58E-3
860.0E-3,203.2E-6,1.095E-3,1.977E-3,2.857E-3,3.737E-3,4.616E-3,862.0E-3,16.68E-3,12.74E-3,8.794E-3,20.62E-3
862.0E-3,204.9E-6,1.105E-3,1.995E-3,2.883E-3,3.770E-3,4.657E-3,864.0E-3,16.72E-3,12.77E-3,8.812E-3,20.66E-3
864.0E-3,206.6E-6,1.114E-3,2.012E-3,2.908E-3,3.803E-3,4.698E-3,866.0E-3,16.75E-3,12.79E-3,8.831E-3,20.71E-3
866.0E-3,208.3E-6,1.124E-3,2.030E-3,2.934E-3,3.837E-3,4.739E-3,868.0E-3,16.79E-3,12.82E-3,8.849E-3,20.75E-3
868.0E-3,210.1E-6,1.134E-3,2.048E-3,2.959E-3,3.870E-3,4.781E-3,870.0E-3,16.82E-3,12.84E-3,8.866E-3,20.79E-3
870.0E-3,211.8E-6,1.144E-3,2.065E-3,2.985E-3,3.904E-3,4.823E-3,872.0E-3,16.85E-3,12.87E-3,8.884E-3,20.83E-3
872.0E-3,213.5E-6,1.153E-3,2.083E-3,3.011E-3,3.938E-3,4.864E-3,874.0E-3,16.89E-3,12.89E-3,8.901E-3,20.88E-3
874.0E-3,215.2E-6,1.163E-3,2.101E-3,3.037E-3,3.971E-3,4.906E-3,876.0E-3,16.92E-3,12.92E-3,8.918E-3,20.92E-3
876.0E-3,216.9E-6,1.173E-3,2.119E-3,3.062E-3,4.005E-3,4.948E-3,878.0E-3,16.95E-3,12.94E-3,8.935E-3,20.96E-3
878.0E-3,218.7E-6,1.183E-3,2.137E-3,3.088E-3,4.039E-3,4.990E-3,880.0E-3,16.98E-3,12.97E-3,8.952E-3,21.00E-3
880.0E-3,220.4E-6,1.193E-3,2.155E-3,3.114E-3,4.073E-3,5.032E-3,882.0E-3,17.01E-3,12.99E-3,8.968E-3,21.03E-3
882.0E-3,222.1E-6,1.203E-3,2.173E-3,3.140E-3,4.107E-3,5.074E-3,884.0E-3,17.04E-3,13.02E-3,8.984E-3,21.07E-3
884.0E-3,223.9E-6,1.213E-3,2.191E-3,3.166E-3,4.141E-3,5.116E-3,886.0E-3,17.07E-3,13.04E-3,9.000E-3,21.11E-3
886.0E-3,225.6E-6,1.222E-3,2.209E-3,3.192E-3,4.175E-3,5.158E-3,888.0E-3,17.10E-3,13.06E-3,9.016E-3,21.15E-3
888.0E-3,227.3E-6,1.232E-3,2.227E-3,3.218E-3,4.210E-3,5.200E-3,890.0E-3,17.13E-3,13.08E-3,9.031E-3,21.18E-3
890.0E-3,229.1E-6,1.242E-3,2.245E-3,3.245E-3,4.244E-3,5.243E-3,892.0E-3,17.16E-3,13.11E-3,9.046E-3,21.22E-3
892.0E-3,230.8E-6,1.252E-3,2.263E-3,3.271E-3,4.278E-3,5.285E-3,894.0E-3,17.19E-3,13.13E-3,9.061E-3,21.25E-3
894.0E-3,232.6E-6,1.262E-3,2.281E-3,3.297E-3,4.313E-3,5.328E-3,896.0E-3,17.22E-3,13.15E-3,9.076E-3,21.29E-3
896.0E-3,234.3E-6,1.272E-3,2.299E-3,3.323E-3,4.347E-3,5.370E-3,898.0E-3,17.25E-3,13.17E-3,9.091E-3,21.32E-3
898.0E-3,236.1E-6,1.282E-3,2.317E-3,3.350E-3,4.382E-3,5.413E-3,900.0E-3,17.28E-3,13.19E-3,9.105E-3,21.36E-3
900.0E-3,237.8E-6,1.292E-3,2.335E-3,3.376E-3,4.416E-3,5.456E-3,902.0E-3,17.30E-3,13.21E-3,9.119E-3,21.39E-3
902.0E-3,239.6E-6,1.302E-3,2.354E-3,3.403E-3,4.451E-3,5.498E-3,904.0E-3,17.33E-3,13.23E-3,9.133E-3,21.42E-3
904.0E-3,241.3E-6,1.312E-3,2.372E-3,3.429E-3,4.485E-3,5.541E-3,906.0E-3,17.35E-3,13.25E-3,9.147E-3,21.46E-3
906.0E-3,243.1E-6,1.322E-3,2.390E-3,3.456E-3,4.520E-3,5.584E-3,908.0E-3,17.38E-3,13.27E-3,9.160E-3,21.49E-3
908.0E-3,244.9E-6,1.333E-3,2.409E-3,3.482E-3,4.555E-3,5.627E-3,910.0E-3,17.41E-3,13.29E-3,9.173E-3,21.52E-3
910.0E-3,246.6E-6,1.343E-3,2.427E-3,3.509E-3,4.590E-3,5.670E-3,912.0E-3,17.43E-3,13.31E-3,9.186E-3,21.55E-3
912.0E-3,248.4E-6,1.353E-3,2.445E-3,3.535E-3,4.625E-3,5.713E-3,914.0E-3,17.46E-3,13.33E-3,9.199E-3,21.58E-3
914.0E-3,250.2E-6,1.363E-3,2.464E-3,3.562E-3,4.659E-3,5.757E-3,916.0E-3,17.48E-3,13.35E-3,9.212E-3,21.61E-3
916.0E-3,252.0E-6,1.373E-3,2.482E-3,3.589E-3,4.694E-3,5.800E-3,918.0E-3,17.50E-3,13.37E-3,9.224E-3,21.64E-3
918.0E-3,253.7E-6,1.383E-3,2.500E-3,3.615E-3,4.729E-3,5.843E-3,920.0E-3,17.53E-3,13.38E-3,9.237E-3,21.67E-3
920.0E-3,255.5E-6,1.393E-3,2.519E-3,3.642E-3,4.764E-3,5.886E-3,922.0E-3,17.55E-3,13.40E-3,9.249E-3,21.70E-3
922.0E-3,257.3E-6,1.403E-3,2.537E-3,3.669E-3,4.800E-3,5.930E-3,924.0E-3,17.57E-3,13.42E-3,9.260E-3,21.73E-3
924.0E-3,259.1E-6,1.414E-3,2.556E-3,3.696E-3,4.835E-3,5.973E-3,926.0E-3,17.59E-3,13.43E-3,9.272E-3,21.75E-3
926.0E-3,260.9E-6,1.424E-3,2.575E-3,3.723E-3,4.870E-3,6.017E-3,928.0E-3,17.62E-3,13.45E-3,9.284E-3,21.78E-3
928.0E-3,262.7E-6,1.434E-3,2.593E-3,3.750E-3,4.905E-3,6.060E-3,930.0E-3,17.64E-3,13.47E-3,9.295E-3,21.81E-3
930.0E-3,264.4E-6,1.444E-3,2.612E-3,3.776E-3,4.940E-3,6.104E-3,932.0E-3,17.66E-3,13.48E-3,9.306E-3,21.83E-3
932.0E-3,266.2E-6,1.455E-3,2.630E-3,3.803E-3,4.976E-3,6.148E-3,934.0E-3,17.68E-3,13.50E-3,9.317E-3,21.86E-3
934.0E-3,268.0E-6,1.465E-3,2.649E-3,3.830E-3,5.011E-3,6.191E-3,936.0E-3,17.70E-3,13.52E-3,9.328E-3,21.89E-3
936.0E-3,269.8E-6,1.475E-3,2.668E-3,3.857E-3,5.046E-3,6.235E-3,938.0E-3,17.72E-3,13.53E-3,9.338E-3,21.91E-3
938.0E-3,271.6E-6,1.485E-3,2.686E-3,3.885E-3,5.082E-3,6.279E-3,940.0E-3,17.74E-3,13.55E-3,9.349E-3,21.93E-3
940.0E-3,273.4E-6,1.496E-3,2.705E-3,3.912E-3,5.117E-3,6.323E-3,942.0E-3,17.76E-3,13.56E-3,9.359E-3,21.96E-3
942.0E-3,275.2E-6,1.506E-3,2.724E-3,3.939E-3,5.153E-3,6.367E-3,944.0E-3,17.78E-3,13.58E-3,9.369E-3,21.98E-3
944.0E-3,277.0E-6,1.516E-3,2.742E-3,3.966E-3,5.188E-3,6.411E-3,946.0E-3,17.80E-3,13.59E-3,9.379E-3,22.01E-3
946.0E-3,278.8E-6,1.527E-3,2.761E-3,3.993E-3,5.224E-3,6.455E-3,948.0E-3,17.82E-3,13.60E-3,9.388E-3,22.03E-3
948.0E-3,280.6E-6,1.537E-3,2.780E-3,4.020E-3,5.260E-3,6.499E-3,950.0E-3,17.84E-3,13.62E-3,9.398E-3,22.05E-3
950.0E-3,282.5E-6,1.547E-3,2.799E-3,4.048E-3,5.295E-3,6.543E-3,952.0E-3,17.85E-3,13.63E-3,9.407E-3,22.07E-3
952.0E-3,284.3E-6,1.558E-3,2.818E-3,4.075E-3,5.331E-3,6.587E-3,954.0E-3,17.87E-3,13.64E-3,9.416E-3,22.10E-3
954.0E-3,286.1E-6,1.568E-3,2.836E-3,4.102E-3,5.367E-3,6.631E-3,956.0E-3,17.89E-3,13.66E-3,9.425E-3,22.12E-3
956.0E-3,287.9E-6,1.578E-3,2.855E-3,4.129E-3,5.403E-3,6.675E-3,958.0E-3,17.90E-3,13.67E-3,9.434E-3,22.14E-3
958.0E-3,289.7E-6,1.589E-3,2.874E-3,4.157E-3,5.438E-3,6.720E-3,960.0E-3,17.92E-3,13.68E-3,9.443E-3,22.16E-3
960.0E-3,291.5E-6,1.599E-3,2.893E-3,4.184E-3,5.474E-3,6.764E-3,962.0E-3,17.94E-3,13.70E-3,9.451E-3,22.18E-3
962.0E-3,293.3E-6,1.609E-3,2.912E-3,4.212E-3,5.510E-3,6.808E-3,964.0E-3,17.95E-3,13.71E-3,9.460E-3,22.20E-3
964.0E-3,295.2E-6,1.620E-3,2.931E-3,4.239E-3,5.546E-3,6.853E-3,966.0E-3,17.97E-3,13.72E-3,9.468E-3,22.22E-3
966.0E-3,297.0E-6,1.630E-3,2.950E-3,4.266E-3,5.582E-3,6.897E-3,968.0E-3,17.98E-3,13.73E-3,9.476E-3,22.24E-3
968.0E-3,298.8E-6,1.641E-3,2.969E-3,4.294E-3,5.618E-3,6.942E-3,970.0E-3,18.00E-3,13.74E-3,9.484E-3,22.26E-3
970.0E-3,300.6E-6,1.651E-3,2.988E-3,4.321E-3,5.654E-3,6.986E-3,972.0E-3,18.01E-3,13.75E-3,9.492E-3,22.27E-3
972.0E-3,302.4E-6,1.662E-3,3.007E-3,4.349E-3,5.690E-3,7.031E-3,974.0E-3,18.03E-3,13.77E-3,9.499E-3,22.29E-3
974.0E-3,304.3E-6,1.672E-3,3.026E-3,4.376E-3,5.726E-3,7.075E-3,976.0E-3,18.04E-3,13.78E-3,9.507E-3,22.31E-3
976.0E-3,306.1E-6,1.683E-3,3.045E-3,4.404E-3,5.762E-3,7.120E-3,978.0E-3,18.06E-3,13.79E-3,9.514E-3,22.33E-3
978.0E-3,307.9E-6,1.693E-3,3.064E-3,4.431E-3,5.798E-3,7.165E-3,980.0E-3,18.07E-3,13.80E-3,9.521E-3,22.34E-3
980.0E-3,309.8E-6,1.703E-3,3.083E-3,4.459E-3,5.834E-3,7.209E-3,982.0E-3,18.08E-3,13.81E-3,9.528E-3,22.36E-3
982.0E-3,311.6E-6,1.714E-3,3.102E-3,4.487E-3,5.871E-3,7.254E-3,984.0E-3,18.10E-3,13.82E-3,9.535E-3,22.38E-3
984.0E-3,313.4E-6,1.724E-3,3.121E-3,4.514E-3,5.907E-3,7.299E-3,986.0E-3,18.11E-3,13.83E-3,9.542E-3,22.39E-3
986.0E-3,315.3E-6,1.735E-3,3.140E-3,4.542E-3,5.943E-3,7.344E-3,988.0E-3,18.12E-3,13.84E-3,9.548E-3,22.41E-3
988.0E-3,317.1E-6,1.745E-3,3.159E-3,4.570E-3,5.979E-3,7.388E-3,990.0E-3,18.14E-3,13.85E-3,9.555E-3,22.42E-3
990.0E-3,318.9E-6,1.756E-3,3.178E-3,4.597E-3,6.016E-3,7.433E-3,992.0E-3,18.15E-3,13.86E-3,9.561E-3,22.44E-3
992.0E-3,320.8E-6,1.766E-3,3.197E-3,4.625E-3,6.052E-3,7.478E-3,994.0E-3,18.16E-3,13.86E-3,9.567E-3,22.45E-3
994.0E-3,322.6E-6,1.777E-3,3.216E-3,4.653E-3,6.088E-3,7.523E-3,996.0E-3,18.17E-3,13.87E-3,9.573E-3,22.47E-3
996.0E-3,324.5E-6,1.788E-3,3.236E-3,4.681E-3,6.124E-3,7.568E-3,998.0E-3,18.18E-3,13.88E-3,9.579E-3,22.48E-3
998.0E-3,326.3E-6,1.798E-3,3.255E-3,4.708E-3,6.161E-3,7.613E-3,1.000,18.19E-3,13.89E-3,9.585E-3,22.50E-3
1.000,328.1E-6,1.809E-3,3.274E-3,4.736E-3,6.197E-3,7.658E-3, , , , , 
