dc (V),NM0:d (Wn=5.00e-06) (A),NM0:d (Wn=1.00e-05) (A),NM0:d (Wn=1.50e-05) (A),NM0:d (Wn=2.00e-05) (A),NM0:d (Wn=2.50e-05) (A),dc (V),deriv(value(getData("/NM0/D" ?result "dc") "Wn" 2e-05)),deriv(value(getData("/NM0/D" ?result "dc") "Wn" 1.5e-05)),deriv(value(getData("/NM0/D" ?result "dc") "Wn" 1e-05)),deriv(value(getData("/NM0/D" ?result "dc") "Wn" 5e-06)),deriv(value(getData("/NM0/D" ?result "dc") "Wn" 2.5e-05))
0.000,19.88E-12,35.49E-12,51.16E-12,66.84E-12,82.51E-12,2.000E-3,2.130E-9,1.628E-9,1.126E-9,626.4E-12,2.632E-9
2.000E-3,21.13E-12,37.74E-12,54.42E-12,71.10E-12,87.77E-12,4.000E-3,2.275E-9,1.739E-9,1.203E-9,668.9E-12,2.811E-9
4.000E-3,22.47E-12,40.15E-12,57.90E-12,75.65E-12,93.39E-12,6.000E-3,2.429E-9,1.857E-9,1.284E-9,714.2E-12,3.002E-9
6.000E-3,23.90E-12,42.72E-12,61.61E-12,80.50E-12,99.40E-12,8.000E-3,2.594E-9,1.983E-9,1.371E-9,762.6E-12,3.206E-9
8.000E-3,25.42E-12,45.46E-12,65.58E-12,85.69E-12,105.8E-12,10.00E-3,2.770E-9,2.117E-9,1.464E-9,814.2E-12,3.423E-9
10.00E-3,27.05E-12,48.39E-12,69.81E-12,91.23E-12,112.7E-12,12.00E-3,2.958E-9,2.261E-9,1.563E-9,869.3E-12,3.655E-9
12.00E-3,28.79E-12,51.51E-12,74.33E-12,97.15E-12,120.0E-12,14.00E-3,3.158E-9,2.414E-9,1.669E-9,928.1E-12,3.902E-9
14.00E-3,30.65E-12,54.85E-12,79.16E-12,103.5E-12,127.8E-12,16.00E-3,3.372E-9,2.577E-9,1.782E-9,990.8E-12,4.167E-9
16.00E-3,32.63E-12,58.42E-12,84.31E-12,110.2E-12,136.1E-12,18.00E-3,3.600E-9,2.751E-9,1.903E-9,1.058E-9,4.448E-9
18.00E-3,34.74E-12,62.22E-12,89.82E-12,117.4E-12,145.0E-12,20.00E-3,3.843E-9,2.937E-9,2.031E-9,1.129E-9,4.749E-9
20.00E-3,37.00E-12,66.28E-12,95.69E-12,125.1E-12,154.5E-12,22.00E-3,4.103E-9,3.136E-9,2.168E-9,1.205E-9,5.070E-9
22.00E-3,39.41E-12,70.62E-12,102.0E-12,133.3E-12,164.6E-12,24.00E-3,4.380E-9,3.347E-9,2.315E-9,1.287E-9,5.412E-9
24.00E-3,41.98E-12,75.25E-12,108.7E-12,142.1E-12,175.5E-12,26.00E-3,4.676E-9,3.573E-9,2.471E-9,1.373E-9,5.778E-9
26.00E-3,44.73E-12,80.19E-12,115.8E-12,151.4E-12,187.0E-12,28.00E-3,4.991E-9,3.814E-9,2.638E-9,1.466E-9,6.168E-9
28.00E-3,47.66E-12,85.47E-12,123.4E-12,161.4E-12,199.4E-12,30.00E-3,5.328E-9,4.072E-9,2.815E-9,1.565E-9,6.584E-9
30.00E-3,50.79E-12,91.10E-12,131.6E-12,172.0E-12,212.5E-12,32.00E-3,5.687E-9,4.346E-9,3.005E-9,1.670E-9,7.028E-9
32.00E-3,54.13E-12,97.11E-12,140.3E-12,183.4E-12,226.6E-12,34.00E-3,6.070E-9,4.639E-9,3.208E-9,1.783E-9,7.501E-9
34.00E-3,57.70E-12,103.5E-12,149.5E-12,195.6E-12,241.6E-12,36.00E-3,6.479E-9,4.952E-9,3.424E-9,1.903E-9,8.007E-9
36.00E-3,61.50E-12,110.4E-12,159.4E-12,208.5E-12,257.6E-12,38.00E-3,6.916E-9,5.285E-9,3.654E-9,2.031E-9,8.546E-9
38.00E-3,65.56E-12,117.7E-12,170.0E-12,222.4E-12,274.7E-12,40.00E-3,7.381E-9,5.641E-9,3.900E-9,2.167E-9,9.122E-9
40.00E-3,69.90E-12,125.5E-12,181.3E-12,237.1E-12,292.9E-12,42.00E-3,7.878E-9,6.021E-9,4.163E-9,2.313E-9,9.736E-9
42.00E-3,74.52E-12,133.8E-12,193.3E-12,252.9E-12,312.4E-12,44.00E-3,8.408E-9,6.426E-9,4.443E-9,2.469E-9,10.39E-9
44.00E-3,79.46E-12,142.7E-12,206.2E-12,269.7E-12,333.2E-12,46.00E-3,8.974E-9,6.858E-9,4.742E-9,2.634E-9,11.09E-9
46.00E-3,84.73E-12,152.2E-12,219.9E-12,287.6E-12,355.4E-12,48.00E-3,9.578E-9,7.319E-9,5.060E-9,2.812E-9,11.84E-9
48.00E-3,90.35E-12,162.3E-12,234.5E-12,306.8E-12,379.0E-12,50.00E-3,10.22E-9,7.811E-9,5.401E-9,3.000E-9,12.63E-9
50.00E-3,96.35E-12,173.1E-12,250.2E-12,327.2E-12,404.3E-12,52.00E-3,10.91E-9,8.336E-9,5.764E-9,3.202E-9,13.48E-9
52.00E-3,102.8E-12,184.6E-12,266.8E-12,349.1E-12,431.3E-12,54.00E-3,11.64E-9,8.897E-9,6.151E-9,3.417E-9,14.39E-9
54.00E-3,109.6E-12,196.9E-12,284.6E-12,372.3E-12,460.0E-12,56.00E-3,12.42E-9,9.494E-9,6.564E-9,3.647E-9,15.35E-9
56.00E-3,116.9E-12,210.1E-12,303.6E-12,397.2E-12,490.7E-12,58.00E-3,13.26E-9,10.13E-9,7.005E-9,3.891E-9,16.39E-9
58.00E-3,124.7E-12,224.1E-12,323.9E-12,423.7E-12,523.5E-12,60.00E-3,14.15E-9,10.81E-9,7.475E-9,4.153E-9,17.49E-9
60.00E-3,133.0E-12,239.0E-12,345.5E-12,452.0E-12,558.5E-12,62.00E-3,15.10E-9,11.54E-9,7.977E-9,4.431E-9,18.66E-9
62.00E-3,141.8E-12,255.0E-12,368.6E-12,482.2E-12,595.8E-12,64.00E-3,16.11E-9,12.31E-9,8.513E-9,4.729E-9,19.91E-9
64.00E-3,151.3E-12,272.0E-12,393.2E-12,514.4E-12,635.6E-12,66.00E-3,17.20E-9,13.14E-9,9.084E-9,5.046E-9,21.25E-9
66.00E-3,161.4E-12,290.2E-12,419.5E-12,548.8E-12,678.1E-12,68.00E-3,18.35E-9,14.02E-9,9.693E-9,5.384E-9,22.68E-9
68.00E-3,172.2E-12,309.5E-12,447.5E-12,585.5E-12,723.5E-12,70.00E-3,19.58E-9,14.96E-9,10.34E-9,5.745E-9,24.20E-9
70.00E-3,183.6E-12,330.2E-12,477.5E-12,624.7E-12,771.9E-12,72.00E-3,20.89E-9,15.97E-9,11.04E-9,6.130E-9,25.82E-9
72.00E-3,195.9E-12,352.3E-12,509.4E-12,666.5E-12,823.5E-12,74.00E-3,22.30E-9,17.04E-9,11.78E-9,6.541E-9,27.55E-9
74.00E-3,209.0E-12,375.9E-12,543.5E-12,711.1E-12,878.6E-12,76.00E-3,23.79E-9,18.18E-9,12.57E-9,6.980E-9,29.40E-9
76.00E-3,222.9E-12,401.0E-12,579.8E-12,758.6E-12,937.4E-12,78.00E-3,25.39E-9,19.40E-9,13.41E-9,7.447E-9,31.37E-9
78.00E-3,237.8E-12,427.8E-12,618.6E-12,809.4E-12,1.000E-9,80.00E-3,27.09E-9,20.70E-9,14.31E-9,7.946E-9,33.48E-9
80.00E-3,253.7E-12,456.4E-12,660.0E-12,863.6E-12,1.067E-9,82.00E-3,28.90E-9,22.09E-9,15.27E-9,8.478E-9,35.72E-9
82.00E-3,270.7E-12,487.0E-12,704.2E-12,921.4E-12,1.139E-9,84.00E-3,30.84E-9,23.56E-9,16.29E-9,9.046E-9,38.11E-9
84.00E-3,288.8E-12,519.5E-12,751.3E-12,983.1E-12,1.215E-9,86.00E-3,32.90E-9,25.14E-9,17.38E-9,9.651E-9,40.66E-9
86.00E-3,308.1E-12,554.3E-12,801.6E-12,1.049E-9,1.296E-9,88.00E-3,35.10E-9,26.82E-9,18.54E-9,10.30E-9,43.38E-9
88.00E-3,328.7E-12,591.4E-12,855.3E-12,1.119E-9,1.383E-9,90.00E-3,37.45E-9,28.61E-9,19.78E-9,10.98E-9,46.28E-9
90.00E-3,350.6E-12,630.9E-12,912.5E-12,1.194E-9,1.475E-9,92.00E-3,39.95E-9,30.52E-9,21.10E-9,11.72E-9,49.37E-9
92.00E-3,374.1E-12,673.1E-12,973.5E-12,1.274E-9,1.574E-9,94.00E-3,42.61E-9,32.56E-9,22.51E-9,12.50E-9,52.66E-9
94.00E-3,399.1E-12,718.1E-12,1.039E-9,1.359E-9,1.680E-9,96.00E-3,45.45E-9,34.73E-9,24.01E-9,13.33E-9,56.18E-9
96.00E-3,425.7E-12,766.2E-12,1.108E-9,1.450E-9,1.792E-9,98.00E-3,48.48E-9,37.05E-9,25.61E-9,14.22E-9,59.92E-9
98.00E-3,454.2E-12,817.4E-12,1.182E-9,1.547E-9,1.912E-9,100.0E-3,51.72E-9,39.52E-9,27.31E-9,15.17E-9,63.92E-9
100.0E-3,484.5E-12,872.0E-12,1.261E-9,1.650E-9,2.040E-9,102.0E-3,55.16E-9,42.15E-9,29.13E-9,16.18E-9,68.18E-9
102.0E-3,516.9E-12,930.3E-12,1.346E-9,1.761E-9,2.176E-9,104.0E-3,58.84E-9,44.96E-9,31.07E-9,17.25E-9,72.72E-9
104.0E-3,551.4E-12,992.4E-12,1.435E-9,1.878E-9,2.321E-9,106.0E-3,62.75E-9,47.95E-9,33.14E-9,18.40E-9,77.56E-9
106.0E-3,588.2E-12,1.059E-9,1.531E-9,2.004E-9,2.476E-9,108.0E-3,66.93E-9,51.14E-9,35.35E-9,19.62E-9,82.72E-9
108.0E-3,627.4E-12,1.129E-9,1.634E-9,2.138E-9,2.642E-9,110.0E-3,71.38E-9,54.54E-9,37.70E-9,20.93E-9,88.22E-9
110.0E-3,669.3E-12,1.205E-9,1.743E-9,2.281E-9,2.818E-9,112.0E-3,76.13E-9,58.17E-9,40.20E-9,22.32E-9,94.09E-9
112.0E-3,713.9E-12,1.285E-9,1.859E-9,2.433E-9,3.006E-9,114.0E-3,81.19E-9,62.03E-9,42.87E-9,23.80E-9,100.3E-9
114.0E-3,761.5E-12,1.371E-9,1.983E-9,2.595E-9,3.207E-9,116.0E-3,86.58E-9,66.15E-9,45.72E-9,25.38E-9,107.0E-9
116.0E-3,812.3E-12,1.462E-9,2.115E-9,2.768E-9,3.421E-9,118.0E-3,92.33E-9,70.54E-9,48.75E-9,27.06E-9,114.1E-9
118.0E-3,866.4E-12,1.560E-9,2.256E-9,2.953E-9,3.649E-9,120.0E-3,98.46E-9,75.22E-9,51.99E-9,28.86E-9,121.7E-9
120.0E-3,924.1E-12,1.664E-9,2.407E-9,3.150E-9,3.893E-9,122.0E-3,105.0E-9,80.21E-9,55.44E-9,30.77E-9,129.8E-9
122.0E-3,985.6E-12,1.775E-9,2.567E-9,3.360E-9,4.152E-9,124.0E-3,111.9E-9,85.53E-9,59.11E-9,32.81E-9,138.4E-9
124.0E-3,1.051E-9,1.893E-9,2.738E-9,3.584E-9,4.429E-9,126.0E-3,119.4E-9,91.20E-9,63.03E-9,34.98E-9,147.5E-9
126.0E-3,1.121E-9,2.019E-9,2.921E-9,3.822E-9,4.724E-9,128.0E-3,127.3E-9,97.24E-9,67.20E-9,37.29E-9,157.3E-9
128.0E-3,1.196E-9,2.153E-9,3.115E-9,4.077E-9,5.039E-9,130.0E-3,135.7E-9,103.7E-9,71.65E-9,39.76E-9,167.7E-9
130.0E-3,1.275E-9,2.297E-9,3.323E-9,4.348E-9,5.374E-9,132.0E-3,144.7E-9,110.5E-9,76.39E-9,42.39E-9,178.8E-9
132.0E-3,1.360E-9,2.449E-9,3.544E-9,4.638E-9,5.732E-9,134.0E-3,154.2E-9,117.8E-9,81.43E-9,45.19E-9,190.6E-9
134.0E-3,1.450E-9,2.612E-9,3.779E-9,4.946E-9,6.113E-9,136.0E-3,164.4E-9,125.6E-9,86.81E-9,48.17E-9,203.2E-9
136.0E-3,1.547E-9,2.786E-9,4.031E-9,5.275E-9,6.520E-9,138.0E-3,175.3E-9,133.9E-9,92.55E-9,51.35E-9,216.7E-9
138.0E-3,1.650E-9,2.971E-9,4.299E-9,5.626E-9,6.953E-9,140.0E-3,186.9E-9,142.8E-9,98.65E-9,54.73E-9,231.0E-9
140.0E-3,1.759E-9,3.168E-9,4.584E-9,5.999E-9,7.415E-9,142.0E-3,199.2E-9,152.2E-9,105.2E-9,58.34E-9,246.2E-9
142.0E-3,1.876E-9,3.379E-9,4.888E-9,6.398E-9,7.907E-9,144.0E-3,212.3E-9,162.2E-9,112.1E-9,62.18E-9,262.4E-9
144.0E-3,2.000E-9,3.603E-9,5.213E-9,6.823E-9,8.432E-9,146.0E-3,226.3E-9,172.9E-9,119.5E-9,66.27E-9,279.7E-9
146.0E-3,2.133E-9,3.842E-9,5.559E-9,7.275E-9,8.992E-9,148.0E-3,241.2E-9,184.3E-9,127.3E-9,70.63E-9,298.2E-9
148.0E-3,2.274E-9,4.096E-9,5.927E-9,7.758E-9,9.588E-9,150.0E-3,257.1E-9,196.4E-9,135.7E-9,75.27E-9,317.8E-9
150.0E-3,2.424E-9,4.368E-9,6.320E-9,8.272E-9,10.22E-9,152.0E-3,274.0E-9,209.3E-9,144.6E-9,80.21E-9,338.7E-9
152.0E-3,2.585E-9,4.657E-9,6.739E-9,8.820E-9,10.90E-9,154.0E-3,292.0E-9,223.1E-9,154.1E-9,85.48E-9,360.9E-9
154.0E-3,2.756E-9,4.965E-9,7.185E-9,9.404E-9,11.62E-9,156.0E-3,311.2E-9,237.7E-9,164.2E-9,91.08E-9,384.6E-9
156.0E-3,2.938E-9,5.294E-9,7.660E-9,10.03E-9,12.39E-9,158.0E-3,331.6E-9,253.3E-9,175.0E-9,97.05E-9,409.9E-9
158.0E-3,3.132E-9,5.644E-9,8.167E-9,10.69E-9,13.21E-9,160.0E-3,353.3E-9,269.9E-9,186.5E-9,103.4E-9,436.8E-9
160.0E-3,3.339E-9,6.017E-9,8.707E-9,11.40E-9,14.09E-9,162.0E-3,376.5E-9,287.6E-9,198.7E-9,110.2E-9,465.4E-9
162.0E-3,3.559E-9,6.414E-9,9.282E-9,12.15E-9,15.02E-9,164.0E-3,401.1E-9,306.4E-9,211.7E-9,117.4E-9,495.9E-9
164.0E-3,3.794E-9,6.838E-9,9.895E-9,12.95E-9,16.01E-9,166.0E-3,427.4E-9,326.5E-9,225.5E-9,125.0E-9,528.3E-9
166.0E-3,4.044E-9,7.289E-9,10.55E-9,13.81E-9,17.06E-9,168.0E-3,455.3E-9,347.8E-9,240.3E-9,133.2E-9,562.8E-9
168.0E-3,4.310E-9,7.769E-9,11.24E-9,14.72E-9,18.19E-9,170.0E-3,485.0E-9,370.5E-9,255.9E-9,141.9E-9,599.6E-9
170.0E-3,4.594E-9,8.281E-9,11.98E-9,15.69E-9,19.39E-9,172.0E-3,516.7E-9,394.7E-9,272.6E-9,151.1E-9,638.7E-9
172.0E-3,4.896E-9,8.826E-9,12.77E-9,16.72E-9,20.67E-9,174.0E-3,550.4E-9,420.4E-9,290.4E-9,160.9E-9,680.3E-9
174.0E-3,5.218E-9,9.407E-9,13.61E-9,17.82E-9,22.03E-9,176.0E-3,586.2E-9,447.7E-9,309.3E-9,171.4E-9,724.6E-9
176.0E-3,5.561E-9,10.03E-9,14.51E-9,18.99E-9,23.48E-9,178.0E-3,624.3E-9,476.9E-9,329.4E-9,182.5E-9,771.8E-9
178.0E-3,5.926E-9,10.68E-9,15.46E-9,20.24E-9,25.02E-9,180.0E-3,664.9E-9,507.8E-9,350.7E-9,194.3E-9,821.9E-9
180.0E-3,6.314E-9,11.39E-9,16.48E-9,21.57E-9,26.66E-9,182.0E-3,708.1E-9,540.8E-9,373.5E-9,206.9E-9,875.3E-9
182.0E-3,6.728E-9,12.13E-9,17.56E-9,22.99E-9,28.41E-9,184.0E-3,754.0E-9,575.9E-9,397.7E-9,220.3E-9,932.1E-9
184.0E-3,7.169E-9,12.93E-9,18.71E-9,24.50E-9,30.28E-9,186.0E-3,802.8E-9,613.1E-9,423.4E-9,234.5E-9,992.5E-9
186.0E-3,7.638E-9,13.77E-9,19.94E-9,26.10E-9,32.26E-9,188.0E-3,854.8E-9,652.8E-9,450.8E-9,249.6E-9,1.057E-6
188.0E-3,8.137E-9,14.68E-9,21.24E-9,27.81E-9,34.38E-9,190.0E-3,910.0E-9,695.0E-9,479.9E-9,265.7E-9,1.125E-6
190.0E-3,8.668E-9,15.64E-9,22.63E-9,29.63E-9,36.63E-9,192.0E-3,968.8E-9,739.8E-9,510.9E-9,282.8E-9,1.198E-6
192.0E-3,9.234E-9,16.66E-9,24.11E-9,31.57E-9,39.02E-9,194.0E-3,1.031E-6,787.5E-9,543.8E-9,301.0E-9,1.275E-6
194.0E-3,9.836E-9,17.75E-9,25.69E-9,33.63E-9,41.57E-9,196.0E-3,1.098E-6,838.2E-9,578.8E-9,320.3E-9,1.357E-6
196.0E-3,10.48E-9,18.90E-9,27.37E-9,35.83E-9,44.29E-9,198.0E-3,1.168E-6,892.1E-9,615.9E-9,340.9E-9,1.444E-6
198.0E-3,11.16E-9,20.14E-9,29.15E-9,38.16E-9,47.17E-9,200.0E-3,1.243E-6,949.4E-9,655.4E-9,362.7E-9,1.537E-6
200.0E-3,11.88E-9,21.45E-9,31.05E-9,40.65E-9,50.25E-9,202.0E-3,1.323E-6,1.010E-6,697.4E-9,385.9E-9,1.636E-6
202.0E-3,12.66E-9,22.84E-9,33.07E-9,43.30E-9,53.52E-9,204.0E-3,1.408E-6,1.075E-6,742.1E-9,410.5E-9,1.740E-6
204.0E-3,13.48E-9,24.32E-9,35.22E-9,46.11E-9,57.00E-9,206.0E-3,1.498E-6,1.144E-6,789.5E-9,436.7E-9,1.852E-6
206.0E-3,14.35E-9,25.90E-9,37.51E-9,49.11E-9,60.70E-9,208.0E-3,1.593E-6,1.217E-6,839.8E-9,464.5E-9,1.970E-6
208.0E-3,15.28E-9,27.58E-9,39.94E-9,52.29E-9,64.64E-9,210.0E-3,1.695E-6,1.294E-6,893.3E-9,494.0E-9,2.096E-6
210.0E-3,16.27E-9,29.37E-9,42.53E-9,55.68E-9,68.84E-9,212.0E-3,1.803E-6,1.377E-6,950.1E-9,525.3E-9,2.229E-6
212.0E-3,17.32E-9,31.27E-9,45.28E-9,59.29E-9,73.29E-9,214.0E-3,1.917E-6,1.464E-6,1.010E-6,558.5E-9,2.371E-6
214.0E-3,18.43E-9,33.29E-9,48.21E-9,63.12E-9,78.04E-9,216.0E-3,2.039E-6,1.557E-6,1.074E-6,593.8E-9,2.521E-6
216.0E-3,19.62E-9,35.44E-9,51.32E-9,67.20E-9,83.08E-9,218.0E-3,2.168E-6,1.655E-6,1.142E-6,631.3E-9,2.681E-6
218.0E-3,20.88E-9,37.72E-9,54.63E-9,71.54E-9,88.44E-9,220.0E-3,2.305E-6,1.760E-6,1.214E-6,671.0E-9,2.851E-6
220.0E-3,22.23E-9,40.15E-9,58.15E-9,76.15E-9,94.14E-9,222.0E-3,2.451E-6,1.871E-6,1.291E-6,713.2E-9,3.031E-6
222.0E-3,23.65E-9,42.74E-9,61.90E-9,81.05E-9,100.2E-9,224.0E-3,2.605E-6,1.989E-6,1.372E-6,757.9E-9,3.222E-6
224.0E-3,25.17E-9,45.48E-9,65.87E-9,86.26E-9,106.6E-9,226.0E-3,2.769E-6,2.114E-6,1.458E-6,805.3E-9,3.424E-6
226.0E-3,26.78E-9,48.40E-9,70.10E-9,91.80E-9,113.5E-9,228.0E-3,2.943E-6,2.246E-6,1.550E-6,855.6E-9,3.639E-6
228.0E-3,28.49E-9,51.50E-9,74.59E-9,97.69E-9,120.8E-9,230.0E-3,3.127E-6,2.387E-6,1.647E-6,908.9E-9,3.867E-6
230.0E-3,30.31E-9,54.79E-9,79.37E-9,103.9E-9,128.5E-9,232.0E-3,3.323E-6,2.536E-6,1.749E-6,965.3E-9,4.109E-6
232.0E-3,32.24E-9,58.29E-9,84.44E-9,110.6E-9,136.7E-9,234.0E-3,3.530E-6,2.694E-6,1.858E-6,1.025E-6,4.365E-6
234.0E-3,34.29E-9,62.00E-9,89.83E-9,117.6E-9,145.5E-9,236.0E-3,3.749E-6,2.862E-6,1.974E-6,1.089E-6,4.637E-6
236.0E-3,36.47E-9,65.95E-9,95.55E-9,125.1E-9,154.7E-9,238.0E-3,3.982E-6,3.039E-6,2.096E-6,1.156E-6,4.925E-6
238.0E-3,38.78E-9,70.14E-9,101.6E-9,133.1E-9,164.6E-9,240.0E-3,4.229E-6,3.227E-6,2.225E-6,1.227E-6,5.230E-6
240.0E-3,41.23E-9,74.59E-9,108.1E-9,141.6E-9,175.0E-9,242.0E-3,4.490E-6,3.426E-6,2.363E-6,1.302E-6,5.553E-6
242.0E-3,43.84E-9,79.32E-9,114.9E-9,150.5E-9,186.1E-9,244.0E-3,4.767E-6,3.637E-6,2.508E-6,1.382E-6,5.896E-6
244.0E-3,46.60E-9,84.33E-9,122.2E-9,160.1E-9,197.9E-9,246.0E-3,5.060E-6,3.861E-6,2.662E-6,1.466E-6,6.258E-6
246.0E-3,49.53E-9,89.66E-9,129.9E-9,170.2E-9,210.5E-9,248.0E-3,5.370E-6,4.097E-6,2.824E-6,1.556E-6,6.642E-6
248.0E-3,52.64E-9,95.31E-9,138.1E-9,180.9E-9,223.7E-9,250.0E-3,5.698E-6,4.348E-6,2.997E-6,1.650E-6,7.048E-6
250.0E-3,55.95E-9,101.3E-9,146.8E-9,192.3E-9,237.8E-9,252.0E-3,6.046E-6,4.613E-6,3.179E-6,1.750E-6,7.478E-6
252.0E-3,59.45E-9,107.7E-9,156.0E-9,204.4E-9,252.8E-9,254.0E-3,6.413E-6,4.893E-6,3.372E-6,1.856E-6,7.933E-6
254.0E-3,63.16E-9,114.4E-9,165.8E-9,217.2E-9,268.7E-9,256.0E-3,6.802E-6,5.189E-6,3.576E-6,1.967E-6,8.414E-6
256.0E-3,67.09E-9,121.6E-9,176.2E-9,230.9E-9,285.5E-9,258.0E-3,7.213E-6,5.503E-6,3.791E-6,2.085E-6,8.923E-6
258.0E-3,71.26E-9,129.1E-9,187.2E-9,245.3E-9,303.3E-9,260.0E-3,7.648E-6,5.834E-6,4.019E-6,2.210E-6,9.461E-6
260.0E-3,75.68E-9,137.2E-9,198.9E-9,260.6E-9,322.3E-9,262.0E-3,8.107E-6,6.184E-6,4.260E-6,2.342E-6,10.03E-6
262.0E-3,80.36E-9,145.7E-9,211.3E-9,276.8E-9,342.3E-9,264.0E-3,8.592E-6,6.554E-6,4.514E-6,2.481E-6,10.63E-6
264.0E-3,85.33E-9,154.7E-9,224.4E-9,294.0E-9,363.6E-9,266.0E-3,9.105E-6,6.945E-6,4.783E-6,2.627E-6,11.27E-6
266.0E-3,90.58E-9,164.3E-9,238.3E-9,312.2E-9,386.1E-9,268.0E-3,9.647E-6,7.357E-6,5.066E-6,2.782E-6,11.94E-6
268.0E-3,96.15E-9,174.4E-9,253.0E-9,331.5E-9,410.0E-9,270.0E-3,10.22E-6,7.793E-6,5.366E-6,2.946E-6,12.64E-6
270.0E-3,102.0E-9,185.2E-9,268.6E-9,351.9E-9,435.3E-9,272.0E-3,10.82E-6,8.252E-6,5.682E-6,3.118E-6,13.39E-6
272.0E-3,108.3E-9,196.5E-9,285.1E-9,373.6E-9,462.0E-9,274.0E-3,11.46E-6,8.737E-6,6.015E-6,3.300E-6,14.18E-6
274.0E-3,114.9E-9,208.5E-9,302.5E-9,396.5E-9,490.4E-9,276.0E-3,12.13E-6,9.249E-6,6.366E-6,3.491E-6,15.01E-6
276.0E-3,121.9E-9,221.3E-9,321.0E-9,420.7E-9,520.4E-9,278.0E-3,12.84E-6,9.788E-6,6.737E-6,3.693E-6,15.89E-6
278.0E-3,129.2E-9,234.8E-9,340.6E-9,446.4E-9,552.2E-9,280.0E-3,13.58E-6,10.36E-6,7.127E-6,3.905E-6,16.81E-6
280.0E-3,137.0E-9,249.0E-9,361.3E-9,473.6E-9,585.8E-9,282.0E-3,14.37E-6,10.96E-6,7.538E-6,4.129E-6,17.79E-6
282.0E-3,145.3E-9,264.1E-9,383.2E-9,502.3E-9,621.4E-9,284.0E-3,15.20E-6,11.59E-6,7.971E-6,4.365E-6,18.81E-6
284.0E-3,154.0E-9,280.0E-9,406.4E-9,532.7E-9,659.0E-9,286.0E-3,16.07E-6,12.25E-6,8.428E-6,4.612E-6,19.89E-6
286.0E-3,163.3E-9,296.9E-9,430.9E-9,564.9E-9,698.8E-9,288.0E-3,16.99E-6,12.95E-6,8.908E-6,4.873E-6,21.03E-6
288.0E-3,173.0E-9,314.7E-9,456.8E-9,598.8E-9,740.9E-9,290.0E-3,17.96E-6,13.69E-6,9.413E-6,5.147E-6,22.23E-6
290.0E-3,183.3E-9,333.5E-9,484.2E-9,634.8E-9,785.3E-9,292.0E-3,18.98E-6,14.46E-6,9.944E-6,5.436E-6,23.49E-6
292.0E-3,194.2E-9,353.4E-9,513.1E-9,672.7E-9,832.3E-9,294.0E-3,20.05E-6,15.28E-6,10.50E-6,5.739E-6,24.82E-6
294.0E-3,205.7E-9,374.4E-9,543.7E-9,712.8E-9,881.9E-9,296.0E-3,21.17E-6,16.13E-6,11.09E-6,6.057E-6,26.21E-6
296.0E-3,217.8E-9,396.6E-9,575.9E-9,755.2E-9,934.4E-9,298.0E-3,22.36E-6,17.03E-6,11.71E-6,6.391E-6,27.68E-6
298.0E-3,230.5E-9,420.0E-9,610.0E-9,799.9E-9,989.7E-9,300.0E-3,23.60E-6,17.98E-6,12.35E-6,6.741E-6,29.22E-6
300.0E-3,244.0E-9,444.7E-9,645.9E-9,847.1E-9,1.048E-6,302.0E-3,24.90E-6,18.97E-6,13.03E-6,7.109E-6,30.83E-6
302.0E-3,258.2E-9,470.8E-9,683.9E-9,896.9E-9,1.110E-6,304.0E-3,26.27E-6,20.01E-6,13.75E-6,7.495E-6,32.53E-6
304.0E-3,273.2E-9,498.3E-9,723.9E-9,949.4E-9,1.175E-6,306.0E-3,27.71E-6,21.11E-6,14.50E-6,7.900E-6,34.31E-6
306.0E-3,289.0E-9,527.3E-9,766.1E-9,1.005E-6,1.243E-6,308.0E-3,29.22E-6,22.25E-6,15.28E-6,8.324E-6,36.18E-6
308.0E-3,305.7E-9,557.8E-9,810.6E-9,1.063E-6,1.316E-6,310.0E-3,30.80E-6,23.46E-6,16.11E-6,8.768E-6,38.14E-6
310.0E-3,323.2E-9,590.1E-9,857.6E-9,1.125E-6,1.392E-6,312.0E-3,32.46E-6,24.72E-6,16.97E-6,9.234E-6,40.20E-6
312.0E-3,341.7E-9,624.0E-9,907.0E-9,1.190E-6,1.473E-6,314.0E-3,34.20E-6,26.04E-6,17.87E-6,9.721E-6,42.35E-6
314.0E-3,361.1E-9,659.7E-9,959.1E-9,1.258E-6,1.557E-6,316.0E-3,36.02E-6,27.42E-6,18.82E-6,10.23E-6,44.61E-6
316.0E-3,381.6E-9,697.4E-9,1.014E-6,1.330E-6,1.646E-6,318.0E-3,37.92E-6,28.87E-6,19.81E-6,10.76E-6,46.97E-6
318.0E-3,403.1E-9,737.0E-9,1.072E-6,1.406E-6,1.740E-6,320.0E-3,39.92E-6,30.39E-6,20.85E-6,11.32E-6,49.44E-6
320.0E-3,425.8E-9,778.7E-9,1.132E-6,1.486E-6,1.839E-6,322.0E-3,42.00E-6,31.97E-6,21.93E-6,11.90E-6,52.03E-6
322.0E-3,449.6E-9,822.6E-9,1.196E-6,1.570E-6,1.943E-6,324.0E-3,44.19E-6,33.63E-6,23.07E-6,12.51E-6,54.74E-6
324.0E-3,474.6E-9,868.7E-9,1.264E-6,1.658E-6,2.053E-6,326.0E-3,46.47E-6,35.36E-6,24.25E-6,13.15E-6,57.57E-6
326.0E-3,500.9E-9,917.2E-9,1.334E-6,1.751E-6,2.168E-6,328.0E-3,48.85E-6,37.17E-6,25.49E-6,13.81E-6,60.52E-6
328.0E-3,528.5E-9,968.2E-9,1.409E-6,1.849E-6,2.289E-6,330.0E-3,51.34E-6,39.07E-6,26.78E-6,14.50E-6,63.61E-6
330.0E-3,557.5E-9,1.022E-6,1.487E-6,1.952E-6,2.416E-6,332.0E-3,53.94E-6,41.04E-6,28.13E-6,15.23E-6,66.84E-6
332.0E-3,588.0E-9,1.078E-6,1.569E-6,2.059E-6,2.550E-6,334.0E-3,56.65E-6,43.10E-6,29.54E-6,15.98E-6,70.20E-6
334.0E-3,619.9E-9,1.137E-6,1.655E-6,2.173E-6,2.690E-6,336.0E-3,59.48E-6,45.25E-6,31.00E-6,16.76E-6,73.71E-6
336.0E-3,653.5E-9,1.199E-6,1.746E-6,2.292E-6,2.838E-6,338.0E-3,62.44E-6,47.49E-6,32.53E-6,17.58E-6,77.38E-6
338.0E-3,688.6E-9,1.264E-6,1.841E-6,2.417E-6,2.992E-6,340.0E-3,65.51E-6,49.83E-6,34.13E-6,18.43E-6,81.19E-6
340.0E-3,725.5E-9,1.332E-6,1.940E-6,2.548E-6,3.155E-6,342.0E-3,68.72E-6,52.26E-6,35.79E-6,19.32E-6,85.17E-6
342.0E-3,764.1E-9,1.404E-6,2.045E-6,2.685E-6,3.325E-6,344.0E-3,72.06E-6,54.80E-6,37.52E-6,20.24E-6,89.32E-6
344.0E-3,804.6E-9,1.479E-6,2.154E-6,2.829E-6,3.504E-6,346.0E-3,75.54E-6,57.44E-6,39.32E-6,21.20E-6,93.64E-6
346.0E-3,847.0E-9,1.558E-6,2.269E-6,2.980E-6,3.691E-6,348.0E-3,79.16E-6,60.19E-6,41.19E-6,22.20E-6,98.13E-6
348.0E-3,891.4E-9,1.640E-6,2.390E-6,3.139E-6,3.887E-6,350.0E-3,82.93E-6,63.05E-6,43.14E-6,23.24E-6,102.8E-6
350.0E-3,937.9E-9,1.726E-6,2.516E-6,3.304E-6,4.093E-6,352.0E-3,86.85E-6,66.02E-6,45.17E-6,24.32E-6,107.7E-6
352.0E-3,986.6E-9,1.817E-6,2.648E-6,3.478E-6,4.308E-6,354.0E-3,90.92E-6,69.11E-6,47.27E-6,25.44E-6,112.7E-6
354.0E-3,1.037E-6,1.911E-6,2.786E-6,3.660E-6,4.534E-6,356.0E-3,95.16E-6,72.32E-6,49.46E-6,26.60E-6,118.0E-6
356.0E-3,1.091E-6,2.010E-6,2.931E-6,3.850E-6,4.770E-6,358.0E-3,99.56E-6,75.66E-6,51.73E-6,27.81E-6,123.4E-6
358.0E-3,1.146E-6,2.114E-6,3.082E-6,4.049E-6,5.017E-6,360.0E-3,104.1E-6,79.12E-6,54.09E-6,29.07E-6,129.1E-6
360.0E-3,1.204E-6,2.222E-6,3.240E-6,4.258E-6,5.275E-6,362.0E-3,108.9E-6,82.72E-6,56.54E-6,30.37E-6,135.0E-6
362.0E-3,1.265E-6,2.335E-6,3.406E-6,4.475E-6,5.545E-6,364.0E-3,113.8E-6,86.45E-6,59.09E-6,31.71E-6,141.1E-6
364.0E-3,1.329E-6,2.453E-6,3.579E-6,4.703E-6,5.827E-6,366.0E-3,118.9E-6,90.33E-6,61.72E-6,33.11E-6,147.5E-6
366.0E-3,1.395E-6,2.576E-6,3.759E-6,4.941E-6,6.122E-6,368.0E-3,124.2E-6,94.34E-6,64.45E-6,34.56E-6,154.0E-6
368.0E-3,1.464E-6,2.705E-6,3.948E-6,5.189E-6,6.430E-6,370.0E-3,129.7E-6,98.51E-6,67.29E-6,36.06E-6,160.9E-6
370.0E-3,1.536E-6,2.840E-6,4.145E-6,5.449E-6,6.752E-6,372.0E-3,135.4E-6,102.8E-6,70.23E-6,37.62E-6,167.9E-6
372.0E-3,1.611E-6,2.980E-6,4.351E-6,5.719E-6,7.088E-6,374.0E-3,141.3E-6,107.3E-6,73.27E-6,39.23E-6,175.3E-6
374.0E-3,1.690E-6,3.127E-6,4.565E-6,6.002E-6,7.438E-6,376.0E-3,147.4E-6,111.9E-6,76.42E-6,40.90E-6,182.8E-6
376.0E-3,1.772E-6,3.280E-6,4.789E-6,6.297E-6,7.804E-6,378.0E-3,153.7E-6,116.7E-6,79.68E-6,42.62E-6,190.7E-6
378.0E-3,1.857E-6,3.439E-6,5.022E-6,6.604E-6,8.185E-6,380.0E-3,160.3E-6,121.7E-6,83.06E-6,44.41E-6,198.8E-6
380.0E-3,1.946E-6,3.605E-6,5.266E-6,6.925E-6,8.583E-6,382.0E-3,167.1E-6,126.8E-6,86.55E-6,46.26E-6,207.3E-6
382.0E-3,2.038E-6,3.778E-6,5.519E-6,7.259E-6,8.998E-6,384.0E-3,174.1E-6,132.1E-6,90.17E-6,48.17E-6,216.0E-6
384.0E-3,2.134E-6,3.959E-6,5.784E-6,7.607E-6,9.429E-6,386.0E-3,181.3E-6,137.6E-6,93.91E-6,50.14E-6,225.0E-6
386.0E-3,2.235E-6,4.147E-6,6.059E-6,7.970E-6,9.879E-6,388.0E-3,188.8E-6,143.3E-6,97.78E-6,52.19E-6,234.3E-6
388.0E-3,2.339E-6,4.342E-6,6.346E-6,8.347E-6,10.35E-6,390.0E-3,196.6E-6,149.2E-6,101.8E-6,54.30E-6,244.0E-6
390.0E-3,2.448E-6,4.546E-6,6.644E-6,8.741E-6,10.84E-6,392.0E-3,204.6E-6,155.3E-6,105.9E-6,56.48E-6,254.0E-6
392.0E-3,2.561E-6,4.757E-6,6.955E-6,9.150E-6,11.34E-6,394.0E-3,212.9E-6,161.6E-6,110.2E-6,58.74E-6,264.3E-6
394.0E-3,2.678E-6,4.978E-6,7.278E-6,9.576E-6,11.87E-6,396.0E-3,221.5E-6,168.1E-6,114.6E-6,61.07E-6,274.9E-6
396.0E-3,2.800E-6,5.207E-6,7.614E-6,10.02E-6,12.42E-6,398.0E-3,230.4E-6,174.8E-6,119.2E-6,63.47E-6,285.9E-6
398.0E-3,2.927E-6,5.445E-6,7.964E-6,10.48E-6,12.99E-6,400.0E-3,239.5E-6,181.7E-6,123.9E-6,65.96E-6,297.3E-6
400.0E-3,3.059E-6,5.693E-6,8.327E-6,10.96E-6,13.59E-6,402.0E-3,249.0E-6,188.9E-6,128.7E-6,68.52E-6,309.0E-6
402.0E-3,3.196E-6,5.950E-6,8.705E-6,11.46E-6,14.21E-6,404.0E-3,258.7E-6,196.3E-6,133.7E-6,71.17E-6,321.2E-6
404.0E-3,3.339E-6,6.218E-6,9.097E-6,11.97E-6,14.85E-6,406.0E-3,268.8E-6,203.9E-6,138.9E-6,73.90E-6,333.7E-6
406.0E-3,3.486E-6,6.496E-6,9.505E-6,12.51E-6,15.52E-6,408.0E-3,279.2E-6,211.8E-6,144.3E-6,76.72E-6,346.6E-6
408.0E-3,3.640E-6,6.784E-6,9.929E-6,13.07E-6,16.21E-6,410.0E-3,290.0E-6,219.9E-6,149.8E-6,79.63E-6,360.0E-6
410.0E-3,3.799E-6,7.084E-6,10.37E-6,13.65E-6,16.93E-6,412.0E-3,301.0E-6,228.3E-6,155.5E-6,82.64E-6,373.7E-6
412.0E-3,3.964E-6,7.395E-6,10.83E-6,14.25E-6,17.68E-6,414.0E-3,312.5E-6,237.0E-6,161.4E-6,85.73E-6,387.9E-6
414.0E-3,4.136E-6,7.718E-6,11.30E-6,14.88E-6,18.45E-6,416.0E-3,324.3E-6,245.9E-6,167.5E-6,88.93E-6,402.6E-6
416.0E-3,4.314E-6,8.053E-6,11.79E-6,15.53E-6,19.26E-6,418.0E-3,336.4E-6,255.1E-6,173.7E-6,92.23E-6,417.7E-6
418.0E-3,4.498E-6,8.400E-6,12.30E-6,16.20E-6,20.09E-6,420.0E-3,349.0E-6,264.6E-6,180.2E-6,95.63E-6,433.3E-6
420.0E-3,4.689E-6,8.760E-6,12.83E-6,16.90E-6,20.96E-6,422.0E-3,361.9E-6,274.4E-6,186.8E-6,99.13E-6,449.4E-6
422.0E-3,4.888E-6,9.134E-6,13.38E-6,17.62E-6,21.86E-6,424.0E-3,375.3E-6,284.5E-6,193.7E-6,102.7E-6,466.0E-6
424.0E-3,5.093E-6,9.521E-6,13.95E-6,18.37E-6,22.79E-6,426.0E-3,389.0E-6,294.9E-6,200.8E-6,106.5E-6,483.1E-6
426.0E-3,5.306E-6,9.923E-6,14.54E-6,19.15E-6,23.76E-6,428.0E-3,403.2E-6,305.7E-6,208.0E-6,110.3E-6,500.7E-6
428.0E-3,5.527E-6,10.34E-6,15.15E-6,19.96E-6,24.76E-6,430.0E-3,417.8E-6,316.8E-6,215.6E-6,114.3E-6,518.9E-6
430.0E-3,5.755E-6,10.77E-6,15.78E-6,20.79E-6,25.80E-6,432.0E-3,432.9E-6,328.2E-6,223.3E-6,118.3E-6,537.6E-6
432.0E-3,5.992E-6,11.22E-6,16.44E-6,21.66E-6,26.87E-6,434.0E-3,448.4E-6,339.9E-6,231.3E-6,122.6E-6,556.9E-6
434.0E-3,6.237E-6,11.68E-6,17.12E-6,22.55E-6,27.99E-6,436.0E-3,464.4E-6,352.0E-6,239.5E-6,126.9E-6,576.8E-6
436.0E-3,6.491E-6,12.16E-6,17.82E-6,23.48E-6,29.14E-6,438.0E-3,480.9E-6,364.5E-6,248.0E-6,131.3E-6,597.3E-6
438.0E-3,6.753E-6,12.65E-6,18.55E-6,24.44E-6,30.33E-6,440.0E-3,497.9E-6,377.4E-6,256.7E-6,135.9E-6,618.4E-6
440.0E-3,7.025E-6,13.17E-6,19.31E-6,25.44E-6,31.57E-6,442.0E-3,515.4E-6,390.6E-6,265.7E-6,140.7E-6,640.1E-6
442.0E-3,7.307E-6,13.70E-6,20.09E-6,26.47E-6,32.85E-6,444.0E-3,533.4E-6,404.3E-6,275.0E-6,145.5E-6,662.5E-6
444.0E-3,7.598E-6,14.25E-6,20.90E-6,27.54E-6,34.18E-6,446.0E-3,552.0E-6,418.3E-6,284.5E-6,150.6E-6,685.6E-6
446.0E-3,7.899E-6,14.82E-6,21.73E-6,28.64E-6,35.55E-6,448.0E-3,571.1E-6,432.8E-6,294.3E-6,155.7E-6,709.3E-6
448.0E-3,8.210E-6,15.41E-6,22.60E-6,29.78E-6,36.97E-6,450.0E-3,590.8E-6,447.7E-6,304.5E-6,161.1E-6,733.8E-6
450.0E-3,8.532E-6,16.02E-6,23.49E-6,30.97E-6,38.43E-6,452.0E-3,611.0E-6,463.0E-6,314.9E-6,166.5E-6,759.0E-6
452.0E-3,8.866E-6,16.65E-6,24.42E-6,32.19E-6,39.95E-6,454.0E-3,631.9E-6,478.8E-6,325.6E-6,172.2E-6,784.9E-6
454.0E-3,9.210E-6,17.30E-6,25.38E-6,33.45E-6,41.52E-6,456.0E-3,653.3E-6,495.0E-6,336.6E-6,178.0E-6,811.5E-6
456.0E-3,9.566E-6,17.97E-6,26.37E-6,34.76E-6,43.14E-6,458.0E-3,675.4E-6,511.8E-6,347.9E-6,183.9E-6,839.0E-6
458.0E-3,9.934E-6,18.67E-6,27.39E-6,36.11E-6,44.82E-6,460.0E-3,698.1E-6,528.9E-6,359.6E-6,190.1E-6,867.2E-6
460.0E-3,10.31E-6,19.39E-6,28.45E-6,37.50E-6,46.56E-6,462.0E-3,721.5E-6,546.6E-6,371.6E-6,196.4E-6,896.2E-6
462.0E-3,10.71E-6,20.13E-6,29.54E-6,38.95E-6,48.35E-6,464.0E-3,745.5E-6,564.8E-6,384.0E-6,202.9E-6,926.1E-6
464.0E-3,11.11E-6,20.90E-6,30.67E-6,40.44E-6,50.20E-6,466.0E-3,770.2E-6,583.5E-6,396.6E-6,209.5E-6,956.8E-6
466.0E-3,11.53E-6,21.69E-6,31.84E-6,41.98E-6,52.11E-6,468.0E-3,795.6E-6,602.8E-6,409.7E-6,216.4E-6,988.4E-6
468.0E-3,11.96E-6,22.51E-6,33.05E-6,43.57E-6,54.09E-6,470.0E-3,821.7E-6,622.5E-6,423.1E-6,223.4E-6,1.021E-3
470.0E-3,12.41E-6,23.36E-6,34.29E-6,45.21E-6,56.13E-6,472.0E-3,848.6E-6,642.8E-6,436.9E-6,230.7E-6,1.054E-3
472.0E-3,12.87E-6,24.23E-6,35.58E-6,46.91E-6,58.24E-6,474.0E-3,876.2E-6,663.7E-6,451.0E-6,238.1E-6,1.088E-3
474.0E-3,13.35E-6,25.13E-6,36.90E-6,48.66E-6,60.42E-6,476.0E-3,904.5E-6,685.2E-6,465.6E-6,245.7E-6,1.124E-3
476.0E-3,13.84E-6,26.06E-6,38.27E-6,50.47E-6,62.67E-6,478.0E-3,933.6E-6,707.2E-6,480.5E-6,253.6E-6,1.160E-3
478.0E-3,14.35E-6,27.02E-6,39.69E-6,52.34E-6,64.99E-6,480.0E-3,963.5E-6,729.8E-6,495.9E-6,261.6E-6,1.197E-3
480.0E-3,14.87E-6,28.01E-6,41.15E-6,54.27E-6,67.38E-6,482.0E-3,994.2E-6,753.0E-6,511.6E-6,269.9E-6,1.235E-3
482.0E-3,15.41E-6,29.04E-6,42.65E-6,56.25E-6,69.85E-6,484.0E-3,1.026E-3,776.9E-6,527.8E-6,278.4E-6,1.274E-3
484.0E-3,15.97E-6,30.09E-6,44.21E-6,58.31E-6,72.40E-6,486.0E-3,1.058E-3,801.3E-6,544.4E-6,287.0E-6,1.315E-3
486.0E-3,16.54E-6,31.18E-6,45.81E-6,60.42E-6,75.03E-6,488.0E-3,1.091E-3,826.4E-6,561.4E-6,296.0E-6,1.356E-3
488.0E-3,17.13E-6,32.31E-6,47.46E-6,62.60E-6,77.74E-6,490.0E-3,1.125E-3,852.1E-6,578.8E-6,305.1E-6,1.398E-3
490.0E-3,17.74E-6,33.46E-6,49.17E-6,64.85E-6,80.54E-6,492.0E-3,1.160E-3,878.5E-6,596.7E-6,314.5E-6,1.441E-3
492.0E-3,18.37E-6,34.66E-6,50.92E-6,67.17E-6,83.42E-6,494.0E-3,1.196E-3,905.6E-6,615.0E-6,324.1E-6,1.486E-3
494.0E-3,19.02E-6,35.89E-6,52.74E-6,69.57E-6,86.39E-6,496.0E-3,1.232E-3,933.3E-6,633.8E-6,333.9E-6,1.531E-3
496.0E-3,19.69E-6,37.15E-6,54.60E-6,72.03E-6,89.45E-6,498.0E-3,1.270E-3,961.7E-6,653.1E-6,344.0E-6,1.578E-3
498.0E-3,20.38E-6,38.46E-6,56.53E-6,74.57E-6,92.61E-6,500.0E-3,1.308E-3,990.8E-6,672.8E-6,354.3E-6,1.626E-3
500.0E-3,21.08E-6,39.81E-6,58.51E-6,77.19E-6,95.86E-6,502.0E-3,1.348E-3,1.021E-3,692.9E-6,364.8E-6,1.675E-3
502.0E-3,21.81E-6,41.19E-6,60.55E-6,79.88E-6,99.21E-6,504.0E-3,1.388E-3,1.051E-3,713.6E-6,375.6E-6,1.725E-3
504.0E-3,22.56E-6,42.62E-6,62.65E-6,82.66E-6,102.7E-6,506.0E-3,1.429E-3,1.082E-3,734.7E-6,386.6E-6,1.776E-3
506.0E-3,23.34E-6,44.09E-6,64.81E-6,85.52E-6,106.2E-6,508.0E-3,1.472E-3,1.114E-3,756.3E-6,397.9E-6,1.829E-3
508.0E-3,24.13E-6,45.60E-6,67.04E-6,88.46E-6,109.9E-6,510.0E-3,1.515E-3,1.147E-3,778.4E-6,409.4E-6,1.883E-3
510.0E-3,24.95E-6,47.16E-6,69.34E-6,91.49E-6,113.6E-6,512.0E-3,1.559E-3,1.180E-3,801.0E-6,421.2E-6,1.937E-3
512.0E-3,25.80E-6,48.76E-6,71.70E-6,94.61E-6,117.5E-6,514.0E-3,1.604E-3,1.214E-3,824.1E-6,433.2E-6,1.994E-3
514.0E-3,26.66E-6,50.41E-6,74.13E-6,97.82E-6,121.5E-6,516.0E-3,1.650E-3,1.249E-3,847.6E-6,445.5E-6,2.051E-3
516.0E-3,27.55E-6,52.10E-6,76.62E-6,101.1E-6,125.6E-6,518.0E-3,1.697E-3,1.285E-3,871.7E-6,458.0E-6,2.109E-3
518.0E-3,28.47E-6,53.85E-6,79.19E-6,104.5E-6,129.8E-6,520.0E-3,1.745E-3,1.321E-3,896.2E-6,470.8E-6,2.169E-3
520.0E-3,29.41E-6,55.64E-6,81.83E-6,108.0E-6,134.2E-6,522.0E-3,1.794E-3,1.358E-3,921.3E-6,483.8E-6,2.230E-3
522.0E-3,30.38E-6,57.48E-6,84.55E-6,111.6E-6,138.6E-6,524.0E-3,1.844E-3,1.396E-3,946.9E-6,497.1E-6,2.292E-3
524.0E-3,31.37E-6,59.38E-6,87.34E-6,115.3E-6,143.2E-6,526.0E-3,1.895E-3,1.434E-3,972.9E-6,510.6E-6,2.356E-3
526.0E-3,32.39E-6,61.32E-6,90.21E-6,119.1E-6,147.9E-6,528.0E-3,1.947E-3,1.474E-3,999.5E-6,524.4E-6,2.421E-3
528.0E-3,33.44E-6,63.32E-6,93.16E-6,123.0E-6,152.8E-6,530.0E-3,2.000E-3,1.514E-3,1.026E-3,538.5E-6,2.486E-3
530.0E-3,34.52E-6,65.37E-6,96.18E-6,127.0E-6,157.7E-6,532.0E-3,2.054E-3,1.554E-3,1.054E-3,552.8E-6,2.554E-3
532.0E-3,35.62E-6,67.48E-6,99.29E-6,131.1E-6,162.8E-6,534.0E-3,2.109E-3,1.596E-3,1.082E-3,567.3E-6,2.622E-3
534.0E-3,36.76E-6,69.65E-6,102.5E-6,135.3E-6,168.1E-6,536.0E-3,2.165E-3,1.638E-3,1.111E-3,582.1E-6,2.692E-3
536.0E-3,37.92E-6,71.87E-6,105.8E-6,139.6E-6,173.5E-6,538.0E-3,2.222E-3,1.681E-3,1.140E-3,597.1E-6,2.762E-3
538.0E-3,39.12E-6,74.15E-6,109.1E-6,144.1E-6,179.0E-6,540.0E-3,2.280E-3,1.725E-3,1.169E-3,612.4E-6,2.834E-3
540.0E-3,40.34E-6,76.48E-6,112.6E-6,148.6E-6,184.7E-6,542.0E-3,2.339E-3,1.769E-3,1.199E-3,627.9E-6,2.908E-3
542.0E-3,41.60E-6,78.88E-6,116.1E-6,153.3E-6,190.5E-6,544.0E-3,2.398E-3,1.814E-3,1.230E-3,643.6E-6,2.982E-3
544.0E-3,42.89E-6,81.34E-6,119.7E-6,158.1E-6,196.4E-6,546.0E-3,2.459E-3,1.860E-3,1.260E-3,659.6E-6,3.058E-3
546.0E-3,44.20E-6,83.86E-6,123.5E-6,163.0E-6,202.6E-6,548.0E-3,2.521E-3,1.907E-3,1.292E-3,675.8E-6,3.134E-3
548.0E-3,45.56E-6,86.45E-6,127.3E-6,168.1E-6,208.8E-6,550.0E-3,2.583E-3,1.954E-3,1.324E-3,692.2E-6,3.212E-3
550.0E-3,46.94E-6,89.09E-6,131.2E-6,173.2E-6,215.2E-6,552.0E-3,2.647E-3,2.002E-3,1.356E-3,708.8E-6,3.291E-3
552.0E-3,48.36E-6,91.80E-6,135.2E-6,178.5E-6,221.8E-6,554.0E-3,2.711E-3,2.050E-3,1.389E-3,725.7E-6,3.371E-3
554.0E-3,49.81E-6,94.58E-6,139.3E-6,183.9E-6,228.6E-6,556.0E-3,2.776E-3,2.099E-3,1.422E-3,742.8E-6,3.453E-3
556.0E-3,51.29E-6,97.43E-6,143.5E-6,189.5E-6,235.5E-6,558.0E-3,2.842E-3,2.149E-3,1.455E-3,760.1E-6,3.535E-3
558.0E-3,52.81E-6,100.3E-6,147.8E-6,195.2E-6,242.5E-6,560.0E-3,2.909E-3,2.200E-3,1.489E-3,777.5E-6,3.618E-3
560.0E-3,54.37E-6,103.3E-6,152.2E-6,201.0E-6,249.8E-6,562.0E-3,2.977E-3,2.251E-3,1.524E-3,795.2E-6,3.703E-3
562.0E-3,55.96E-6,106.4E-6,156.7E-6,206.9E-6,257.2E-6,564.0E-3,3.045E-3,2.302E-3,1.559E-3,813.1E-6,3.788E-3
564.0E-3,57.59E-6,109.5E-6,161.3E-6,213.0E-6,264.8E-6,566.0E-3,3.115E-3,2.355E-3,1.594E-3,831.2E-6,3.874E-3
566.0E-3,59.25E-6,112.7E-6,166.0E-6,219.3E-6,272.5E-6,568.0E-3,3.185E-3,2.407E-3,1.629E-3,849.4E-6,3.962E-3
568.0E-3,60.95E-6,115.9E-6,170.8E-6,225.6E-6,280.4E-6,570.0E-3,3.256E-3,2.461E-3,1.665E-3,867.8E-6,4.050E-3
570.0E-3,62.68E-6,119.3E-6,175.7E-6,232.1E-6,288.5E-6,572.0E-3,3.327E-3,2.515E-3,1.702E-3,886.4E-6,4.139E-3
572.0E-3,64.46E-6,122.7E-6,180.8E-6,238.8E-6,296.8E-6,574.0E-3,3.399E-3,2.569E-3,1.738E-3,905.1E-6,4.229E-3
574.0E-3,66.27E-6,126.1E-6,185.9E-6,245.6E-6,305.3E-6,576.0E-3,3.472E-3,2.624E-3,1.775E-3,924.0E-6,4.320E-3
576.0E-3,68.11E-6,129.7E-6,191.1E-6,252.5E-6,313.9E-6,578.0E-3,3.546E-3,2.679E-3,1.812E-3,943.1E-6,4.411E-3
578.0E-3,70.00E-6,133.3E-6,196.5E-6,259.6E-6,322.7E-6,580.0E-3,3.620E-3,2.735E-3,1.850E-3,962.2E-6,4.504E-3
580.0E-3,71.93E-6,137.0E-6,202.0E-6,266.9E-6,331.7E-6,582.0E-3,3.694E-3,2.791E-3,1.888E-3,981.6E-6,4.597E-3
582.0E-3,73.89E-6,140.8E-6,207.6E-6,274.3E-6,340.9E-6,584.0E-3,3.770E-3,2.848E-3,1.926E-3,1.001E-3,4.690E-3
584.0E-3,75.89E-6,144.6E-6,213.3E-6,281.8E-6,350.3E-6,586.0E-3,3.845E-3,2.905E-3,1.964E-3,1.021E-3,4.785E-3
586.0E-3,77.93E-6,148.6E-6,219.1E-6,289.5E-6,359.9E-6,588.0E-3,3.922E-3,2.963E-3,2.003E-3,1.040E-3,4.880E-3
588.0E-3,80.01E-6,152.6E-6,225.0E-6,297.3E-6,369.6E-6,590.0E-3,3.998E-3,3.020E-3,2.041E-3,1.060E-3,4.976E-3
590.0E-3,82.13E-6,156.7E-6,231.0E-6,305.3E-6,379.6E-6,592.0E-3,4.075E-3,3.078E-3,2.080E-3,1.080E-3,5.072E-3
592.0E-3,84.29E-6,160.8E-6,237.2E-6,313.5E-6,389.7E-6,594.0E-3,4.153E-3,3.137E-3,2.120E-3,1.100E-3,5.169E-3
594.0E-3,86.49E-6,165.1E-6,243.5E-6,321.8E-6,400.1E-6,596.0E-3,4.231E-3,3.196E-3,2.159E-3,1.120E-3,5.266E-3
596.0E-3,88.73E-6,169.4E-6,249.9E-6,330.2E-6,410.6E-6,598.0E-3,4.309E-3,3.254E-3,2.199E-3,1.140E-3,5.363E-3
598.0E-3,91.01E-6,173.8E-6,256.4E-6,338.9E-6,421.3E-6,600.0E-3,4.388E-3,3.314E-3,2.238E-3,1.160E-3,5.461E-3
600.0E-3,93.33E-6,178.2E-6,263.0E-6,347.6E-6,432.3E-6,602.0E-3,4.467E-3,3.373E-3,2.278E-3,1.180E-3,5.560E-3
602.0E-3,95.69E-6,182.8E-6,269.7E-6,356.6E-6,443.4E-6,604.0E-3,4.546E-3,3.432E-3,2.318E-3,1.200E-3,5.659E-3
604.0E-3,98.09E-6,187.4E-6,276.6E-6,365.7E-6,454.7E-6,606.0E-3,4.625E-3,3.492E-3,2.358E-3,1.221E-3,5.758E-3
606.0E-3,100.5E-6,192.2E-6,283.6E-6,374.9E-6,466.2E-6,608.0E-3,4.705E-3,3.552E-3,2.398E-3,1.241E-3,5.857E-3
608.0E-3,103.0E-6,196.9E-6,290.7E-6,384.3E-6,477.9E-6,610.0E-3,4.784E-3,3.612E-3,2.438E-3,1.261E-3,5.956E-3
610.0E-3,105.5E-6,201.8E-6,297.9E-6,393.9E-6,489.8E-6,612.0E-3,4.864E-3,3.672E-3,2.478E-3,1.282E-3,6.056E-3
612.0E-3,108.1E-6,206.8E-6,305.3E-6,403.6E-6,501.9E-6,614.0E-3,4.944E-3,3.732E-3,2.519E-3,1.302E-3,6.155E-3
614.0E-3,110.7E-6,211.8E-6,312.7E-6,413.5E-6,514.3E-6,616.0E-3,5.024E-3,3.792E-3,2.559E-3,1.322E-3,6.255E-3
616.0E-3,113.4E-6,216.9E-6,320.3E-6,423.6E-6,526.8E-6,618.0E-3,5.104E-3,3.852E-3,2.599E-3,1.343E-3,6.355E-3
618.0E-3,116.0E-6,222.1E-6,328.0E-6,433.8E-6,539.5E-6,620.0E-3,5.184E-3,3.912E-3,2.639E-3,1.363E-3,6.455E-3
620.0E-3,118.8E-6,227.4E-6,335.8E-6,444.1E-6,552.4E-6,622.0E-3,5.264E-3,3.972E-3,2.680E-3,1.383E-3,6.555E-3
622.0E-3,121.5E-6,232.8E-6,343.8E-6,454.7E-6,565.5E-6,624.0E-3,5.344E-3,4.033E-3,2.720E-3,1.404E-3,6.654E-3
624.0E-3,124.3E-6,238.2E-6,351.8E-6,465.4E-6,578.8E-6,626.0E-3,5.424E-3,4.093E-3,2.760E-3,1.424E-3,6.754E-3
626.0E-3,127.2E-6,243.7E-6,360.0E-6,476.2E-6,592.3E-6,628.0E-3,5.503E-3,4.152E-3,2.800E-3,1.444E-3,6.854E-3
628.0E-3,130.1E-6,249.3E-6,368.3E-6,487.2E-6,606.0E-6,630.0E-3,5.583E-3,4.212E-3,2.840E-3,1.464E-3,6.953E-3
630.0E-3,133.0E-6,255.0E-6,376.8E-6,498.4E-6,619.9E-6,632.0E-3,5.662E-3,4.272E-3,2.880E-3,1.484E-3,7.052E-3
632.0E-3,136.0E-6,260.8E-6,385.3E-6,509.7E-6,634.0E-6,634.0E-3,5.741E-3,4.331E-3,2.920E-3,1.504E-3,7.151E-3
634.0E-3,139.0E-6,266.6E-6,394.0E-6,521.2E-6,648.3E-6,636.0E-3,5.820E-3,4.390E-3,2.959E-3,1.524E-3,7.249E-3
636.0E-3,142.0E-6,272.5E-6,402.7E-6,532.8E-6,662.8E-6,638.0E-3,5.899E-3,4.450E-3,2.999E-3,1.544E-3,7.347E-3
638.0E-3,145.1E-6,278.5E-6,411.6E-6,544.6E-6,677.5E-6,640.0E-3,5.977E-3,4.508E-3,3.038E-3,1.564E-3,7.445E-3
640.0E-3,148.2E-6,284.6E-6,420.7E-6,556.6E-6,692.4E-6,642.0E-3,6.055E-3,4.567E-3,3.077E-3,1.583E-3,7.543E-3
642.0E-3,151.4E-6,290.8E-6,429.8E-6,568.7E-6,707.5E-6,644.0E-3,6.133E-3,4.625E-3,3.116E-3,1.603E-3,7.640E-3
644.0E-3,154.6E-6,297.0E-6,439.0E-6,580.9E-6,722.8E-6,646.0E-3,6.210E-3,4.683E-3,3.155E-3,1.622E-3,7.736E-3
646.0E-3,157.9E-6,303.3E-6,448.4E-6,593.4E-6,738.3E-6,648.0E-3,6.287E-3,4.741E-3,3.193E-3,1.642E-3,7.832E-3
648.0E-3,161.1E-6,309.7E-6,457.9E-6,605.9E-6,753.9E-6,650.0E-3,6.364E-3,4.799E-3,3.232E-3,1.661E-3,7.928E-3
650.0E-3,164.5E-6,316.2E-6,467.5E-6,618.7E-6,769.8E-6,652.0E-3,6.440E-3,4.856E-3,3.270E-3,1.680E-3,8.023E-3
652.0E-3,167.8E-6,322.7E-6,477.2E-6,631.5E-6,785.8E-6,654.0E-3,6.515E-3,4.912E-3,3.308E-3,1.699E-3,8.117E-3
654.0E-3,171.2E-6,329.3E-6,487.0E-6,644.6E-6,802.1E-6,656.0E-3,6.590E-3,4.969E-3,3.345E-3,1.718E-3,8.211E-3
656.0E-3,174.7E-6,336.0E-6,497.0E-6,657.8E-6,818.5E-6,658.0E-3,6.665E-3,5.025E-3,3.383E-3,1.736E-3,8.305E-3
658.0E-3,178.1E-6,342.8E-6,507.0E-6,671.1E-6,835.1E-6,660.0E-3,6.739E-3,5.080E-3,3.420E-3,1.755E-3,8.397E-3
660.0E-3,181.6E-6,349.6E-6,517.2E-6,684.6E-6,851.9E-6,662.0E-3,6.813E-3,5.135E-3,3.457E-3,1.773E-3,8.489E-3
662.0E-3,185.2E-6,356.5E-6,527.4E-6,698.2E-6,868.9E-6,664.0E-3,6.886E-3,5.190E-3,3.493E-3,1.791E-3,8.580E-3
664.0E-3,188.8E-6,363.5E-6,537.8E-6,712.0E-6,886.0E-6,666.0E-3,6.958E-3,5.245E-3,3.529E-3,1.810E-3,8.671E-3
666.0E-3,192.4E-6,370.6E-6,548.3E-6,725.9E-6,903.4E-6,668.0E-3,7.030E-3,5.298E-3,3.565E-3,1.827E-3,8.760E-3
668.0E-3,196.0E-6,377.7E-6,558.9E-6,739.9E-6,920.9E-6,670.0E-3,7.101E-3,5.352E-3,3.601E-3,1.845E-3,8.849E-3
670.0E-3,199.7E-6,384.9E-6,569.6E-6,754.1E-6,938.6E-6,672.0E-3,7.171E-3,5.405E-3,3.636E-3,1.863E-3,8.937E-3
672.0E-3,203.5E-6,392.2E-6,580.4E-6,768.5E-6,956.5E-6,674.0E-3,7.241E-3,5.457E-3,3.671E-3,1.880E-3,9.025E-3
674.0E-3,207.2E-6,399.5E-6,591.3E-6,783.0E-6,974.5E-6,676.0E-3,7.311E-3,5.509E-3,3.706E-3,1.897E-3,9.111E-3
676.0E-3,211.0E-6,406.9E-6,602.4E-6,797.6E-6,992.7E-6,678.0E-3,7.379E-3,5.560E-3,3.740E-3,1.914E-3,9.197E-3
678.0E-3,214.8E-6,414.4E-6,613.5E-6,812.3E-6,1.011E-3,680.0E-3,7.447E-3,5.611E-3,3.774E-3,1.931E-3,9.282E-3
680.0E-3,218.7E-6,421.9E-6,624.7E-6,827.2E-6,1.030E-3,682.0E-3,7.514E-3,5.661E-3,3.807E-3,1.948E-3,9.366E-3
682.0E-3,222.6E-6,429.6E-6,636.0E-6,842.3E-6,1.048E-3,684.0E-3,7.580E-3,5.711E-3,3.840E-3,1.964E-3,9.449E-3
684.0E-3,226.5E-6,437.2E-6,647.4E-6,857.4E-6,1.067E-3,686.0E-3,7.646E-3,5.760E-3,3.873E-3,1.981E-3,9.531E-3
686.0E-3,230.5E-6,445.0E-6,659.0E-6,872.7E-6,1.086E-3,688.0E-3,7.711E-3,5.809E-3,3.905E-3,1.997E-3,9.612E-3
688.0E-3,234.5E-6,452.8E-6,670.6E-6,888.1E-6,1.106E-3,690.0E-3,7.775E-3,5.857E-3,3.937E-3,2.012E-3,9.692E-3
690.0E-3,238.5E-6,460.7E-6,682.3E-6,903.7E-6,1.125E-3,692.0E-3,7.838E-3,5.905E-3,3.969E-3,2.028E-3,9.771E-3
692.0E-3,242.6E-6,468.6E-6,694.1E-6,919.4E-6,1.145E-3,694.0E-3,7.901E-3,5.952E-3,4.000E-3,2.044E-3,9.850E-3
694.0E-3,246.6E-6,476.6E-6,706.0E-6,935.2E-6,1.164E-3,696.0E-3,7.963E-3,5.998E-3,4.031E-3,2.059E-3,9.927E-3
696.0E-3,250.8E-6,484.7E-6,718.0E-6,951.1E-6,1.184E-3,698.0E-3,8.024E-3,6.044E-3,4.061E-3,2.074E-3,10.00E-3
698.0E-3,254.9E-6,492.8E-6,730.1E-6,967.1E-6,1.204E-3,700.0E-3,8.084E-3,6.089E-3,4.091E-3,2.089E-3,10.08E-3
700.0E-3,259.1E-6,501.0E-6,742.3E-6,983.3E-6,1.224E-3,702.0E-3,8.143E-3,6.133E-3,4.121E-3,2.103E-3,10.15E-3
702.0E-3,263.3E-6,509.2E-6,754.5E-6,999.6E-6,1.245E-3,704.0E-3,8.202E-3,6.177E-3,4.150E-3,2.118E-3,10.23E-3
704.0E-3,267.5E-6,517.5E-6,766.9E-6,1.016E-3,1.265E-3,706.0E-3,8.259E-3,6.220E-3,4.179E-3,2.132E-3,10.30E-3
706.0E-3,271.8E-6,525.9E-6,779.3E-6,1.033E-3,1.286E-3,708.0E-3,8.316E-3,6.263E-3,4.207E-3,2.146E-3,10.37E-3
708.0E-3,276.1E-6,534.3E-6,791.9E-6,1.049E-3,1.306E-3,710.0E-3,8.372E-3,6.305E-3,4.235E-3,2.160E-3,10.44E-3
710.0E-3,280.4E-6,542.8E-6,804.5E-6,1.066E-3,1.327E-3,712.0E-3,8.427E-3,6.346E-3,4.262E-3,2.173E-3,10.51E-3
712.0E-3,284.8E-6,551.3E-6,817.2E-6,1.083E-3,1.348E-3,714.0E-3,8.482E-3,6.386E-3,4.289E-3,2.186E-3,10.58E-3
714.0E-3,289.1E-6,559.9E-6,829.9E-6,1.100E-3,1.369E-3,716.0E-3,8.535E-3,6.426E-3,4.316E-3,2.199E-3,10.64E-3
716.0E-3,293.5E-6,568.5E-6,842.8E-6,1.117E-3,1.391E-3,718.0E-3,8.588E-3,6.466E-3,4.342E-3,2.212E-3,10.71E-3
718.0E-3,298.0E-6,577.2E-6,855.7E-6,1.134E-3,1.412E-3,720.0E-3,8.639E-3,6.504E-3,4.367E-3,2.225E-3,10.77E-3
720.0E-3,302.4E-6,585.9E-6,868.7E-6,1.151E-3,1.434E-3,722.0E-3,8.690E-3,6.542E-3,4.393E-3,2.237E-3,10.84E-3
722.0E-3,306.9E-6,594.7E-6,881.8E-6,1.169E-3,1.455E-3,724.0E-3,8.740E-3,6.580E-3,4.417E-3,2.249E-3,10.90E-3
724.0E-3,311.4E-6,603.5E-6,895.0E-6,1.186E-3,1.477E-3,726.0E-3,8.789E-3,6.616E-3,4.442E-3,2.261E-3,10.96E-3
726.0E-3,315.9E-6,612.4E-6,908.2E-6,1.204E-3,1.499E-3,728.0E-3,8.837E-3,6.652E-3,4.465E-3,2.273E-3,11.02E-3
728.0E-3,320.4E-6,621.3E-6,921.5E-6,1.221E-3,1.521E-3,730.0E-3,8.884E-3,6.687E-3,4.489E-3,2.285E-3,11.08E-3
730.0E-3,325.0E-6,630.3E-6,934.9E-6,1.239E-3,1.543E-3,732.0E-3,8.930E-3,6.722E-3,4.512E-3,2.296E-3,11.14E-3
732.0E-3,329.6E-6,639.3E-6,948.3E-6,1.257E-3,1.565E-3,734.0E-3,8.975E-3,6.756E-3,4.534E-3,2.307E-3,11.19E-3
734.0E-3,334.2E-6,648.4E-6,961.8E-6,1.275E-3,1.588E-3,736.0E-3,9.020E-3,6.789E-3,4.556E-3,2.318E-3,11.25E-3
736.0E-3,338.9E-6,657.5E-6,975.4E-6,1.293E-3,1.610E-3,738.0E-3,9.063E-3,6.821E-3,4.578E-3,2.328E-3,11.30E-3
738.0E-3,343.5E-6,666.7E-6,989.1E-6,1.311E-3,1.633E-3,740.0E-3,9.106E-3,6.853E-3,4.599E-3,2.338E-3,11.36E-3
740.0E-3,348.2E-6,675.9E-6,1.003E-3,1.329E-3,1.656E-3,742.0E-3,9.147E-3,6.884E-3,4.619E-3,2.348E-3,11.41E-3
742.0E-3,352.9E-6,685.1E-6,1.017E-3,1.348E-3,1.679E-3,744.0E-3,9.188E-3,6.915E-3,4.639E-3,2.358E-3,11.46E-3
744.0E-3,357.6E-6,694.4E-6,1.030E-3,1.366E-3,1.701E-3,746.0E-3,9.228E-3,6.944E-3,4.659E-3,2.368E-3,11.51E-3
746.0E-3,362.3E-6,703.7E-6,1.044E-3,1.384E-3,1.724E-3,748.0E-3,9.267E-3,6.973E-3,4.678E-3,2.377E-3,11.56E-3
748.0E-3,367.1E-6,713.1E-6,1.058E-3,1.403E-3,1.748E-3,750.0E-3,9.304E-3,7.002E-3,4.697E-3,2.386E-3,11.61E-3
750.0E-3,371.9E-6,722.5E-6,1.072E-3,1.422E-3,1.771E-3,752.0E-3,9.341E-3,7.029E-3,4.715E-3,2.395E-3,11.65E-3
752.0E-3,376.7E-6,731.9E-6,1.086E-3,1.440E-3,1.794E-3,754.0E-3,9.377E-3,7.056E-3,4.733E-3,2.404E-3,11.70E-3
754.0E-3,381.5E-6,741.4E-6,1.100E-3,1.459E-3,1.817E-3,756.0E-3,9.412E-3,7.082E-3,4.750E-3,2.412E-3,11.74E-3
756.0E-3,386.3E-6,750.9E-6,1.115E-3,1.478E-3,1.841E-3,758.0E-3,9.447E-3,7.108E-3,4.767E-3,2.420E-3,11.78E-3
758.0E-3,391.1E-6,760.4E-6,1.129E-3,1.497E-3,1.865E-3,760.0E-3,9.480E-3,7.133E-3,4.783E-3,2.428E-3,11.83E-3
760.0E-3,396.0E-6,770.0E-6,1.143E-3,1.516E-3,1.888E-3,762.0E-3,9.512E-3,7.157E-3,4.799E-3,2.436E-3,11.87E-3
762.0E-3,400.9E-6,779.6E-6,1.157E-3,1.535E-3,1.912E-3,764.0E-3,9.543E-3,7.180E-3,4.815E-3,2.443E-3,11.91E-3
764.0E-3,405.7E-6,789.2E-6,1.172E-3,1.554E-3,1.936E-3,766.0E-3,9.574E-3,7.203E-3,4.830E-3,2.451E-3,11.94E-3
766.0E-3,410.6E-6,798.9E-6,1.186E-3,1.573E-3,1.960E-3,768.0E-3,9.603E-3,7.225E-3,4.844E-3,2.457E-3,11.98E-3
768.0E-3,415.6E-6,808.5E-6,1.201E-3,1.592E-3,1.984E-3,770.0E-3,9.631E-3,7.246E-3,4.858E-3,2.464E-3,12.02E-3
770.0E-3,420.5E-6,818.3E-6,1.215E-3,1.611E-3,2.008E-3,772.0E-3,9.659E-3,7.266E-3,4.872E-3,2.471E-3,12.05E-3
772.0E-3,425.4E-6,828.0E-6,1.230E-3,1.631E-3,2.032E-3,774.0E-3,9.686E-3,7.286E-3,4.885E-3,2.477E-3,12.08E-3
774.0E-3,430.4E-6,837.8E-6,1.244E-3,1.650E-3,2.056E-3,776.0E-3,9.711E-3,7.305E-3,4.897E-3,2.483E-3,12.12E-3
776.0E-3,435.3E-6,847.6E-6,1.259E-3,1.670E-3,2.080E-3,778.0E-3,9.736E-3,7.324E-3,4.909E-3,2.489E-3,12.15E-3
778.0E-3,440.3E-6,857.4E-6,1.273E-3,1.689E-3,2.104E-3,780.0E-3,9.760E-3,7.341E-3,4.921E-3,2.494E-3,12.18E-3
780.0E-3,445.3E-6,867.2E-6,1.288E-3,1.709E-3,2.129E-3,782.0E-3,9.783E-3,7.358E-3,4.932E-3,2.500E-3,12.21E-3
782.0E-3,450.3E-6,877.1E-6,1.303E-3,1.728E-3,2.153E-3,784.0E-3,9.804E-3,7.375E-3,4.943E-3,2.505E-3,12.23E-3
784.0E-3,455.3E-6,887.0E-6,1.318E-3,1.748E-3,2.178E-3,786.0E-3,9.825E-3,7.390E-3,4.953E-3,2.510E-3,12.26E-3
786.0E-3,460.3E-6,896.9E-6,1.332E-3,1.767E-3,2.202E-3,788.0E-3,9.846E-3,7.405E-3,4.963E-3,2.514E-3,12.28E-3
788.0E-3,465.4E-6,906.8E-6,1.347E-3,1.787E-3,2.227E-3,790.0E-3,9.865E-3,7.419E-3,4.972E-3,2.519E-3,12.31E-3
790.0E-3,470.4E-6,916.8E-6,1.362E-3,1.807E-3,2.251E-3,792.0E-3,9.883E-3,7.433E-3,4.981E-3,2.523E-3,12.33E-3
792.0E-3,475.4E-6,926.7E-6,1.377E-3,1.827E-3,2.276E-3,794.0E-3,9.900E-3,7.446E-3,4.989E-3,2.527E-3,12.35E-3
794.0E-3,480.5E-6,936.7E-6,1.392E-3,1.846E-3,2.301E-3,796.0E-3,9.917E-3,7.458E-3,4.997E-3,2.530E-3,12.37E-3
796.0E-3,485.6E-6,946.7E-6,1.407E-3,1.866E-3,2.325E-3,798.0E-3,9.932E-3,7.470E-3,5.005E-3,2.534E-3,12.39E-3
798.0E-3,490.6E-6,956.7E-6,1.422E-3,1.886E-3,2.350E-3,800.0E-3,9.947E-3,7.480E-3,5.012E-3,2.537E-3,12.41E-3
800.0E-3,495.7E-6,966.7E-6,1.437E-3,1.906E-3,2.375E-3,802.0E-3,9.961E-3,7.491E-3,5.019E-3,2.540E-3,12.43E-3
802.0E-3,500.8E-6,976.8E-6,1.452E-3,1.926E-3,2.400E-3,804.0E-3,9.974E-3,7.500E-3,5.025E-3,2.543E-3,12.45E-3
804.0E-3,505.9E-6,986.8E-6,1.467E-3,1.946E-3,2.425E-3,806.0E-3,9.986E-3,7.509E-3,5.030E-3,2.546E-3,12.46E-3
806.0E-3,511.0E-6,996.9E-6,1.482E-3,1.966E-3,2.450E-3,808.0E-3,9.997E-3,7.517E-3,5.036E-3,2.548E-3,12.48E-3
808.0E-3,516.1E-6,1.007E-3,1.497E-3,1.986E-3,2.475E-3,810.0E-3,10.01E-3,7.525E-3,5.041E-3,2.550E-3,12.49E-3
810.0E-3,521.2E-6,1.017E-3,1.512E-3,2.006E-3,2.500E-3,812.0E-3,10.02E-3,7.532E-3,5.045E-3,2.552E-3,12.50E-3
812.0E-3,526.3E-6,1.027E-3,1.527E-3,2.026E-3,2.525E-3,814.0E-3,10.03E-3,7.538E-3,5.049E-3,2.554E-3,12.51E-3
814.0E-3,531.4E-6,1.037E-3,1.542E-3,2.046E-3,2.550E-3,816.0E-3,10.03E-3,7.544E-3,5.053E-3,2.555E-3,12.52E-3
816.0E-3,536.5E-6,1.047E-3,1.557E-3,2.066E-3,2.575E-3,818.0E-3,10.04E-3,7.549E-3,5.056E-3,2.557E-3,12.53E-3
818.0E-3,541.6E-6,1.057E-3,1.572E-3,2.086E-3,2.600E-3,820.0E-3,10.05E-3,7.554E-3,5.059E-3,2.558E-3,12.54E-3
820.0E-3,546.7E-6,1.068E-3,1.587E-3,2.106E-3,2.625E-3,822.0E-3,10.05E-3,7.557E-3,5.061E-3,2.559E-3,12.54E-3
822.0E-3,551.8E-6,1.078E-3,1.602E-3,2.126E-3,2.650E-3,824.0E-3,10.06E-3,7.561E-3,5.063E-3,2.560E-3,12.55E-3
824.0E-3,556.9E-6,1.088E-3,1.617E-3,2.146E-3,2.675E-3,826.0E-3,10.06E-3,7.564E-3,5.065E-3,2.560E-3,12.56E-3
826.0E-3,562.1E-6,1.098E-3,1.632E-3,2.166E-3,2.700E-3,828.0E-3,10.06E-3,7.566E-3,5.066E-3,2.561E-3,12.56E-3
828.0E-3,567.2E-6,1.108E-3,1.648E-3,2.187E-3,2.725E-3,830.0E-3,10.07E-3,7.567E-3,5.067E-3,2.561E-3,12.56E-3
830.0E-3,572.3E-6,1.118E-3,1.663E-3,2.207E-3,2.750E-3,832.0E-3,10.07E-3,7.568E-3,5.068E-3,2.561E-3,12.56E-3
832.0E-3,577.4E-6,1.128E-3,1.678E-3,2.227E-3,2.776E-3,834.0E-3,10.07E-3,7.569E-3,5.068E-3,2.561E-3,12.57E-3
834.0E-3,582.6E-6,1.138E-3,1.693E-3,2.247E-3,2.801E-3,836.0E-3,10.07E-3,7.569E-3,5.068E-3,2.561E-3,12.57E-3
836.0E-3,587.7E-6,1.149E-3,1.708E-3,2.267E-3,2.826E-3,838.0E-3,10.07E-3,7.568E-3,5.067E-3,2.560E-3,12.57E-3
838.0E-3,592.8E-6,1.159E-3,1.723E-3,2.287E-3,2.851E-3,840.0E-3,10.07E-3,7.567E-3,5.067E-3,2.560E-3,12.56E-3
840.0E-3,597.9E-6,1.169E-3,1.738E-3,2.307E-3,2.876E-3,842.0E-3,10.06E-3,7.566E-3,5.065E-3,2.559E-3,12.56E-3
842.0E-3,603.0E-6,1.179E-3,1.754E-3,2.327E-3,2.901E-3,844.0E-3,10.06E-3,7.564E-3,5.064E-3,2.558E-3,12.56E-3
844.0E-3,608.2E-6,1.189E-3,1.769E-3,2.348E-3,2.926E-3,846.0E-3,10.06E-3,7.561E-3,5.062E-3,2.557E-3,12.55E-3
846.0E-3,613.3E-6,1.199E-3,1.784E-3,2.368E-3,2.951E-3,848.0E-3,10.05E-3,7.558E-3,5.060E-3,2.555E-3,12.55E-3
848.0E-3,618.4E-6,1.209E-3,1.799E-3,2.388E-3,2.977E-3,850.0E-3,10.05E-3,7.554E-3,5.057E-3,2.554E-3,12.54E-3
850.0E-3,623.5E-6,1.219E-3,1.814E-3,2.408E-3,3.002E-3,852.0E-3,10.04E-3,7.551E-3,5.055E-3,2.552E-3,12.54E-3
852.0E-3,628.6E-6,1.230E-3,1.829E-3,2.428E-3,3.027E-3,854.0E-3,10.04E-3,7.546E-3,5.052E-3,2.551E-3,12.53E-3
854.0E-3,633.7E-6,1.240E-3,1.844E-3,2.448E-3,3.052E-3,856.0E-3,10.03E-3,7.541E-3,5.048E-3,2.549E-3,12.52E-3
856.0E-3,638.8E-6,1.250E-3,1.859E-3,2.468E-3,3.077E-3,858.0E-3,10.03E-3,7.536E-3,5.045E-3,2.547E-3,12.51E-3
858.0E-3,643.9E-6,1.260E-3,1.874E-3,2.488E-3,3.102E-3,860.0E-3,10.02E-3,7.530E-3,5.041E-3,2.545E-3,12.50E-3
860.0E-3,649.0E-6,1.270E-3,1.889E-3,2.508E-3,3.127E-3,862.0E-3,10.01E-3,7.524E-3,5.036E-3,2.542E-3,12.49E-3
862.0E-3,654.1E-6,1.280E-3,1.904E-3,2.528E-3,3.152E-3,864.0E-3,10.00E-3,7.518E-3,5.032E-3,2.540E-3,12.48E-3
864.0E-3,659.1E-6,1.290E-3,1.919E-3,2.548E-3,3.177E-3,866.0E-3,9.992E-3,7.511E-3,5.027E-3,2.537E-3,12.47E-3
866.0E-3,664.2E-6,1.300E-3,1.934E-3,2.568E-3,3.202E-3,868.0E-3,9.983E-3,7.503E-3,5.022E-3,2.535E-3,12.46E-3
868.0E-3,669.3E-6,1.310E-3,1.950E-3,2.588E-3,3.227E-3,870.0E-3,9.972E-3,7.496E-3,5.017E-3,2.532E-3,12.45E-3
870.0E-3,674.3E-6,1.320E-3,1.964E-3,2.608E-3,3.252E-3,872.0E-3,9.962E-3,7.488E-3,5.012E-3,2.529E-3,12.44E-3
872.0E-3,679.4E-6,1.330E-3,1.979E-3,2.628E-3,3.276E-3,874.0E-3,9.951E-3,7.479E-3,5.006E-3,2.526E-3,12.42E-3
874.0E-3,684.5E-6,1.340E-3,1.994E-3,2.648E-3,3.301E-3,876.0E-3,9.939E-3,7.471E-3,5.000E-3,2.523E-3,12.41E-3
876.0E-3,689.5E-6,1.350E-3,2.009E-3,2.668E-3,3.326E-3,878.0E-3,9.927E-3,7.462E-3,4.994E-3,2.520E-3,12.39E-3
878.0E-3,694.5E-6,1.360E-3,2.024E-3,2.688E-3,3.351E-3,880.0E-3,9.915E-3,7.452E-3,4.988E-3,2.516E-3,12.38E-3
880.0E-3,699.6E-6,1.370E-3,2.039E-3,2.708E-3,3.376E-3,882.0E-3,9.902E-3,7.442E-3,4.981E-3,2.513E-3,12.36E-3
882.0E-3,704.6E-6,1.380E-3,2.054E-3,2.727E-3,3.400E-3,884.0E-3,9.889E-3,7.432E-3,4.974E-3,2.510E-3,12.34E-3
884.0E-3,709.6E-6,1.390E-3,2.069E-3,2.747E-3,3.425E-3,886.0E-3,9.875E-3,7.422E-3,4.967E-3,2.506E-3,12.33E-3
886.0E-3,714.6E-6,1.400E-3,2.084E-3,2.767E-3,3.450E-3,888.0E-3,9.861E-3,7.412E-3,4.960E-3,2.502E-3,12.31E-3
888.0E-3,719.6E-6,1.410E-3,2.099E-3,2.787E-3,3.474E-3,890.0E-3,9.847E-3,7.401E-3,4.953E-3,2.498E-3,12.29E-3
890.0E-3,724.6E-6,1.420E-3,2.113E-3,2.806E-3,3.499E-3,892.0E-3,9.832E-3,7.389E-3,4.945E-3,2.495E-3,12.27E-3
892.0E-3,729.6E-6,1.430E-3,2.128E-3,2.826E-3,3.523E-3,894.0E-3,9.817E-3,7.378E-3,4.938E-3,2.491E-3,12.25E-3
894.0E-3,734.6E-6,1.440E-3,2.143E-3,2.846E-3,3.548E-3,896.0E-3,9.801E-3,7.366E-3,4.930E-3,2.486E-3,12.24E-3
896.0E-3,739.6E-6,1.450E-3,2.158E-3,2.865E-3,3.572E-3,898.0E-3,9.785E-3,7.354E-3,4.922E-3,2.482E-3,12.22E-3
898.0E-3,744.5E-6,1.459E-3,2.172E-3,2.885E-3,3.597E-3,900.0E-3,9.769E-3,7.342E-3,4.913E-3,2.478E-3,12.20E-3
900.0E-3,749.5E-6,1.469E-3,2.187E-3,2.904E-3,3.621E-3,902.0E-3,9.753E-3,7.330E-3,4.905E-3,2.474E-3,12.17E-3
902.0E-3,754.4E-6,1.479E-3,2.202E-3,2.924E-3,3.646E-3,904.0E-3,9.736E-3,7.317E-3,4.896E-3,2.469E-3,12.15E-3
904.0E-3,759.4E-6,1.489E-3,2.216E-3,2.943E-3,3.670E-3,906.0E-3,9.719E-3,7.304E-3,4.888E-3,2.465E-3,12.13E-3
906.0E-3,764.3E-6,1.499E-3,2.231E-3,2.963E-3,3.694E-3,908.0E-3,9.701E-3,7.291E-3,4.879E-3,2.460E-3,12.11E-3
908.0E-3,769.2E-6,1.508E-3,2.246E-3,2.982E-3,3.718E-3,910.0E-3,9.683E-3,7.278E-3,4.870E-3,2.456E-3,12.09E-3
910.0E-3,774.1E-6,1.518E-3,2.260E-3,3.001E-3,3.743E-3,912.0E-3,9.665E-3,7.264E-3,4.861E-3,2.451E-3,12.07E-3
912.0E-3,779.0E-6,1.528E-3,2.275E-3,3.021E-3,3.767E-3,914.0E-3,9.647E-3,7.250E-3,4.852E-3,2.447E-3,12.04E-3
914.0E-3,783.9E-6,1.538E-3,2.289E-3,3.040E-3,3.791E-3,916.0E-3,9.629E-3,7.236E-3,4.842E-3,2.442E-3,12.02E-3
916.0E-3,788.8E-6,1.547E-3,2.304E-3,3.059E-3,3.815E-3,918.0E-3,9.610E-3,7.222E-3,4.833E-3,2.437E-3,12.00E-3
918.0E-3,793.7E-6,1.557E-3,2.318E-3,3.079E-3,3.839E-3,920.0E-3,9.591E-3,7.208E-3,4.823E-3,2.432E-3,11.97E-3
920.0E-3,798.6E-6,1.566E-3,2.332E-3,3.098E-3,3.863E-3,922.0E-3,9.572E-3,7.193E-3,4.813E-3,2.427E-3,11.95E-3
922.0E-3,803.4E-6,1.576E-3,2.347E-3,3.117E-3,3.887E-3,924.0E-3,9.552E-3,7.179E-3,4.804E-3,2.422E-3,11.92E-3
924.0E-3,808.3E-6,1.586E-3,2.361E-3,3.136E-3,3.911E-3,926.0E-3,9.532E-3,7.164E-3,4.794E-3,2.417E-3,11.90E-3
926.0E-3,813.1E-6,1.595E-3,2.376E-3,3.155E-3,3.934E-3,928.0E-3,9.513E-3,7.149E-3,4.784E-3,2.412E-3,11.88E-3
928.0E-3,817.9E-6,1.605E-3,2.390E-3,3.174E-3,3.958E-3,930.0E-3,9.492E-3,7.134E-3,4.774E-3,2.407E-3,11.85E-3
930.0E-3,822.7E-6,1.614E-3,2.404E-3,3.193E-3,3.982E-3,932.0E-3,9.472E-3,7.119E-3,4.763E-3,2.401E-3,11.82E-3
932.0E-3,827.5E-6,1.624E-3,2.418E-3,3.212E-3,4.005E-3,934.0E-3,9.452E-3,7.103E-3,4.753E-3,2.396E-3,11.80E-3
934.0E-3,832.3E-6,1.633E-3,2.433E-3,3.231E-3,4.029E-3,936.0E-3,9.431E-3,7.088E-3,4.742E-3,2.391E-3,11.77E-3
936.0E-3,837.1E-6,1.643E-3,2.447E-3,3.250E-3,4.053E-3,938.0E-3,9.410E-3,7.072E-3,4.732E-3,2.386E-3,11.75E-3
938.0E-3,841.9E-6,1.652E-3,2.461E-3,3.269E-3,4.076E-3,940.0E-3,9.389E-3,7.056E-3,4.721E-3,2.380E-3,11.72E-3
940.0E-3,846.6E-6,1.662E-3,2.475E-3,3.287E-3,4.099E-3,942.0E-3,9.368E-3,7.040E-3,4.711E-3,2.375E-3,11.69E-3
942.0E-3,851.4E-6,1.671E-3,2.489E-3,3.306E-3,4.123E-3,944.0E-3,9.346E-3,7.024E-3,4.700E-3,2.369E-3,11.67E-3
944.0E-3,856.1E-6,1.681E-3,2.503E-3,3.325E-3,4.146E-3,946.0E-3,9.325E-3,7.008E-3,4.689E-3,2.364E-3,11.64E-3
946.0E-3,860.9E-6,1.690E-3,2.517E-3,3.343E-3,4.169E-3,948.0E-3,9.303E-3,6.991E-3,4.678E-3,2.358E-3,11.61E-3
948.0E-3,865.6E-6,1.699E-3,2.531E-3,3.362E-3,4.193E-3,950.0E-3,9.281E-3,6.975E-3,4.667E-3,2.353E-3,11.59E-3
950.0E-3,870.3E-6,1.709E-3,2.545E-3,3.381E-3,4.216E-3,952.0E-3,9.259E-3,6.958E-3,4.656E-3,2.347E-3,11.56E-3
952.0E-3,875.0E-6,1.718E-3,2.559E-3,3.399E-3,4.239E-3,954.0E-3,9.237E-3,6.942E-3,4.645E-3,2.341E-3,11.53E-3
954.0E-3,879.7E-6,1.727E-3,2.573E-3,3.418E-3,4.262E-3,956.0E-3,9.215E-3,6.925E-3,4.634E-3,2.336E-3,11.50E-3
956.0E-3,884.3E-6,1.737E-3,2.587E-3,3.436E-3,4.285E-3,958.0E-3,9.192E-3,6.908E-3,4.622E-3,2.330E-3,11.48E-3
958.0E-3,889.0E-6,1.746E-3,2.601E-3,3.454E-3,4.308E-3,960.0E-3,9.170E-3,6.891E-3,4.611E-3,2.324E-3,11.45E-3
960.0E-3,893.6E-6,1.755E-3,2.614E-3,3.473E-3,4.331E-3,962.0E-3,9.147E-3,6.874E-3,4.599E-3,2.319E-3,11.42E-3
962.0E-3,898.3E-6,1.764E-3,2.628E-3,3.491E-3,4.354E-3,964.0E-3,9.124E-3,6.857E-3,4.588E-3,2.313E-3,11.39E-3
964.0E-3,902.9E-6,1.773E-3,2.642E-3,3.509E-3,4.377E-3,966.0E-3,9.101E-3,6.840E-3,4.577E-3,2.307E-3,11.36E-3
966.0E-3,907.5E-6,1.783E-3,2.655E-3,3.528E-3,4.399E-3,968.0E-3,9.078E-3,6.822E-3,4.565E-3,2.301E-3,11.33E-3
968.0E-3,912.1E-6,1.792E-3,2.669E-3,3.546E-3,4.422E-3,970.0E-3,9.055E-3,6.805E-3,4.553E-3,2.295E-3,11.30E-3
970.0E-3,916.7E-6,1.801E-3,2.683E-3,3.564E-3,4.445E-3,972.0E-3,9.032E-3,6.787E-3,4.542E-3,2.289E-3,11.28E-3
972.0E-3,921.3E-6,1.810E-3,2.696E-3,3.582E-3,4.467E-3,974.0E-3,9.008E-3,6.770E-3,4.530E-3,2.283E-3,11.25E-3
974.0E-3,925.8E-6,1.819E-3,2.710E-3,3.600E-3,4.490E-3,976.0E-3,8.985E-3,6.752E-3,4.518E-3,2.277E-3,11.22E-3
976.0E-3,930.4E-6,1.828E-3,2.723E-3,3.618E-3,4.512E-3,978.0E-3,8.961E-3,6.735E-3,4.506E-3,2.271E-3,11.19E-3
978.0E-3,934.9E-6,1.837E-3,2.737E-3,3.636E-3,4.534E-3,980.0E-3,8.938E-3,6.717E-3,4.494E-3,2.265E-3,11.16E-3
980.0E-3,939.5E-6,1.846E-3,2.750E-3,3.654E-3,4.557E-3,982.0E-3,8.914E-3,6.699E-3,4.483E-3,2.259E-3,11.13E-3
982.0E-3,944.0E-6,1.855E-3,2.764E-3,3.671E-3,4.579E-3,984.0E-3,8.890E-3,6.681E-3,4.471E-3,2.253E-3,11.10E-3
984.0E-3,948.5E-6,1.864E-3,2.777E-3,3.689E-3,4.601E-3,986.0E-3,8.866E-3,6.663E-3,4.459E-3,2.247E-3,11.07E-3
986.0E-3,953.0E-6,1.873E-3,2.790E-3,3.707E-3,4.623E-3,988.0E-3,8.843E-3,6.645E-3,4.447E-3,2.241E-3,11.04E-3
988.0E-3,957.5E-6,1.882E-3,2.804E-3,3.725E-3,4.645E-3,990.0E-3,8.819E-3,6.627E-3,4.435E-3,2.235E-3,11.01E-3
990.0E-3,961.9E-6,1.891E-3,2.817E-3,3.742E-3,4.667E-3,992.0E-3,8.795E-3,6.609E-3,4.422E-3,2.229E-3,10.98E-3
992.0E-3,966.4E-6,1.899E-3,2.830E-3,3.760E-3,4.689E-3,994.0E-3,8.770E-3,6.591E-3,4.410E-3,2.223E-3,10.95E-3
994.0E-3,970.9E-6,1.908E-3,2.843E-3,3.777E-3,4.711E-3,996.0E-3,8.746E-3,6.573E-3,4.398E-3,2.217E-3,10.92E-3
996.0E-3,975.3E-6,1.917E-3,2.856E-3,3.795E-3,4.733E-3,998.0E-3,8.722E-3,6.555E-3,4.386E-3,2.211E-3,10.89E-3
998.0E-3,979.7E-6,1.926E-3,2.870E-3,3.812E-3,4.755E-3,1.000,8.698E-3,6.536E-3,4.374E-3,2.204E-3,10.86E-3
1.000,984.1E-6,1.935E-3,2.883E-3,3.830E-3,4.777E-3, , , , , , 
