dc (V),NM0:d (A),V1:p (A),dc (V),deriv(i("/V1/PLUS" ?result "dc")),deriv(i("/NM0/D" ?result "dc"))
0.000,5.905E-3,4.207E-3,2.000E-3,-11.38E-3,1.240E-9
2.000E-3,5.905E-3,4.184E-3,4.000E-3,-11.37E-3,1.358E-9
4.000E-3,5.905E-3,4.162E-3,6.000E-3,-11.36E-3,1.482E-9
6.000E-3,5.905E-3,4.139E-3,8.000E-3,-11.35E-3,1.613E-9
8.000E-3,5.905E-3,4.116E-3,10.00E-3,-11.35E-3,1.752E-9
10.00E-3,5.905E-3,4.093E-3,12.00E-3,-11.34E-3,1.898E-9
12.00E-3,5.905E-3,4.071E-3,14.00E-3,-11.33E-3,2.051E-9
14.00E-3,5.905E-3,4.048E-3,16.00E-3,-11.32E-3,2.213E-9
16.00E-3,5.905E-3,4.025E-3,18.00E-3,-11.31E-3,2.384E-9
18.00E-3,5.905E-3,4.003E-3,20.00E-3,-11.30E-3,2.563E-9
20.00E-3,5.905E-3,3.980E-3,22.00E-3,-11.29E-3,2.751E-9
22.00E-3,5.905E-3,3.958E-3,24.00E-3,-11.28E-3,2.949E-9
24.00E-3,5.905E-3,3.935E-3,26.00E-3,-11.27E-3,3.158E-9
26.00E-3,5.905E-3,3.913E-3,28.00E-3,-11.26E-3,3.378E-9
28.00E-3,5.905E-3,3.890E-3,30.00E-3,-11.25E-3,3.609E-9
30.00E-3,5.905E-3,3.868E-3,32.00E-3,-11.24E-3,3.854E-9
32.00E-3,5.905E-3,3.845E-3,34.00E-3,-11.23E-3,4.113E-9
34.00E-3,5.905E-3,3.823E-3,36.00E-3,-11.22E-3,4.387E-9
36.00E-3,5.905E-3,3.800E-3,38.00E-3,-11.21E-3,4.678E-9
38.00E-3,5.905E-3,3.778E-3,40.00E-3,-11.20E-3,4.988E-9
40.00E-3,5.905E-3,3.755E-3,42.00E-3,-11.19E-3,5.319E-9
42.00E-3,5.905E-3,3.733E-3,44.00E-3,-11.18E-3,5.672E-9
44.00E-3,5.905E-3,3.711E-3,46.00E-3,-11.17E-3,6.051E-9
46.00E-3,5.905E-3,3.688E-3,48.00E-3,-11.16E-3,6.456E-9
48.00E-3,5.905E-3,3.666E-3,50.00E-3,-11.15E-3,6.891E-9
50.00E-3,5.905E-3,3.644E-3,52.00E-3,-11.14E-3,7.359E-9
52.00E-3,5.905E-3,3.621E-3,54.00E-3,-11.13E-3,7.862E-9
54.00E-3,5.905E-3,3.599E-3,56.00E-3,-11.12E-3,8.402E-9
56.00E-3,5.905E-3,3.577E-3,58.00E-3,-11.11E-3,8.984E-9
58.00E-3,5.905E-3,3.555E-3,60.00E-3,-11.10E-3,9.610E-9
60.00E-3,5.905E-3,3.532E-3,62.00E-3,-11.08E-3,10.28E-9
62.00E-3,5.905E-3,3.510E-3,64.00E-3,-11.07E-3,11.01E-9
64.00E-3,5.905E-3,3.488E-3,66.00E-3,-11.06E-3,11.79E-9
66.00E-3,5.905E-3,3.466E-3,68.00E-3,-11.05E-3,12.63E-9
68.00E-3,5.905E-3,3.444E-3,70.00E-3,-11.04E-3,13.53E-9
70.00E-3,5.905E-3,3.422E-3,72.00E-3,-11.03E-3,14.50E-9
72.00E-3,5.905E-3,3.400E-3,74.00E-3,-11.01E-3,15.54E-9
74.00E-3,5.905E-3,3.378E-3,76.00E-3,-11.00E-3,16.66E-9
76.00E-3,5.905E-3,3.356E-3,78.00E-3,-10.99E-3,17.87E-9
78.00E-3,5.905E-3,3.334E-3,80.00E-3,-10.98E-3,19.16E-9
80.00E-3,5.905E-3,3.312E-3,82.00E-3,-10.96E-3,20.55E-9
82.00E-3,5.905E-3,3.290E-3,84.00E-3,-10.95E-3,22.04E-9
84.00E-3,5.905E-3,3.268E-3,86.00E-3,-10.94E-3,23.64E-9
86.00E-3,5.905E-3,3.246E-3,88.00E-3,-10.93E-3,25.35E-9
88.00E-3,5.905E-3,3.224E-3,90.00E-3,-10.91E-3,27.19E-9
90.00E-3,5.905E-3,3.202E-3,92.00E-3,-10.90E-3,29.16E-9
92.00E-3,5.905E-3,3.181E-3,94.00E-3,-10.89E-3,31.28E-9
94.00E-3,5.905E-3,3.159E-3,96.00E-3,-10.87E-3,33.55E-9
96.00E-3,5.905E-3,3.137E-3,98.00E-3,-10.86E-3,35.98E-9
98.00E-3,5.905E-3,3.115E-3,100.0E-3,-10.85E-3,38.59E-9
100.0E-3,5.905E-3,3.094E-3,102.0E-3,-10.83E-3,41.39E-9
102.0E-3,5.905E-3,3.072E-3,104.0E-3,-10.82E-3,44.39E-9
104.0E-3,5.905E-3,3.050E-3,106.0E-3,-10.80E-3,47.60E-9
106.0E-3,5.905E-3,3.029E-3,108.0E-3,-10.79E-3,51.05E-9
108.0E-3,5.905E-3,3.007E-3,110.0E-3,-10.77E-3,54.75E-9
110.0E-3,5.905E-3,2.986E-3,112.0E-3,-10.76E-3,58.70E-9
112.0E-3,5.905E-3,2.964E-3,114.0E-3,-10.75E-3,62.95E-9
114.0E-3,5.905E-3,2.943E-3,116.0E-3,-10.73E-3,67.50E-9
116.0E-3,5.905E-3,2.921E-3,118.0E-3,-10.72E-3,72.37E-9
118.0E-3,5.905E-3,2.900E-3,120.0E-3,-10.70E-3,77.59E-9
120.0E-3,5.905E-3,2.878E-3,122.0E-3,-10.69E-3,83.18E-9
122.0E-3,5.905E-3,2.857E-3,124.0E-3,-10.67E-3,89.17E-9
124.0E-3,5.905E-3,2.836E-3,126.0E-3,-10.65E-3,95.59E-9
126.0E-3,5.905E-3,2.814E-3,128.0E-3,-10.64E-3,102.5E-9
128.0E-3,5.905E-3,2.793E-3,130.0E-3,-10.62E-3,109.8E-9
130.0E-3,5.905E-3,2.772E-3,132.0E-3,-10.61E-3,117.7E-9
132.0E-3,5.905E-3,2.751E-3,134.0E-3,-10.59E-3,126.2E-9
134.0E-3,5.905E-3,2.729E-3,136.0E-3,-10.57E-3,135.2E-9
136.0E-3,5.905E-3,2.708E-3,138.0E-3,-10.56E-3,144.9E-9
138.0E-3,5.905E-3,2.687E-3,140.0E-3,-10.54E-3,155.3E-9
140.0E-3,5.905E-3,2.666E-3,142.0E-3,-10.52E-3,166.4E-9
142.0E-3,5.905E-3,2.645E-3,144.0E-3,-10.51E-3,178.2E-9
144.0E-3,5.905E-3,2.624E-3,146.0E-3,-10.49E-3,191.0E-9
146.0E-3,5.905E-3,2.603E-3,148.0E-3,-10.47E-3,204.6E-9
148.0E-3,5.905E-3,2.582E-3,150.0E-3,-10.45E-3,219.2E-9
150.0E-3,5.905E-3,2.561E-3,152.0E-3,-10.43E-3,234.7E-9
152.0E-3,5.905E-3,2.540E-3,154.0E-3,-10.42E-3,251.4E-9
154.0E-3,5.905E-3,2.519E-3,156.0E-3,-10.40E-3,269.3E-9
156.0E-3,5.905E-3,2.499E-3,158.0E-3,-10.38E-3,288.4E-9
158.0E-3,5.905E-3,2.478E-3,160.0E-3,-10.36E-3,308.8E-9
160.0E-3,5.905E-3,2.457E-3,162.0E-3,-10.34E-3,330.7E-9
162.0E-3,5.905E-3,2.437E-3,164.0E-3,-10.32E-3,354.1E-9
164.0E-3,5.905E-3,2.416E-3,166.0E-3,-10.30E-3,379.1E-9
166.0E-3,5.905E-3,2.395E-3,168.0E-3,-10.28E-3,405.8E-9
168.0E-3,5.905E-3,2.375E-3,170.0E-3,-10.26E-3,434.4E-9
170.0E-3,5.905E-3,2.354E-3,172.0E-3,-10.24E-3,465.0E-9
172.0E-3,5.905E-3,2.334E-3,174.0E-3,-10.22E-3,497.7E-9
174.0E-3,5.905E-3,2.313E-3,176.0E-3,-10.20E-3,532.6E-9
176.0E-3,5.905E-3,2.293E-3,178.0E-3,-10.18E-3,569.9E-9
178.0E-3,5.905E-3,2.272E-3,180.0E-3,-10.16E-3,609.8E-9
180.0E-3,5.905E-3,2.252E-3,182.0E-3,-10.14E-3,652.5E-9
182.0E-3,5.905E-3,2.232E-3,184.0E-3,-10.12E-3,698.1E-9
184.0E-3,5.905E-3,2.212E-3,186.0E-3,-10.10E-3,746.7E-9
186.0E-3,5.905E-3,2.191E-3,188.0E-3,-10.08E-3,798.7E-9
188.0E-3,5.905E-3,2.171E-3,190.0E-3,-10.05E-3,854.3E-9
190.0E-3,5.905E-3,2.151E-3,192.0E-3,-10.03E-3,913.6E-9
192.0E-3,5.905E-3,2.131E-3,194.0E-3,-10.01E-3,976.9E-9
194.0E-3,5.905E-3,2.111E-3,196.0E-3,-9.986E-3,1.045E-6
196.0E-3,5.905E-3,2.091E-3,198.0E-3,-9.963E-3,1.117E-6
198.0E-3,5.905E-3,2.071E-3,200.0E-3,-9.939E-3,1.194E-6
200.0E-3,5.905E-3,2.051E-3,202.0E-3,-9.916E-3,1.276E-6
202.0E-3,5.905E-3,2.031E-3,204.0E-3,-9.892E-3,1.364E-6
204.0E-3,5.905E-3,2.012E-3,206.0E-3,-9.868E-3,1.457E-6
206.0E-3,5.905E-3,1.992E-3,208.0E-3,-9.843E-3,1.557E-6
208.0E-3,5.905E-3,1.972E-3,210.0E-3,-9.818E-3,1.664E-6
210.0E-3,5.905E-3,1.953E-3,212.0E-3,-9.793E-3,1.778E-6
212.0E-3,5.905E-3,1.933E-3,214.0E-3,-9.768E-3,1.899E-6
214.0E-3,5.905E-3,1.914E-3,216.0E-3,-9.742E-3,2.028E-6
216.0E-3,5.905E-3,1.894E-3,218.0E-3,-9.716E-3,2.165E-6
218.0E-3,5.905E-3,1.875E-3,220.0E-3,-9.690E-3,2.312E-6
220.0E-3,5.905E-3,1.855E-3,222.0E-3,-9.663E-3,2.468E-6
222.0E-3,5.905E-3,1.836E-3,224.0E-3,-9.636E-3,2.635E-6
224.0E-3,5.905E-3,1.817E-3,226.0E-3,-9.609E-3,2.812E-6
226.0E-3,5.905E-3,1.797E-3,228.0E-3,-9.581E-3,3.001E-6
228.0E-3,5.905E-3,1.778E-3,230.0E-3,-9.553E-3,3.202E-6
230.0E-3,5.905E-3,1.759E-3,232.0E-3,-9.525E-3,3.416E-6
232.0E-3,5.905E-3,1.740E-3,234.0E-3,-9.496E-3,3.644E-6
234.0E-3,5.905E-3,1.721E-3,236.0E-3,-9.467E-3,3.887E-6
236.0E-3,5.905E-3,1.702E-3,238.0E-3,-9.438E-3,4.144E-6
238.0E-3,5.905E-3,1.683E-3,240.0E-3,-9.408E-3,4.419E-6
240.0E-3,5.905E-3,1.664E-3,242.0E-3,-9.378E-3,4.710E-6
242.0E-3,5.905E-3,1.646E-3,244.0E-3,-9.347E-3,5.020E-6
244.0E-3,5.905E-3,1.627E-3,246.0E-3,-9.316E-3,5.350E-6
246.0E-3,5.905E-3,1.608E-3,248.0E-3,-9.285E-3,5.700E-6
248.0E-3,5.905E-3,1.590E-3,250.0E-3,-9.253E-3,6.072E-6
250.0E-3,5.905E-3,1.571E-3,252.0E-3,-9.221E-3,6.467E-6
252.0E-3,5.905E-3,1.553E-3,254.0E-3,-9.189E-3,6.886E-6
254.0E-3,5.905E-3,1.534E-3,256.0E-3,-9.156E-3,7.331E-6
256.0E-3,5.905E-3,1.516E-3,258.0E-3,-9.123E-3,7.803E-6
258.0E-3,5.905E-3,1.498E-3,260.0E-3,-9.089E-3,8.304E-6
260.0E-3,5.905E-3,1.480E-3,262.0E-3,-9.055E-3,8.836E-6
262.0E-3,5.905E-3,1.462E-3,264.0E-3,-9.020E-3,9.399E-6
264.0E-3,5.905E-3,1.444E-3,266.0E-3,-8.985E-3,9.996E-6
266.0E-3,5.905E-3,1.426E-3,268.0E-3,-8.950E-3,10.63E-6
268.0E-3,5.905E-3,1.408E-3,270.0E-3,-8.914E-3,11.30E-6
270.0E-3,5.905E-3,1.390E-3,272.0E-3,-8.877E-3,12.01E-6
272.0E-3,5.905E-3,1.372E-3,274.0E-3,-8.840E-3,12.76E-6
274.0E-3,5.905E-3,1.354E-3,276.0E-3,-8.803E-3,13.56E-6
276.0E-3,5.905E-3,1.337E-3,278.0E-3,-8.765E-3,14.40E-6
278.0E-3,5.905E-3,1.319E-3,280.0E-3,-8.727E-3,15.29E-6
280.0E-3,5.905E-3,1.302E-3,282.0E-3,-8.688E-3,16.23E-6
282.0E-3,5.905E-3,1.284E-3,284.0E-3,-8.649E-3,17.22E-6
284.0E-3,5.905E-3,1.267E-3,286.0E-3,-8.609E-3,18.27E-6
286.0E-3,5.905E-3,1.250E-3,288.0E-3,-8.569E-3,19.38E-6
288.0E-3,5.905E-3,1.233E-3,290.0E-3,-8.528E-3,20.55E-6
290.0E-3,5.905E-3,1.216E-3,292.0E-3,-8.486E-3,21.78E-6
292.0E-3,5.905E-3,1.199E-3,294.0E-3,-8.444E-3,23.09E-6
294.0E-3,5.905E-3,1.182E-3,296.0E-3,-8.402E-3,24.46E-6
296.0E-3,5.905E-3,1.165E-3,298.0E-3,-8.359E-3,25.91E-6
298.0E-3,5.905E-3,1.148E-3,300.0E-3,-8.315E-3,27.43E-6
300.0E-3,5.905E-3,1.132E-3,302.0E-3,-8.271E-3,29.04E-6
302.0E-3,5.905E-3,1.115E-3,304.0E-3,-8.226E-3,30.73E-6
304.0E-3,5.905E-3,1.099E-3,306.0E-3,-8.181E-3,32.51E-6
306.0E-3,5.905E-3,1.082E-3,308.0E-3,-8.135E-3,34.38E-6
308.0E-3,5.905E-3,1.066E-3,310.0E-3,-8.088E-3,36.35E-6
310.0E-3,5.905E-3,1.050E-3,312.0E-3,-8.041E-3,38.42E-6
312.0E-3,5.905E-3,1.034E-3,314.0E-3,-7.994E-3,40.60E-6
314.0E-3,5.905E-3,1.018E-3,316.0E-3,-7.945E-3,42.88E-6
316.0E-3,5.905E-3,1.002E-3,318.0E-3,-7.896E-3,45.28E-6
318.0E-3,5.905E-3,986.2E-6,320.0E-3,-7.847E-3,47.79E-6
320.0E-3,5.905E-3,970.5E-6,322.0E-3,-7.797E-3,50.43E-6
322.0E-3,5.905E-3,954.9E-6,324.0E-3,-7.746E-3,53.19E-6
324.0E-3,5.905E-3,939.4E-6,326.0E-3,-7.694E-3,56.09E-6
326.0E-3,5.905E-3,924.1E-6,328.0E-3,-7.642E-3,59.12E-6
328.0E-3,5.905E-3,908.8E-6,330.0E-3,-7.590E-3,62.30E-6
330.0E-3,5.905E-3,893.6E-6,332.0E-3,-7.536E-3,65.62E-6
332.0E-3,5.905E-3,878.5E-6,334.0E-3,-7.482E-3,69.10E-6
334.0E-3,5.905E-3,863.6E-6,336.0E-3,-7.428E-3,72.74E-6
336.0E-3,5.905E-3,848.7E-6,338.0E-3,-7.372E-3,76.54E-6
338.0E-3,5.905E-3,834.0E-6,340.0E-3,-7.316E-3,80.51E-6
340.0E-3,5.905E-3,819.3E-6,342.0E-3,-7.260E-3,84.66E-6
342.0E-3,5.905E-3,804.8E-6,344.0E-3,-7.203E-3,88.98E-6
344.0E-3,5.905E-3,790.4E-6,346.0E-3,-7.145E-3,93.50E-6
346.0E-3,5.905E-3,776.1E-6,348.0E-3,-7.086E-3,98.21E-6
348.0E-3,5.905E-3,761.9E-6,350.0E-3,-7.027E-3,103.1E-6
350.0E-3,5.905E-3,747.9E-6,352.0E-3,-6.967E-3,108.2E-6
352.0E-3,5.905E-3,733.9E-6,354.0E-3,-6.906E-3,113.6E-6
354.0E-3,5.905E-3,720.1E-6,356.0E-3,-6.845E-3,119.1E-6
356.0E-3,5.905E-3,706.4E-6,358.0E-3,-6.783E-3,124.9E-6
358.0E-3,5.905E-3,692.9E-6,360.0E-3,-6.721E-3,130.9E-6
360.0E-3,5.905E-3,679.4E-6,362.0E-3,-6.657E-3,137.2E-6
362.0E-3,5.905E-3,666.1E-6,364.0E-3,-6.594E-3,143.7E-6
364.0E-3,5.905E-3,652.9E-6,366.0E-3,-6.529E-3,150.4E-6
366.0E-3,5.905E-3,639.9E-6,368.0E-3,-6.464E-3,157.4E-6
368.0E-3,5.905E-3,626.9E-6,370.0E-3,-6.398E-3,164.7E-6
370.0E-3,5.905E-3,614.2E-6,372.0E-3,-6.332E-3,172.3E-6
372.0E-3,5.905E-3,601.5E-6,374.0E-3,-6.265E-3,180.1E-6
374.0E-3,5.905E-3,589.0E-6,376.0E-3,-6.197E-3,188.3E-6
376.0E-3,5.905E-3,576.6E-6,378.0E-3,-6.129E-3,196.8E-6
378.0E-3,5.905E-3,564.3E-6,380.0E-3,-6.061E-3,205.5E-6
380.0E-3,5.905E-3,552.2E-6,382.0E-3,-5.991E-3,214.6E-6
382.0E-3,5.905E-3,540.2E-6,384.0E-3,-5.921E-3,224.0E-6
384.0E-3,5.905E-3,528.4E-6,386.0E-3,-5.851E-3,233.8E-6
386.0E-3,5.905E-3,516.7E-6,388.0E-3,-5.780E-3,243.9E-6
388.0E-3,5.905E-3,505.1E-6,390.0E-3,-5.709E-3,254.4E-6
390.0E-3,5.905E-3,493.7E-6,392.0E-3,-5.637E-3,265.2E-6
392.0E-3,5.905E-3,482.4E-6,394.0E-3,-5.565E-3,276.4E-6
394.0E-3,5.905E-3,471.3E-6,396.0E-3,-5.492E-3,288.0E-6
396.0E-3,5.905E-3,460.3E-6,398.0E-3,-5.419E-3,300.0E-6
398.0E-3,5.905E-3,449.5E-6,400.0E-3,-5.345E-3,312.4E-6
400.0E-3,5.905E-3,438.8E-6,402.0E-3,-5.271E-3,325.3E-6
402.0E-3,5.905E-3,428.2E-6,404.0E-3,-5.196E-3,338.5E-6
404.0E-3,5.905E-3,417.8E-6,406.0E-3,-5.122E-3,352.2E-6
406.0E-3,5.905E-3,407.6E-6,408.0E-3,-5.047E-3,366.4E-6
408.0E-3,5.905E-3,397.5E-6,410.0E-3,-4.971E-3,381.1E-6
410.0E-3,5.905E-3,387.5E-6,412.0E-3,-4.896E-3,396.2E-6
412.0E-3,5.905E-3,377.8E-6,414.0E-3,-4.820E-3,411.8E-6
414.0E-3,5.905E-3,368.1E-6,416.0E-3,-4.744E-3,428.0E-6
416.0E-3,5.905E-3,358.6E-6,418.0E-3,-4.667E-3,444.6E-6
418.0E-3,5.905E-3,349.3E-6,420.0E-3,-4.591E-3,461.8E-6
420.0E-3,5.905E-3,340.1E-6,422.0E-3,-4.514E-3,479.6E-6
422.0E-3,5.905E-3,331.1E-6,424.0E-3,-4.438E-3,497.9E-6
424.0E-3,5.905E-3,322.2E-6,426.0E-3,-4.361E-3,516.8E-6
426.0E-3,5.905E-3,313.5E-6,428.0E-3,-4.284E-3,536.3E-6
428.0E-3,5.905E-3,304.9E-6,430.0E-3,-4.208E-3,556.5E-6
430.0E-3,5.905E-3,296.5E-6,432.0E-3,-4.131E-3,577.2E-6
432.0E-3,5.905E-3,288.2E-6,434.0E-3,-4.055E-3,598.6E-6
434.0E-3,5.905E-3,280.1E-6,436.0E-3,-3.978E-3,620.7E-6
436.0E-3,5.905E-3,272.2E-6,438.0E-3,-3.902E-3,643.5E-6
438.0E-3,5.905E-3,264.4E-6,440.0E-3,-3.826E-3,666.9E-6
440.0E-3,5.905E-3,256.7E-6,442.0E-3,-3.750E-3,691.1E-6
442.0E-3,5.905E-3,249.2E-6,444.0E-3,-3.674E-3,716.0E-6
444.0E-3,5.905E-3,241.9E-6,446.0E-3,-3.599E-3,741.7E-6
446.0E-3,5.905E-3,234.7E-6,448.0E-3,-3.524E-3,768.1E-6
448.0E-3,5.905E-3,227.6E-6,450.0E-3,-3.449E-3,795.3E-6
450.0E-3,5.905E-3,220.7E-6,452.0E-3,-3.375E-3,823.4E-6
452.0E-3,5.905E-3,214.0E-6,454.0E-3,-3.301E-3,852.3E-6
454.0E-3,5.905E-3,207.4E-6,456.0E-3,-3.228E-3,882.0E-6
456.0E-3,5.905E-3,200.9E-6,458.0E-3,-3.155E-3,912.6E-6
458.0E-3,5.905E-3,194.6E-6,460.0E-3,-3.083E-3,944.0E-6
460.0E-3,5.905E-3,188.4E-6,462.0E-3,-3.011E-3,976.4E-6
462.0E-3,5.905E-3,182.4E-6,464.0E-3,-2.940E-3,1.010E-3
464.0E-3,5.905E-3,176.5E-6,466.0E-3,-2.869E-3,1.044E-3
466.0E-3,5.905E-3,170.8E-6,468.0E-3,-2.800E-3,1.079E-3
468.0E-3,5.905E-3,165.2E-6,470.0E-3,-2.731E-3,1.115E-3
470.0E-3,5.905E-3,159.7E-6,472.0E-3,-2.662E-3,1.153E-3
472.0E-3,5.905E-3,154.4E-6,474.0E-3,-2.595E-3,1.191E-3
474.0E-3,5.905E-3,149.2E-6,476.0E-3,-2.528E-3,1.230E-3
476.0E-3,5.905E-3,144.2E-6,478.0E-3,-2.462E-3,1.271E-3
478.0E-3,5.905E-3,139.2E-6,480.0E-3,-2.397E-3,1.312E-3
480.0E-3,5.905E-3,134.5E-6,482.0E-3,-2.333E-3,1.355E-3
482.0E-3,5.905E-3,129.8E-6,484.0E-3,-2.269E-3,1.398E-3
484.0E-3,5.905E-3,125.2E-6,486.0E-3,-2.207E-3,1.443E-3
486.0E-3,5.905E-3,120.8E-6,488.0E-3,-2.146E-3,1.489E-3
488.0E-3,5.905E-3,116.5E-6,490.0E-3,-2.085E-3,1.536E-3
490.0E-3,5.905E-3,112.4E-6,492.0E-3,-2.026E-3,1.584E-3
492.0E-3,5.905E-3,108.3E-6,494.0E-3,-1.967E-3,1.634E-3
494.0E-3,5.905E-3,104.4E-6,496.0E-3,-1.910E-3,1.684E-3
496.0E-3,5.905E-3,100.6E-6,498.0E-3,-1.853E-3,1.736E-3
498.0E-3,5.905E-3,96.86E-6,500.0E-3,-1.798E-3,1.789E-3
500.0E-3,5.905E-3,93.27E-6,502.0E-3,-1.743E-3,1.844E-3
502.0E-3,5.905E-3,89.78E-6,504.0E-3,-1.690E-3,1.900E-3
504.0E-3,5.905E-3,86.40E-6,506.0E-3,-1.638E-3,1.956E-3
506.0E-3,5.905E-3,83.13E-6,508.0E-3,-1.586E-3,2.015E-3
508.0E-3,5.905E-3,79.95E-6,510.0E-3,-1.536E-3,2.074E-3
510.0E-3,5.905E-3,76.88E-6,512.0E-3,-1.487E-3,2.135E-3
512.0E-3,5.905E-3,73.91E-6,514.0E-3,-1.439E-3,2.197E-3
514.0E-3,5.905E-3,71.03E-6,516.0E-3,-1.392E-3,2.261E-3
516.0E-3,5.905E-3,68.24E-6,518.0E-3,-1.346E-3,2.325E-3
518.0E-3,5.905E-3,65.55E-6,520.0E-3,-1.302E-3,2.391E-3
520.0E-3,5.905E-3,62.95E-6,522.0E-3,-1.258E-3,2.459E-3
522.0E-3,5.905E-3,60.43E-6,524.0E-3,-1.215E-3,2.527E-3
524.0E-3,5.905E-3,58.00E-6,526.0E-3,-1.174E-3,2.597E-3
526.0E-3,5.905E-3,55.65E-6,528.0E-3,-1.133E-3,2.669E-3
528.0E-3,5.905E-3,53.39E-6,530.0E-3,-1.094E-3,2.741E-3
530.0E-3,5.905E-3,51.20E-6,532.0E-3,-1.055E-3,2.815E-3
532.0E-3,5.905E-3,49.09E-6,534.0E-3,-1.018E-3,2.890E-3
534.0E-3,5.905E-3,47.05E-6,536.0E-3,-981.6E-6,2.967E-3
536.0E-3,5.905E-3,45.09E-6,538.0E-3,-946.2E-6,3.045E-3
538.0E-3,5.905E-3,43.20E-6,540.0E-3,-911.8E-6,3.124E-3
540.0E-3,5.905E-3,41.37E-6,542.0E-3,-878.4E-6,3.204E-3
542.0E-3,5.905E-3,39.62E-6,544.0E-3,-846.0E-6,3.285E-3
544.0E-3,5.905E-3,37.93E-6,546.0E-3,-814.5E-6,3.368E-3
546.0E-3,5.905E-3,36.30E-6,548.0E-3,-784.0E-6,3.452E-3
548.0E-3,5.905E-3,34.73E-6,550.0E-3,-754.4E-6,3.537E-3
550.0E-3,5.905E-3,33.22E-6,552.0E-3,-725.6E-6,3.624E-3
552.0E-3,5.905E-3,31.77E-6,554.0E-3,-697.8E-6,3.711E-3
554.0E-3,5.905E-3,30.37E-6,556.0E-3,-670.9E-6,3.800E-3
556.0E-3,5.905E-3,29.03E-6,558.0E-3,-644.8E-6,3.890E-3
558.0E-3,5.905E-3,27.74E-6,560.0E-3,-619.5E-6,3.980E-3
560.0E-3,5.905E-3,26.50E-6,562.0E-3,-595.0E-6,4.072E-3
562.0E-3,5.905E-3,25.31E-6,564.0E-3,-571.4E-6,4.165E-3
564.0E-3,5.905E-3,24.17E-6,566.0E-3,-548.5E-6,4.259E-3
566.0E-3,5.905E-3,23.07E-6,568.0E-3,-526.4E-6,4.354E-3
568.0E-3,5.905E-3,22.02E-6,570.0E-3,-505.0E-6,4.450E-3
570.0E-3,5.905E-3,21.01E-6,572.0E-3,-484.4E-6,4.547E-3
572.0E-3,5.905E-3,20.04E-6,574.0E-3,-464.5E-6,4.644E-3
574.0E-3,5.905E-3,19.11E-6,576.0E-3,-445.3E-6,4.743E-3
576.0E-3,5.905E-3,18.22E-6,578.0E-3,-426.7E-6,4.842E-3
578.0E-3,5.905E-3,17.37E-6,580.0E-3,-408.8E-6,4.942E-3
580.0E-3,5.905E-3,16.55E-6,582.0E-3,-391.6E-6,5.043E-3
582.0E-3,5.905E-3,15.77E-6,584.0E-3,-375.0E-6,5.145E-3
584.0E-3,5.905E-3,15.02E-6,586.0E-3,-358.9E-6,5.247E-3
586.0E-3,5.905E-3,14.30E-6,588.0E-3,-343.5E-6,5.350E-3
588.0E-3,5.905E-3,13.61E-6,590.0E-3,-328.6E-6,5.454E-3
590.0E-3,5.905E-3,12.96E-6,592.0E-3,-314.3E-6,5.558E-3
592.0E-3,5.905E-3,12.33E-6,594.0E-3,-300.5E-6,5.662E-3
594.0E-3,5.905E-3,11.73E-6,596.0E-3,-287.3E-6,5.767E-3
596.0E-3,5.905E-3,11.15E-6,598.0E-3,-274.6E-6,5.873E-3
598.0E-3,5.905E-3,10.60E-6,600.0E-3,-262.3E-6,5.979E-3
600.0E-3,5.905E-3,10.08E-6,602.0E-3,-250.5E-6,6.085E-3
602.0E-3,5.905E-3,9.577E-6,604.0E-3,-239.2E-6,6.192E-3
604.0E-3,5.905E-3,9.098E-6,606.0E-3,-228.3E-6,6.299E-3
606.0E-3,5.905E-3,8.641E-6,608.0E-3,-217.9E-6,6.407E-3
608.0E-3,5.905E-3,8.206E-6,610.0E-3,-207.9E-6,6.514E-3
610.0E-3,5.905E-3,7.790E-6,612.0E-3,-198.3E-6,6.622E-3
612.0E-3,5.905E-3,7.393E-6,614.0E-3,-189.0E-6,6.730E-3
614.0E-3,5.905E-3,7.015E-6,616.0E-3,-180.2E-6,6.838E-3
616.0E-3,5.905E-3,6.655E-6,618.0E-3,-171.7E-6,6.946E-3
618.0E-3,5.905E-3,6.311E-6,620.0E-3,-163.6E-6,7.054E-3
620.0E-3,5.905E-3,5.984E-6,622.0E-3,-155.8E-6,7.163E-3
622.0E-3,5.905E-3,5.673E-6,624.0E-3,-148.3E-6,7.271E-3
624.0E-3,5.905E-3,5.376E-6,626.0E-3,-141.2E-6,7.379E-3
626.0E-3,5.905E-3,5.094E-6,628.0E-3,-134.4E-6,7.487E-3
628.0E-3,5.905E-3,4.825E-6,630.0E-3,-127.8E-6,7.595E-3
630.0E-3,5.905E-3,4.569E-6,632.0E-3,-121.6E-6,7.703E-3
632.0E-3,5.905E-3,4.326E-6,634.0E-3,-115.6E-6,7.811E-3
634.0E-3,5.905E-3,4.095E-6,636.0E-3,-109.8E-6,7.918E-3
636.0E-3,5.905E-3,3.875E-6,638.0E-3,-104.4E-6,8.025E-3
638.0E-3,5.905E-3,3.667E-6,640.0E-3,-99.16E-6,8.132E-3
640.0E-3,5.905E-3,3.468E-6,642.0E-3,-94.17E-6,8.239E-3
642.0E-3,5.905E-3,3.280E-6,644.0E-3,-89.41E-6,8.345E-3
644.0E-3,5.905E-3,3.101E-6,646.0E-3,-84.87E-6,8.451E-3
646.0E-3,5.905E-3,2.931E-6,648.0E-3,-80.53E-6,8.557E-3
648.0E-3,5.905E-3,2.770E-6,650.0E-3,-76.39E-6,8.662E-3
650.0E-3,5.905E-3,2.618E-6,652.0E-3,-72.45E-6,8.767E-3
652.0E-3,5.905E-3,2.473E-6,654.0E-3,-68.69E-6,8.871E-3
654.0E-3,5.905E-3,2.335E-6,656.0E-3,-65.11E-6,8.975E-3
656.0E-3,5.905E-3,2.205E-6,658.0E-3,-61.70E-6,9.078E-3
658.0E-3,5.905E-3,2.082E-6,660.0E-3,-58.46E-6,9.181E-3
660.0E-3,5.905E-3,1.965E-6,662.0E-3,-55.37E-6,9.283E-3
662.0E-3,5.905E-3,1.854E-6,664.0E-3,-52.43E-6,9.385E-3
664.0E-3,5.905E-3,1.749E-6,666.0E-3,-49.63E-6,9.486E-3
666.0E-3,5.905E-3,1.650E-6,668.0E-3,-46.97E-6,9.587E-3
668.0E-3,5.905E-3,1.556E-6,670.0E-3,-44.44E-6,9.687E-3
670.0E-3,5.905E-3,1.467E-6,672.0E-3,-42.04E-6,9.786E-3
672.0E-3,5.905E-3,1.383E-6,674.0E-3,-39.75E-6,9.885E-3
674.0E-3,5.905E-3,1.304E-6,676.0E-3,-37.58E-6,9.983E-3
676.0E-3,5.905E-3,1.228E-6,678.0E-3,-35.53E-6,10.08E-3
678.0E-3,5.905E-3,1.157E-6,680.0E-3,-33.57E-6,10.18E-3
680.0E-3,5.905E-3,1.090E-6,682.0E-3,-31.72E-6,10.27E-3
682.0E-3,5.905E-3,1.027E-6,684.0E-3,-29.96E-6,10.37E-3
684.0E-3,5.905E-3,966.8E-9,686.0E-3,-28.29E-6,10.46E-3
686.0E-3,5.905E-3,910.2E-9,688.0E-3,-26.71E-6,10.56E-3
688.0E-3,5.905E-3,856.8E-9,690.0E-3,-25.21E-6,10.65E-3
690.0E-3,5.905E-3,806.4E-9,692.0E-3,-23.79E-6,10.74E-3
692.0E-3,5.905E-3,758.8E-9,694.0E-3,-22.45E-6,10.83E-3
694.0E-3,5.905E-3,713.9E-9,696.0E-3,-21.17E-6,10.93E-3
696.0E-3,5.905E-3,671.5E-9,698.0E-3,-19.97E-6,11.02E-3
698.0E-3,5.905E-3,631.6E-9,700.0E-3,-18.83E-6,11.10E-3
700.0E-3,5.905E-3,593.9E-9,702.0E-3,-17.75E-6,11.19E-3
702.0E-3,5.905E-3,558.4E-9,704.0E-3,-16.73E-6,11.28E-3
704.0E-3,5.905E-3,525.0E-9,706.0E-3,-15.76E-6,11.37E-3
706.0E-3,5.905E-3,493.5E-9,708.0E-3,-14.85E-6,11.45E-3
708.0E-3,5.905E-3,463.7E-9,710.0E-3,-13.99E-6,11.54E-3
710.0E-3,5.905E-3,435.8E-9,712.0E-3,-13.18E-6,11.62E-3
712.0E-3,5.905E-3,409.4E-9,714.0E-3,-12.41E-6,11.71E-3
714.0E-3,5.905E-3,384.6E-9,716.0E-3,-11.68E-6,11.79E-3
716.0E-3,5.905E-3,361.2E-9,718.0E-3,-10.99E-6,11.87E-3
718.0E-3,5.905E-3,339.3E-9,720.0E-3,-10.34E-6,11.95E-3
720.0E-3,5.905E-3,318.6E-9,722.0E-3,-9.734E-6,12.04E-3
722.0E-3,5.905E-3,299.1E-9,724.0E-3,-9.157E-6,12.12E-3
724.0E-3,5.905E-3,280.8E-9,726.0E-3,-8.613E-6,12.19E-3
726.0E-3,5.905E-3,263.6E-9,728.0E-3,-8.100E-6,12.27E-3
728.0E-3,5.905E-3,247.4E-9,730.0E-3,-7.616E-6,12.35E-3
730.0E-3,5.905E-3,232.1E-9,732.0E-3,-7.160E-6,12.43E-3
732.0E-3,5.905E-3,217.8E-9,734.0E-3,-6.731E-6,12.50E-3
734.0E-3,5.905E-3,204.4E-9,736.0E-3,-6.326E-6,12.58E-3
736.0E-3,5.905E-3,191.7E-9,738.0E-3,-5.944E-6,12.65E-3
738.0E-3,5.905E-3,179.8E-9,740.0E-3,-5.585E-6,12.73E-3
740.0E-3,5.905E-3,168.6E-9,742.0E-3,-5.247E-6,12.80E-3
742.0E-3,5.905E-3,158.1E-9,744.0E-3,-4.928E-6,12.87E-3
744.0E-3,5.905E-3,148.3E-9,746.0E-3,-4.629E-6,12.94E-3
746.0E-3,5.905E-3,139.0E-9,748.0E-3,-4.346E-6,13.01E-3
748.0E-3,5.905E-3,130.3E-9,750.0E-3,-4.081E-6,13.08E-3
750.0E-3,5.905E-3,122.2E-9,752.0E-3,-3.831E-6,13.15E-3
752.0E-3,5.905E-3,114.5E-9,754.0E-3,-3.596E-6,13.22E-3
754.0E-3,5.905E-3,107.3E-9,756.0E-3,-3.375E-6,13.29E-3
756.0E-3,5.905E-3,100.6E-9,758.0E-3,-3.167E-6,13.35E-3
758.0E-3,5.905E-3,94.24E-9,760.0E-3,-2.972E-6,13.42E-3
760.0E-3,5.905E-3,88.30E-9,762.0E-3,-2.788E-6,13.48E-3
762.0E-3,5.905E-3,82.72E-9,764.0E-3,-2.616E-6,13.55E-3
764.0E-3,5.905E-3,77.49E-9,766.0E-3,-2.454E-6,13.61E-3
766.0E-3,5.905E-3,72.58E-9,768.0E-3,-2.301E-6,13.67E-3
768.0E-3,5.905E-3,67.98E-9,770.0E-3,-2.158E-6,13.73E-3
770.0E-3,5.905E-3,63.66E-9,772.0E-3,-2.023E-6,13.80E-3
772.0E-3,5.905E-3,59.62E-9,774.0E-3,-1.897E-6,13.86E-3
774.0E-3,5.905E-3,55.82E-9,776.0E-3,-1.779E-6,13.92E-3
776.0E-3,5.905E-3,52.26E-9,778.0E-3,-1.667E-6,13.98E-3
778.0E-3,5.905E-3,48.93E-9,780.0E-3,-1.563E-6,14.03E-3
780.0E-3,5.905E-3,45.80E-9,782.0E-3,-1.465E-6,14.09E-3
782.0E-3,5.905E-3,42.88E-9,784.0E-3,-1.372E-6,14.15E-3
784.0E-3,5.905E-3,40.13E-9,786.0E-3,-1.286E-6,14.21E-3
786.0E-3,5.905E-3,37.56E-9,788.0E-3,-1.205E-6,14.26E-3
788.0E-3,5.905E-3,35.15E-9,790.0E-3,-1.129E-6,14.32E-3
790.0E-3,5.905E-3,32.89E-9,792.0E-3,-1.057E-6,14.37E-3
792.0E-3,5.905E-3,30.78E-9,794.0E-3,-990.5E-9,14.42E-3
794.0E-3,5.905E-3,28.79E-9,796.0E-3,-927.7E-9,14.48E-3
796.0E-3,5.905E-3,26.94E-9,798.0E-3,-868.8E-9,14.53E-3
798.0E-3,5.905E-3,25.20E-9,800.0E-3,-813.6E-9,14.58E-3
800.0E-3,5.905E-3,23.57E-9,802.0E-3,-761.9E-9,14.63E-3
802.0E-3,5.905E-3,22.05E-9,804.0E-3,-713.3E-9,14.68E-3
804.0E-3,5.905E-3,20.62E-9,806.0E-3,-667.8E-9,14.73E-3
806.0E-3,5.905E-3,19.29E-9,808.0E-3,-625.2E-9,14.78E-3
808.0E-3,5.905E-3,18.04E-9,810.0E-3,-585.2E-9,14.83E-3
810.0E-3,5.905E-3,16.87E-9,812.0E-3,-547.8E-9,14.88E-3
812.0E-3,5.905E-3,15.77E-9,814.0E-3,-512.7E-9,14.92E-3
814.0E-3,5.905E-3,14.75E-9,816.0E-3,-479.8E-9,14.97E-3
816.0E-3,5.905E-3,13.79E-9,818.0E-3,-449.0E-9,15.02E-3
818.0E-3,5.905E-3,12.89E-9,820.0E-3,-420.2E-9,15.06E-3
820.0E-3,5.905E-3,12.05E-9,822.0E-3,-393.1E-9,15.11E-3
822.0E-3,5.905E-3,11.26E-9,824.0E-3,-367.8E-9,15.15E-3
824.0E-3,5.905E-3,10.53E-9,826.0E-3,-344.1E-9,15.20E-3
826.0E-3,5.905E-3,9.838E-9,828.0E-3,-321.9E-9,15.24E-3
828.0E-3,5.905E-3,9.195E-9,830.0E-3,-301.1E-9,15.28E-3
830.0E-3,5.905E-3,8.592E-9,832.0E-3,-281.7E-9,15.32E-3
832.0E-3,5.905E-3,8.029E-9,834.0E-3,-263.4E-9,15.37E-3
834.0E-3,5.905E-3,7.502E-9,836.0E-3,-246.4E-9,15.41E-3
836.0E-3,5.905E-3,7.009E-9,838.0E-3,-230.4E-9,15.45E-3
838.0E-3,5.905E-3,6.548E-9,840.0E-3,-215.5E-9,15.49E-3
840.0E-3,5.905E-3,6.118E-9,842.0E-3,-201.5E-9,15.53E-3
842.0E-3,5.905E-3,5.715E-9,844.0E-3,-188.4E-9,15.57E-3
844.0E-3,5.905E-3,5.338E-9,846.0E-3,-176.1E-9,15.60E-3
846.0E-3,5.905E-3,4.986E-9,848.0E-3,-164.7E-9,15.64E-3
848.0E-3,5.905E-3,4.656E-9,850.0E-3,-153.9E-9,15.68E-3
850.0E-3,5.905E-3,4.348E-9,852.0E-3,-143.9E-9,15.72E-3
852.0E-3,5.905E-3,4.060E-9,854.0E-3,-134.5E-9,15.75E-3
854.0E-3,5.905E-3,3.791E-9,856.0E-3,-125.7E-9,15.79E-3
856.0E-3,5.905E-3,3.540E-9,858.0E-3,-117.5E-9,15.82E-3
858.0E-3,5.905E-3,3.305E-9,860.0E-3,-109.8E-9,15.86E-3
860.0E-3,5.905E-3,3.085E-9,862.0E-3,-102.6E-9,15.89E-3
862.0E-3,5.905E-3,2.880E-9,864.0E-3,-95.92E-9,15.93E-3
864.0E-3,5.905E-3,2.688E-9,866.0E-3,-89.64E-9,15.96E-3
866.0E-3,5.905E-3,2.509E-9,868.0E-3,-83.76E-9,15.99E-3
868.0E-3,5.905E-3,2.341E-9,870.0E-3,-78.26E-9,16.02E-3
870.0E-3,5.905E-3,2.185E-9,872.0E-3,-73.12E-9,16.06E-3
872.0E-3,5.905E-3,2.039E-9,874.0E-3,-68.31E-9,16.09E-3
874.0E-3,5.905E-3,1.902E-9,876.0E-3,-63.82E-9,16.12E-3
876.0E-3,5.905E-3,1.774E-9,878.0E-3,-59.62E-9,16.15E-3
878.0E-3,5.905E-3,1.655E-9,880.0E-3,-55.69E-9,16.18E-3
880.0E-3,5.905E-3,1.544E-9,882.0E-3,-52.02E-9,16.21E-3
882.0E-3,5.905E-3,1.440E-9,884.0E-3,-48.59E-9,16.24E-3
884.0E-3,5.905E-3,1.342E-9,886.0E-3,-45.38E-9,16.27E-3
886.0E-3,5.905E-3,1.252E-9,888.0E-3,-42.39E-9,16.30E-3
888.0E-3,5.905E-3,1.167E-9,890.0E-3,-39.59E-9,16.32E-3
890.0E-3,5.905E-3,1.088E-9,892.0E-3,-36.97E-9,16.35E-3
892.0E-3,5.905E-3,1.014E-9,894.0E-3,-34.53E-9,16.38E-3
894.0E-3,5.905E-3,944.8E-12,896.0E-3,-32.24E-9,16.41E-3
896.0E-3,5.905E-3,880.3E-12,898.0E-3,-30.11E-9,16.43E-3
898.0E-3,5.905E-3,820.1E-12,900.0E-3,-28.11E-9,16.46E-3
900.0E-3,5.905E-3,763.8E-12,902.0E-3,-26.25E-9,16.48E-3
902.0E-3,5.905E-3,711.3E-12,904.0E-3,-24.51E-9,16.51E-3
904.0E-3,5.905E-3,662.3E-12,906.0E-3,-22.88E-9,16.53E-3
906.0E-3,5.905E-3,616.6E-12,908.0E-3,-21.37E-9,16.56E-3
908.0E-3,5.905E-3,573.8E-12,910.0E-3,-19.95E-9,16.58E-3
910.0E-3,5.905E-3,533.9E-12,912.0E-3,-18.62E-9,16.61E-3
912.0E-3,5.905E-3,496.7E-12,914.0E-3,-17.39E-9,16.63E-3
914.0E-3,5.905E-3,461.9E-12,916.0E-3,-16.23E-9,16.65E-3
916.0E-3,5.905E-3,429.4E-12,918.0E-3,-15.15E-9,16.68E-3
918.0E-3,5.905E-3,399.1E-12,920.0E-3,-14.15E-9,16.70E-3
920.0E-3,5.905E-3,370.8E-12,922.0E-3,-13.21E-9,16.72E-3
922.0E-3,5.905E-3,344.4E-12,924.0E-3,-12.33E-9,16.74E-3
924.0E-3,5.905E-3,319.8E-12,926.0E-3,-11.51E-9,16.76E-3
926.0E-3,5.905E-3,296.7E-12,928.0E-3,-10.75E-9,16.78E-3
928.0E-3,5.905E-3,275.3E-12,930.0E-3,-10.03E-9,16.80E-3
930.0E-3,5.905E-3,255.2E-12,932.0E-3,-9.364E-9,16.82E-3
932.0E-3,5.905E-3,236.5E-12,934.0E-3,-8.741E-9,16.84E-3
934.0E-3,5.905E-3,219.0E-12,936.0E-3,-8.159E-9,16.86E-3
936.0E-3,5.905E-3,202.7E-12,938.0E-3,-7.616E-9,16.88E-3
938.0E-3,5.905E-3,187.4E-12,940.0E-3,-7.110E-9,16.90E-3
940.0E-3,5.905E-3,173.2E-12,942.0E-3,-6.638E-9,16.92E-3
942.0E-3,5.905E-3,159.9E-12,944.0E-3,-6.198E-9,16.94E-3
944.0E-3,5.905E-3,147.5E-12,946.0E-3,-5.786E-9,16.96E-3
946.0E-3,5.905E-3,136.0E-12,948.0E-3,-5.403E-9,16.97E-3
948.0E-3,5.905E-3,125.2E-12,950.0E-3,-5.045E-9,16.99E-3
950.0E-3,5.905E-3,115.1E-12,952.0E-3,-4.711E-9,17.01E-3
952.0E-3,5.905E-3,105.6E-12,954.0E-3,-4.399E-9,17.03E-3
954.0E-3,5.905E-3,96.85E-12,956.0E-3,-4.107E-9,17.04E-3
956.0E-3,5.905E-3,88.63E-12,958.0E-3,-3.835E-9,17.06E-3
958.0E-3,5.905E-3,80.96E-12,960.0E-3,-3.581E-9,17.07E-3
960.0E-3,5.905E-3,73.80E-12,962.0E-3,-3.343E-9,17.09E-3
962.0E-3,5.905E-3,67.12E-12,964.0E-3,-3.120E-9,17.10E-3
964.0E-3,5.905E-3,60.88E-12,966.0E-3,-2.912E-9,17.12E-3
966.0E-3,5.905E-3,55.05E-12,968.0E-3,-2.717E-9,17.13E-3
968.0E-3,5.905E-3,49.62E-12,970.0E-3,-2.535E-9,17.15E-3
970.0E-3,5.905E-3,44.55E-12,972.0E-3,-2.363E-9,17.16E-3
972.0E-3,5.905E-3,39.82E-12,974.0E-3,-2.203E-9,17.18E-3
974.0E-3,5.905E-3,35.42E-12,976.0E-3,-2.052E-9,17.19E-3
976.0E-3,5.905E-3,31.31E-12,978.0E-3,-1.910E-9,17.20E-3
978.0E-3,5.905E-3,27.49E-12,980.0E-3,-1.777E-9,17.22E-3
980.0E-3,5.905E-3,23.94E-12,982.0E-3,-1.652E-9,17.23E-3
982.0E-3,5.905E-3,20.63E-12,984.0E-3,-1.534E-9,17.24E-3
984.0E-3,5.905E-3,17.56E-12,986.0E-3,-1.424E-9,17.25E-3
986.0E-3,5.905E-3,14.72E-12,988.0E-3,-1.319E-9,17.27E-3
988.0E-3,5.905E-3,12.08E-12,990.0E-3,-1.221E-9,17.28E-3
990.0E-3,5.905E-3,9.636E-12,992.0E-3,-1.128E-9,17.29E-3
992.0E-3,5.905E-3,7.380E-12,994.0E-3,-1.041E-9,17.30E-3
994.0E-3,5.905E-3,5.298E-12,996.0E-3,-958.8E-12,17.31E-3
996.0E-3,5.905E-3,3.380E-12,998.0E-3,-881.4E-12,17.32E-3
998.0E-3,5.905E-3,1.617E-12,1.000,-808.6E-12,17.33E-3
1.000,5.905E-3,-858.3E-30, , , 
