dc (V),deriv(i("/NM0/D" ?result "dc")),dc (V),NM0:d (A)
2.000E-3,3.739E-9,0.000,116.4E-12
4.000E-3,3.993E-9,2.000E-3,123.9E-12
6.000E-3,4.264E-9,4.000E-3,131.9E-12
8.000E-3,4.553E-9,6.000E-3,140.4E-12
10.00E-3,4.862E-9,8.000E-3,149.5E-12
12.00E-3,5.191E-9,10.00E-3,159.2E-12
14.00E-3,5.542E-9,12.00E-3,169.6E-12
16.00E-3,5.917E-9,14.00E-3,180.7E-12
18.00E-3,6.317E-9,16.00E-3,192.5E-12
20.00E-3,6.743E-9,18.00E-3,205.2E-12
22.00E-3,7.199E-9,20.00E-3,218.7E-12
24.00E-3,7.684E-9,22.00E-3,233.1E-12
26.00E-3,8.203E-9,24.00E-3,248.4E-12
28.00E-3,8.756E-9,26.00E-3,264.8E-12
30.00E-3,9.346E-9,28.00E-3,282.3E-12
32.00E-3,9.976E-9,30.00E-3,301.0E-12
34.00E-3,10.65E-9,32.00E-3,321.0E-12
36.00E-3,11.37E-9,34.00E-3,342.3E-12
38.00E-3,12.13E-9,36.00E-3,365.0E-12
40.00E-3,12.95E-9,38.00E-3,389.3E-12
42.00E-3,13.82E-9,40.00E-3,415.2E-12
44.00E-3,14.75E-9,42.00E-3,442.8E-12
46.00E-3,15.74E-9,44.00E-3,472.3E-12
48.00E-3,16.80E-9,46.00E-3,503.8E-12
50.00E-3,17.93E-9,48.00E-3,537.4E-12
52.00E-3,19.13E-9,50.00E-3,573.2E-12
54.00E-3,20.42E-9,52.00E-3,611.5E-12
56.00E-3,21.79E-9,54.00E-3,652.3E-12
58.00E-3,23.25E-9,56.00E-3,695.9E-12
60.00E-3,24.82E-9,58.00E-3,742.4E-12
62.00E-3,26.48E-9,60.00E-3,792.1E-12
64.00E-3,28.26E-9,62.00E-3,845.0E-12
66.00E-3,30.16E-9,64.00E-3,901.5E-12
68.00E-3,32.18E-9,66.00E-3,961.8E-12
70.00E-3,34.34E-9,68.00E-3,1.026E-9
72.00E-3,36.64E-9,70.00E-3,1.095E-9
74.00E-3,39.10E-9,72.00E-3,1.168E-9
76.00E-3,41.72E-9,74.00E-3,1.246E-9
78.00E-3,44.51E-9,76.00E-3,1.330E-9
80.00E-3,47.50E-9,78.00E-3,1.419E-9
82.00E-3,50.68E-9,80.00E-3,1.514E-9
84.00E-3,54.07E-9,82.00E-3,1.615E-9
86.00E-3,57.68E-9,84.00E-3,1.723E-9
88.00E-3,61.53E-9,86.00E-3,1.839E-9
90.00E-3,65.64E-9,88.00E-3,1.962E-9
92.00E-3,70.02E-9,90.00E-3,2.093E-9
94.00E-3,74.69E-9,92.00E-3,2.233E-9
96.00E-3,79.67E-9,94.00E-3,2.382E-9
98.00E-3,84.98E-9,96.00E-3,2.542E-9
100.0E-3,90.65E-9,98.00E-3,2.712E-9
102.0E-3,96.68E-9,100.0E-3,2.893E-9
104.0E-3,103.1E-9,102.0E-3,3.086E-9
106.0E-3,110.0E-9,104.0E-3,3.293E-9
108.0E-3,117.3E-9,106.0E-3,3.513E-9
110.0E-3,125.1E-9,108.0E-3,3.747E-9
112.0E-3,133.4E-9,110.0E-3,3.997E-9
114.0E-3,142.3E-9,112.0E-3,4.264E-9
116.0E-3,151.7E-9,114.0E-3,4.549E-9
118.0E-3,161.8E-9,116.0E-3,4.852E-9
120.0E-3,172.5E-9,118.0E-3,5.176E-9
122.0E-3,184.0E-9,120.0E-3,5.521E-9
124.0E-3,196.1E-9,122.0E-3,5.889E-9
126.0E-3,209.1E-9,124.0E-3,6.281E-9
128.0E-3,223.0E-9,126.0E-3,6.699E-9
130.0E-3,237.7E-9,128.0E-3,7.145E-9
132.0E-3,253.4E-9,130.0E-3,7.621E-9
134.0E-3,270.2E-9,132.0E-3,8.127E-9
136.0E-3,288.0E-9,134.0E-3,8.668E-9
138.0E-3,307.1E-9,136.0E-3,9.244E-9
140.0E-3,327.3E-9,138.0E-3,9.858E-9
142.0E-3,348.9E-9,140.0E-3,10.51E-9
144.0E-3,371.9E-9,142.0E-3,11.21E-9
146.0E-3,396.4E-9,144.0E-3,11.95E-9
148.0E-3,422.4E-9,146.0E-3,12.75E-9
150.0E-3,450.2E-9,148.0E-3,13.59E-9
152.0E-3,479.8E-9,150.0E-3,14.49E-9
154.0E-3,511.3E-9,152.0E-3,15.45E-9
156.0E-3,544.8E-9,154.0E-3,16.47E-9
158.0E-3,580.6E-9,156.0E-3,17.56E-9
160.0E-3,618.6E-9,158.0E-3,18.73E-9
162.0E-3,659.1E-9,160.0E-3,19.96E-9
164.0E-3,702.2E-9,162.0E-3,21.28E-9
166.0E-3,748.1E-9,164.0E-3,22.69E-9
168.0E-3,796.9E-9,166.0E-3,24.18E-9
170.0E-3,848.9E-9,168.0E-3,25.78E-9
172.0E-3,904.2E-9,170.0E-3,27.47E-9
174.0E-3,963.1E-9,172.0E-3,29.28E-9
176.0E-3,1.026E-6,174.0E-3,31.21E-9
178.0E-3,1.092E-6,176.0E-3,33.26E-9
180.0E-3,1.163E-6,178.0E-3,35.44E-9
182.0E-3,1.239E-6,180.0E-3,37.77E-9
184.0E-3,1.319E-6,182.0E-3,40.25E-9
186.0E-3,1.404E-6,184.0E-3,42.89E-9
188.0E-3,1.495E-6,186.0E-3,45.69E-9
190.0E-3,1.592E-6,188.0E-3,48.68E-9
192.0E-3,1.694E-6,190.0E-3,51.87E-9
194.0E-3,1.803E-6,192.0E-3,55.26E-9
196.0E-3,1.919E-6,194.0E-3,58.86E-9
198.0E-3,2.042E-6,196.0E-3,62.70E-9
200.0E-3,2.173E-6,198.0E-3,66.79E-9
202.0E-3,2.313E-6,200.0E-3,71.13E-9
204.0E-3,2.460E-6,202.0E-3,75.76E-9
206.0E-3,2.618E-6,204.0E-3,80.68E-9
208.0E-3,2.784E-6,206.0E-3,85.91E-9
210.0E-3,2.962E-6,208.0E-3,91.48E-9
212.0E-3,3.150E-6,210.0E-3,97.41E-9
214.0E-3,3.350E-6,212.0E-3,103.7E-9
216.0E-3,3.562E-6,214.0E-3,110.4E-9
218.0E-3,3.787E-6,216.0E-3,117.5E-9
220.0E-3,4.026E-6,218.0E-3,125.1E-9
222.0E-3,4.280E-6,220.0E-3,133.2E-9
224.0E-3,4.549E-6,222.0E-3,141.7E-9
226.0E-3,4.834E-6,224.0E-3,150.8E-9
228.0E-3,5.137E-6,226.0E-3,160.5E-9
230.0E-3,5.458E-6,228.0E-3,170.8E-9
232.0E-3,5.798E-6,230.0E-3,181.7E-9
234.0E-3,6.158E-6,232.0E-3,193.3E-9
236.0E-3,6.541E-6,234.0E-3,205.6E-9
238.0E-3,6.946E-6,236.0E-3,218.7E-9
240.0E-3,7.375E-6,238.0E-3,232.6E-9
242.0E-3,7.829E-6,240.0E-3,247.3E-9
244.0E-3,8.310E-6,242.0E-3,263.0E-9
246.0E-3,8.819E-6,244.0E-3,279.6E-9
248.0E-3,9.359E-6,246.0E-3,297.2E-9
250.0E-3,9.929E-6,248.0E-3,315.9E-9
252.0E-3,10.53E-6,250.0E-3,335.8E-9
254.0E-3,11.17E-6,252.0E-3,356.9E-9
256.0E-3,11.85E-6,254.0E-3,379.2E-9
258.0E-3,12.56E-6,256.0E-3,402.9E-9
260.0E-3,13.31E-6,258.0E-3,428.0E-9
262.0E-3,14.11E-6,260.0E-3,454.6E-9
264.0E-3,14.95E-6,262.0E-3,482.9E-9
266.0E-3,15.84E-6,264.0E-3,512.8E-9
268.0E-3,16.78E-6,266.0E-3,544.4E-9
270.0E-3,17.77E-6,268.0E-3,578.0E-9
272.0E-3,18.81E-6,270.0E-3,613.5E-9
274.0E-3,19.92E-6,272.0E-3,651.2E-9
276.0E-3,21.08E-6,274.0E-3,691.0E-9
278.0E-3,22.30E-6,276.0E-3,733.2E-9
280.0E-3,23.60E-6,278.0E-3,777.8E-9
282.0E-3,24.96E-6,280.0E-3,825.0E-9
284.0E-3,26.39E-6,282.0E-3,874.9E-9
286.0E-3,27.90E-6,284.0E-3,927.7E-9
288.0E-3,29.48E-6,286.0E-3,983.5E-9
290.0E-3,31.15E-6,288.0E-3,1.042E-6
292.0E-3,32.91E-6,290.0E-3,1.105E-6
294.0E-3,34.76E-6,292.0E-3,1.171E-6
296.0E-3,36.70E-6,294.0E-3,1.240E-6
298.0E-3,38.74E-6,296.0E-3,1.313E-6
300.0E-3,40.88E-6,298.0E-3,1.391E-6
302.0E-3,43.13E-6,300.0E-3,1.473E-6
304.0E-3,45.48E-6,302.0E-3,1.559E-6
306.0E-3,47.96E-6,304.0E-3,1.650E-6
308.0E-3,50.55E-6,306.0E-3,1.746E-6
310.0E-3,53.27E-6,308.0E-3,1.847E-6
312.0E-3,56.12E-6,310.0E-3,1.953E-6
314.0E-3,59.11E-6,312.0E-3,2.066E-6
316.0E-3,62.24E-6,314.0E-3,2.184E-6
318.0E-3,65.51E-6,316.0E-3,2.308E-6
320.0E-3,68.93E-6,318.0E-3,2.439E-6
322.0E-3,72.51E-6,320.0E-3,2.577E-6
324.0E-3,76.25E-6,322.0E-3,2.722E-6
326.0E-3,80.16E-6,324.0E-3,2.875E-6
328.0E-3,84.24E-6,326.0E-3,3.035E-6
330.0E-3,88.50E-6,328.0E-3,3.204E-6
332.0E-3,92.95E-6,330.0E-3,3.381E-6
334.0E-3,97.59E-6,332.0E-3,3.567E-6
336.0E-3,102.4E-6,334.0E-3,3.762E-6
338.0E-3,107.5E-6,336.0E-3,3.967E-6
340.0E-3,112.7E-6,338.0E-3,4.182E-6
342.0E-3,118.2E-6,340.0E-3,4.407E-6
344.0E-3,123.9E-6,342.0E-3,4.643E-6
346.0E-3,129.9E-6,344.0E-3,4.891E-6
348.0E-3,136.0E-6,346.0E-3,5.151E-6
350.0E-3,142.4E-6,348.0E-3,5.423E-6
352.0E-3,149.1E-6,350.0E-3,5.708E-6
354.0E-3,156.1E-6,352.0E-3,6.006E-6
356.0E-3,163.3E-6,354.0E-3,6.318E-6
358.0E-3,170.8E-6,356.0E-3,6.645E-6
360.0E-3,178.5E-6,358.0E-3,6.986E-6
362.0E-3,186.6E-6,360.0E-3,7.343E-6
364.0E-3,195.0E-6,362.0E-3,7.717E-6
366.0E-3,203.6E-6,364.0E-3,8.107E-6
368.0E-3,212.6E-6,366.0E-3,8.514E-6
370.0E-3,222.0E-6,368.0E-3,8.939E-6
372.0E-3,231.6E-6,370.0E-3,9.383E-6
374.0E-3,241.6E-6,372.0E-3,9.846E-6
376.0E-3,252.0E-6,374.0E-3,10.33E-6
378.0E-3,262.7E-6,376.0E-3,10.83E-6
380.0E-3,273.8E-6,378.0E-3,11.36E-6
382.0E-3,285.3E-6,380.0E-3,11.91E-6
384.0E-3,297.2E-6,382.0E-3,12.48E-6
386.0E-3,309.5E-6,384.0E-3,13.07E-6
388.0E-3,322.2E-6,386.0E-3,13.69E-6
390.0E-3,335.4E-6,388.0E-3,14.34E-6
392.0E-3,349.0E-6,390.0E-3,15.01E-6
394.0E-3,363.0E-6,392.0E-3,15.70E-6
396.0E-3,377.5E-6,394.0E-3,16.43E-6
398.0E-3,392.5E-6,396.0E-3,17.19E-6
400.0E-3,408.0E-6,398.0E-3,17.97E-6
402.0E-3,423.9E-6,400.0E-3,18.79E-6
404.0E-3,440.4E-6,402.0E-3,19.63E-6
406.0E-3,457.5E-6,404.0E-3,20.52E-6
408.0E-3,475.0E-6,406.0E-3,21.43E-6
410.0E-3,493.2E-6,408.0E-3,22.38E-6
412.0E-3,511.9E-6,410.0E-3,23.37E-6
414.0E-3,531.2E-6,412.0E-3,24.39E-6
416.0E-3,551.1E-6,414.0E-3,25.45E-6
418.0E-3,571.6E-6,416.0E-3,26.55E-6
420.0E-3,592.8E-6,418.0E-3,27.70E-6
422.0E-3,614.6E-6,420.0E-3,28.88E-6
424.0E-3,637.1E-6,422.0E-3,30.11E-6
426.0E-3,660.3E-6,424.0E-3,31.39E-6
428.0E-3,684.2E-6,426.0E-3,32.71E-6
430.0E-3,708.9E-6,428.0E-3,34.08E-6
432.0E-3,734.3E-6,430.0E-3,35.49E-6
434.0E-3,760.4E-6,432.0E-3,36.96E-6
436.0E-3,787.4E-6,434.0E-3,38.48E-6
438.0E-3,815.2E-6,436.0E-3,40.06E-6
440.0E-3,843.8E-6,438.0E-3,41.69E-6
442.0E-3,873.2E-6,440.0E-3,43.38E-6
444.0E-3,903.6E-6,442.0E-3,45.12E-6
446.0E-3,934.8E-6,444.0E-3,46.93E-6
448.0E-3,967.0E-6,446.0E-3,48.80E-6
450.0E-3,1.000E-3,448.0E-3,50.73E-6
452.0E-3,1.034E-3,450.0E-3,52.73E-6
454.0E-3,1.069E-3,452.0E-3,54.80E-6
456.0E-3,1.105E-3,454.0E-3,56.94E-6
458.0E-3,1.142E-3,456.0E-3,59.15E-6
460.0E-3,1.181E-3,458.0E-3,61.44E-6
462.0E-3,1.220E-3,460.0E-3,63.80E-6
464.0E-3,1.260E-3,462.0E-3,66.24E-6
466.0E-3,1.302E-3,464.0E-3,68.76E-6
468.0E-3,1.344E-3,466.0E-3,71.36E-6
470.0E-3,1.388E-3,468.0E-3,74.05E-6
472.0E-3,1.433E-3,470.0E-3,76.82E-6
474.0E-3,1.479E-3,472.0E-3,79.69E-6
476.0E-3,1.527E-3,474.0E-3,82.65E-6
478.0E-3,1.576E-3,476.0E-3,85.70E-6
480.0E-3,1.626E-3,478.0E-3,88.86E-6
482.0E-3,1.677E-3,480.0E-3,92.11E-6
484.0E-3,1.730E-3,482.0E-3,95.46E-6
486.0E-3,1.784E-3,484.0E-3,98.92E-6
488.0E-3,1.840E-3,486.0E-3,102.5E-6
490.0E-3,1.897E-3,488.0E-3,106.2E-6
492.0E-3,1.955E-3,490.0E-3,110.0E-6
494.0E-3,2.015E-3,492.0E-3,113.9E-6
496.0E-3,2.076E-3,494.0E-3,117.9E-6
498.0E-3,2.139E-3,496.0E-3,122.1E-6
500.0E-3,2.203E-3,498.0E-3,126.3E-6
502.0E-3,2.269E-3,500.0E-3,130.7E-6
504.0E-3,2.336E-3,502.0E-3,135.3E-6
506.0E-3,2.405E-3,504.0E-3,139.9E-6
508.0E-3,2.475E-3,506.0E-3,144.8E-6
510.0E-3,2.547E-3,508.0E-3,149.7E-6
512.0E-3,2.620E-3,510.0E-3,154.8E-6
514.0E-3,2.696E-3,512.0E-3,160.0E-6
516.0E-3,2.772E-3,514.0E-3,165.4E-6
518.0E-3,2.850E-3,516.0E-3,171.0E-6
520.0E-3,2.930E-3,518.0E-3,176.7E-6
522.0E-3,3.012E-3,520.0E-3,182.5E-6
524.0E-3,3.095E-3,522.0E-3,188.6E-6
526.0E-3,3.180E-3,524.0E-3,194.8E-6
528.0E-3,3.266E-3,526.0E-3,201.1E-6
530.0E-3,3.354E-3,528.0E-3,207.6E-6
532.0E-3,3.443E-3,530.0E-3,214.3E-6
534.0E-3,3.534E-3,532.0E-3,221.2E-6
536.0E-3,3.627E-3,534.0E-3,228.3E-6
538.0E-3,3.721E-3,536.0E-3,235.6E-6
540.0E-3,3.817E-3,538.0E-3,243.0E-6
542.0E-3,3.914E-3,540.0E-3,250.6E-6
544.0E-3,4.012E-3,542.0E-3,258.5E-6
546.0E-3,4.113E-3,544.0E-3,266.5E-6
548.0E-3,4.214E-3,546.0E-3,274.7E-6
550.0E-3,4.318E-3,548.0E-3,283.1E-6
552.0E-3,4.422E-3,550.0E-3,291.8E-6
554.0E-3,4.528E-3,552.0E-3,300.6E-6
556.0E-3,4.636E-3,554.0E-3,309.7E-6
558.0E-3,4.744E-3,556.0E-3,318.9E-6
560.0E-3,4.854E-3,558.0E-3,328.4E-6
562.0E-3,4.966E-3,560.0E-3,338.1E-6
564.0E-3,5.078E-3,562.0E-3,348.1E-6
566.0E-3,5.192E-3,564.0E-3,358.2E-6
568.0E-3,5.307E-3,566.0E-3,368.6E-6
570.0E-3,5.423E-3,568.0E-3,379.2E-6
572.0E-3,5.540E-3,570.0E-3,390.1E-6
574.0E-3,5.659E-3,572.0E-3,401.2E-6
576.0E-3,5.778E-3,574.0E-3,412.5E-6
578.0E-3,5.898E-3,576.0E-3,424.0E-6
580.0E-3,6.019E-3,578.0E-3,435.8E-6
582.0E-3,6.141E-3,580.0E-3,447.9E-6
584.0E-3,6.264E-3,582.0E-3,460.1E-6
586.0E-3,6.388E-3,584.0E-3,472.7E-6
588.0E-3,6.512E-3,586.0E-3,485.4E-6
590.0E-3,6.637E-3,588.0E-3,498.5E-6
592.0E-3,6.763E-3,590.0E-3,511.7E-6
594.0E-3,6.889E-3,592.0E-3,525.3E-6
596.0E-3,7.016E-3,594.0E-3,539.1E-6
598.0E-3,7.144E-3,596.0E-3,553.1E-6
600.0E-3,7.271E-3,598.0E-3,567.4E-6
602.0E-3,7.400E-3,600.0E-3,581.9E-6
604.0E-3,7.528E-3,602.0E-3,596.7E-6
606.0E-3,7.657E-3,604.0E-3,611.8E-6
608.0E-3,7.786E-3,606.0E-3,627.1E-6
610.0E-3,7.915E-3,608.0E-3,642.7E-6
612.0E-3,8.044E-3,610.0E-3,658.5E-6
614.0E-3,8.174E-3,612.0E-3,674.6E-6
616.0E-3,8.303E-3,614.0E-3,690.9E-6
618.0E-3,8.433E-3,616.0E-3,707.5E-6
620.0E-3,8.562E-3,618.0E-3,724.4E-6
622.0E-3,8.691E-3,620.0E-3,741.5E-6
624.0E-3,8.820E-3,622.0E-3,758.9E-6
626.0E-3,8.949E-3,624.0E-3,776.5E-6
628.0E-3,9.078E-3,626.0E-3,794.4E-6
630.0E-3,9.206E-3,628.0E-3,812.6E-6
632.0E-3,9.334E-3,630.0E-3,831.0E-6
634.0E-3,9.461E-3,632.0E-3,849.7E-6
636.0E-3,9.588E-3,634.0E-3,868.6E-6
638.0E-3,9.715E-3,636.0E-3,887.8E-6
640.0E-3,9.841E-3,638.0E-3,907.2E-6
642.0E-3,9.966E-3,640.0E-3,926.9E-6
644.0E-3,10.09E-3,642.0E-3,946.8E-6
646.0E-3,10.22E-3,644.0E-3,967.0E-6
648.0E-3,10.34E-3,646.0E-3,987.4E-6
650.0E-3,10.46E-3,648.0E-3,1.008E-3
652.0E-3,10.58E-3,650.0E-3,1.029E-3
654.0E-3,10.70E-3,652.0E-3,1.050E-3
656.0E-3,10.83E-3,654.0E-3,1.072E-3
658.0E-3,10.94E-3,656.0E-3,1.093E-3
660.0E-3,11.06E-3,658.0E-3,1.115E-3
662.0E-3,11.18E-3,660.0E-3,1.137E-3
664.0E-3,11.30E-3,662.0E-3,1.160E-3
666.0E-3,11.41E-3,664.0E-3,1.182E-3
668.0E-3,11.53E-3,666.0E-3,1.205E-3
670.0E-3,11.64E-3,668.0E-3,1.228E-3
672.0E-3,11.75E-3,670.0E-3,1.251E-3
674.0E-3,11.87E-3,672.0E-3,1.275E-3
676.0E-3,11.98E-3,674.0E-3,1.299E-3
678.0E-3,12.09E-3,676.0E-3,1.323E-3
680.0E-3,12.19E-3,678.0E-3,1.347E-3
682.0E-3,12.30E-3,680.0E-3,1.371E-3
684.0E-3,12.41E-3,682.0E-3,1.396E-3
686.0E-3,12.51E-3,684.0E-3,1.421E-3
688.0E-3,12.61E-3,686.0E-3,1.446E-3
690.0E-3,12.72E-3,688.0E-3,1.471E-3
692.0E-3,12.82E-3,690.0E-3,1.496E-3
694.0E-3,12.92E-3,692.0E-3,1.522E-3
696.0E-3,13.01E-3,694.0E-3,1.548E-3
698.0E-3,13.11E-3,696.0E-3,1.574E-3
700.0E-3,13.21E-3,698.0E-3,1.600E-3
702.0E-3,13.30E-3,700.0E-3,1.626E-3
704.0E-3,13.39E-3,702.0E-3,1.653E-3
706.0E-3,13.48E-3,704.0E-3,1.680E-3
708.0E-3,13.57E-3,706.0E-3,1.707E-3
710.0E-3,13.66E-3,708.0E-3,1.734E-3
712.0E-3,13.75E-3,710.0E-3,1.761E-3
714.0E-3,13.84E-3,712.0E-3,1.789E-3
716.0E-3,13.92E-3,714.0E-3,1.816E-3
718.0E-3,14.00E-3,716.0E-3,1.844E-3
720.0E-3,14.08E-3,718.0E-3,1.872E-3
722.0E-3,14.16E-3,720.0E-3,1.900E-3
724.0E-3,14.24E-3,722.0E-3,1.929E-3
726.0E-3,14.32E-3,724.0E-3,1.957E-3
728.0E-3,14.40E-3,726.0E-3,1.986E-3
730.0E-3,14.47E-3,728.0E-3,2.015E-3
732.0E-3,14.54E-3,730.0E-3,2.044E-3
734.0E-3,14.61E-3,732.0E-3,2.073E-3
736.0E-3,14.68E-3,734.0E-3,2.102E-3
738.0E-3,14.75E-3,736.0E-3,2.131E-3
740.0E-3,14.82E-3,738.0E-3,2.161E-3
742.0E-3,14.88E-3,740.0E-3,2.190E-3
744.0E-3,14.95E-3,742.0E-3,2.220E-3
746.0E-3,15.01E-3,744.0E-3,2.250E-3
748.0E-3,15.07E-3,746.0E-3,2.280E-3
750.0E-3,15.13E-3,748.0E-3,2.310E-3
752.0E-3,15.19E-3,750.0E-3,2.340E-3
754.0E-3,15.24E-3,752.0E-3,2.371E-3
756.0E-3,15.30E-3,754.0E-3,2.401E-3
758.0E-3,15.35E-3,756.0E-3,2.432E-3
760.0E-3,15.40E-3,758.0E-3,2.463E-3
762.0E-3,15.45E-3,760.0E-3,2.493E-3
764.0E-3,15.50E-3,762.0E-3,2.524E-3
766.0E-3,15.55E-3,764.0E-3,2.555E-3
768.0E-3,15.59E-3,766.0E-3,2.586E-3
770.0E-3,15.64E-3,768.0E-3,2.618E-3
772.0E-3,15.68E-3,770.0E-3,2.649E-3
774.0E-3,15.72E-3,772.0E-3,2.680E-3
776.0E-3,15.76E-3,774.0E-3,2.712E-3
778.0E-3,15.80E-3,776.0E-3,2.743E-3
780.0E-3,15.84E-3,778.0E-3,2.775E-3
782.0E-3,15.87E-3,780.0E-3,2.806E-3
784.0E-3,15.90E-3,782.0E-3,2.838E-3
786.0E-3,15.94E-3,784.0E-3,2.870E-3
788.0E-3,15.97E-3,786.0E-3,2.902E-3
790.0E-3,16.00E-3,788.0E-3,2.934E-3
792.0E-3,16.02E-3,790.0E-3,2.966E-3
794.0E-3,16.05E-3,792.0E-3,2.998E-3
796.0E-3,16.08E-3,794.0E-3,3.030E-3
798.0E-3,16.10E-3,796.0E-3,3.062E-3
800.0E-3,16.12E-3,798.0E-3,3.094E-3
802.0E-3,16.14E-3,800.0E-3,3.127E-3
804.0E-3,16.16E-3,802.0E-3,3.159E-3
806.0E-3,16.18E-3,804.0E-3,3.191E-3
808.0E-3,16.20E-3,806.0E-3,3.224E-3
810.0E-3,16.21E-3,808.0E-3,3.256E-3
812.0E-3,16.22E-3,810.0E-3,3.288E-3
814.0E-3,16.24E-3,812.0E-3,3.321E-3
816.0E-3,16.25E-3,814.0E-3,3.353E-3
818.0E-3,16.26E-3,816.0E-3,3.386E-3
820.0E-3,16.27E-3,818.0E-3,3.418E-3
822.0E-3,16.27E-3,820.0E-3,3.451E-3
824.0E-3,16.28E-3,822.0E-3,3.483E-3
826.0E-3,16.29E-3,824.0E-3,3.516E-3
828.0E-3,16.29E-3,826.0E-3,3.548E-3
830.0E-3,16.29E-3,828.0E-3,3.581E-3
832.0E-3,16.29E-3,830.0E-3,3.614E-3
834.0E-3,16.29E-3,832.0E-3,3.646E-3
836.0E-3,16.29E-3,834.0E-3,3.679E-3
838.0E-3,16.29E-3,836.0E-3,3.711E-3
840.0E-3,16.29E-3,838.0E-3,3.744E-3
842.0E-3,16.28E-3,840.0E-3,3.777E-3
844.0E-3,16.28E-3,842.0E-3,3.809E-3
846.0E-3,16.27E-3,844.0E-3,3.842E-3
848.0E-3,16.26E-3,846.0E-3,3.874E-3
850.0E-3,16.26E-3,848.0E-3,3.907E-3
852.0E-3,16.25E-3,850.0E-3,3.939E-3
854.0E-3,16.24E-3,852.0E-3,3.972E-3
856.0E-3,16.22E-3,854.0E-3,4.004E-3
858.0E-3,16.21E-3,856.0E-3,4.037E-3
860.0E-3,16.20E-3,858.0E-3,4.069E-3
862.0E-3,16.19E-3,860.0E-3,4.101E-3
864.0E-3,16.17E-3,862.0E-3,4.134E-3
866.0E-3,16.16E-3,864.0E-3,4.166E-3
868.0E-3,16.14E-3,866.0E-3,4.199E-3
870.0E-3,16.12E-3,868.0E-3,4.231E-3
872.0E-3,16.10E-3,870.0E-3,4.263E-3
874.0E-3,16.09E-3,872.0E-3,4.295E-3
876.0E-3,16.07E-3,874.0E-3,4.327E-3
878.0E-3,16.05E-3,876.0E-3,4.360E-3
880.0E-3,16.03E-3,878.0E-3,4.392E-3
882.0E-3,16.00E-3,880.0E-3,4.424E-3
884.0E-3,15.98E-3,882.0E-3,4.456E-3
886.0E-3,15.96E-3,884.0E-3,4.488E-3
888.0E-3,15.94E-3,886.0E-3,4.520E-3
890.0E-3,15.91E-3,888.0E-3,4.551E-3
892.0E-3,15.89E-3,890.0E-3,4.583E-3
894.0E-3,15.86E-3,892.0E-3,4.615E-3
896.0E-3,15.84E-3,894.0E-3,4.647E-3
898.0E-3,15.81E-3,896.0E-3,4.678E-3
900.0E-3,15.78E-3,898.0E-3,4.710E-3
902.0E-3,15.76E-3,900.0E-3,4.742E-3
904.0E-3,15.73E-3,902.0E-3,4.773E-3
906.0E-3,15.70E-3,904.0E-3,4.805E-3
908.0E-3,15.67E-3,906.0E-3,4.836E-3
910.0E-3,15.64E-3,908.0E-3,4.867E-3
912.0E-3,15.61E-3,910.0E-3,4.899E-3
914.0E-3,15.58E-3,912.0E-3,4.930E-3
916.0E-3,15.55E-3,914.0E-3,4.961E-3
918.0E-3,15.52E-3,916.0E-3,4.992E-3
920.0E-3,15.49E-3,918.0E-3,5.023E-3
922.0E-3,15.46E-3,920.0E-3,5.054E-3
924.0E-3,15.43E-3,922.0E-3,5.085E-3
926.0E-3,15.40E-3,924.0E-3,5.116E-3
928.0E-3,15.36E-3,926.0E-3,5.147E-3
930.0E-3,15.33E-3,928.0E-3,5.178E-3
932.0E-3,15.30E-3,930.0E-3,5.208E-3
934.0E-3,15.26E-3,932.0E-3,5.239E-3
936.0E-3,15.23E-3,934.0E-3,5.269E-3
938.0E-3,15.20E-3,936.0E-3,5.300E-3
940.0E-3,15.16E-3,938.0E-3,5.330E-3
942.0E-3,15.13E-3,940.0E-3,5.360E-3
944.0E-3,15.09E-3,942.0E-3,5.391E-3
946.0E-3,15.06E-3,944.0E-3,5.421E-3
948.0E-3,15.02E-3,946.0E-3,5.451E-3
950.0E-3,14.99E-3,948.0E-3,5.481E-3
952.0E-3,14.95E-3,950.0E-3,5.511E-3
954.0E-3,14.91E-3,952.0E-3,5.541E-3
956.0E-3,14.88E-3,954.0E-3,5.571E-3
958.0E-3,14.84E-3,956.0E-3,5.601E-3
960.0E-3,14.80E-3,958.0E-3,5.630E-3
962.0E-3,14.77E-3,960.0E-3,5.660E-3
964.0E-3,14.73E-3,962.0E-3,5.689E-3
966.0E-3,14.69E-3,964.0E-3,5.719E-3
968.0E-3,14.66E-3,966.0E-3,5.748E-3
970.0E-3,14.62E-3,968.0E-3,5.778E-3
972.0E-3,14.58E-3,970.0E-3,5.807E-3
974.0E-3,14.54E-3,972.0E-3,5.836E-3
976.0E-3,14.50E-3,974.0E-3,5.865E-3
978.0E-3,14.47E-3,976.0E-3,5.894E-3
980.0E-3,14.43E-3,978.0E-3,5.923E-3
982.0E-3,14.39E-3,980.0E-3,5.952E-3
984.0E-3,14.35E-3,982.0E-3,5.981E-3
986.0E-3,14.31E-3,984.0E-3,6.009E-3
988.0E-3,14.27E-3,986.0E-3,6.038E-3
990.0E-3,14.23E-3,988.0E-3,6.066E-3
992.0E-3,14.20E-3,990.0E-3,6.095E-3
994.0E-3,14.16E-3,992.0E-3,6.123E-3
996.0E-3,14.12E-3,994.0E-3,6.152E-3
998.0E-3,14.08E-3,996.0E-3,6.180E-3
1.000,14.04E-3,998.0E-3,6.208E-3
 , ,1.000,6.236E-3
