dc (V),V1:p (Wn=5.00e-06) (A),V1:p (Wn=1.00e-05) (A),V1:p (Wn=1.50e-05) (A),V1:p (Wn=2.50e-05) (A),dc (V),deriv(value(getData("/V1/PLUS" ?result "dc") "Wn" 2.5e-05)),deriv(value(getData("/V1/PLUS" ?result "dc") "Wn" 2e-05)),deriv(value(getData("/V1/PLUS" ?result "dc") "Wn" 1.5e-05)),deriv(value(getData("/V1/PLUS" ?result "dc") "Wn" 1e-05)),dc (V),V1:p (Wn=2.00e-05) (A)
0.000,392.3E-6,785.2E-6,1.178E-3,1.964E-3,2.000E-3,-11.53E-3,-9.221E-3,-6.914E-3,-4.606E-3,0.000,1.571E-3
2.000E-3,387.7E-6,775.9E-6,1.164E-3,1.941E-3,4.000E-3,-11.49E-3,-9.189E-3,-6.889E-3,-4.590E-3,2.000E-3,1.553E-3
4.000E-3,383.1E-6,766.8E-6,1.151E-3,1.918E-3,6.000E-3,-11.45E-3,-9.156E-3,-6.865E-3,-4.573E-3,4.000E-3,1.534E-3
6.000E-3,378.5E-6,757.6E-6,1.137E-3,1.895E-3,8.000E-3,-11.41E-3,-9.123E-3,-6.840E-3,-4.557E-3,6.000E-3,1.516E-3
8.000E-3,374.0E-6,748.5E-6,1.123E-3,1.873E-3,10.00E-3,-11.36E-3,-9.089E-3,-6.814E-3,-4.540E-3,8.000E-3,1.498E-3
10.00E-3,369.4E-6,739.4E-6,1.110E-3,1.850E-3,12.00E-3,-11.32E-3,-9.055E-3,-6.789E-3,-4.523E-3,10.00E-3,1.480E-3
12.00E-3,364.9E-6,730.4E-6,1.096E-3,1.827E-3,14.00E-3,-11.28E-3,-9.020E-3,-6.763E-3,-4.505E-3,12.00E-3,1.462E-3
14.00E-3,360.4E-6,721.4E-6,1.083E-3,1.805E-3,16.00E-3,-11.23E-3,-8.985E-3,-6.736E-3,-4.488E-3,14.00E-3,1.444E-3
16.00E-3,356.0E-6,712.4E-6,1.069E-3,1.782E-3,18.00E-3,-11.19E-3,-8.950E-3,-6.710E-3,-4.470E-3,16.00E-3,1.426E-3
18.00E-3,351.5E-6,703.5E-6,1.056E-3,1.760E-3,20.00E-3,-11.14E-3,-8.914E-3,-6.683E-3,-4.452E-3,18.00E-3,1.408E-3
20.00E-3,347.1E-6,694.6E-6,1.042E-3,1.738E-3,22.00E-3,-11.10E-3,-8.877E-3,-6.656E-3,-4.434E-3,20.00E-3,1.390E-3
22.00E-3,342.6E-6,685.7E-6,1.029E-3,1.715E-3,24.00E-3,-11.05E-3,-8.840E-3,-6.628E-3,-4.415E-3,22.00E-3,1.372E-3
24.00E-3,338.2E-6,676.9E-6,1.016E-3,1.693E-3,26.00E-3,-11.01E-3,-8.803E-3,-6.600E-3,-4.397E-3,24.00E-3,1.354E-3
26.00E-3,333.8E-6,668.1E-6,1.002E-3,1.671E-3,28.00E-3,-10.96E-3,-8.765E-3,-6.571E-3,-4.378E-3,26.00E-3,1.337E-3
28.00E-3,329.5E-6,659.3E-6,989.3E-6,1.649E-3,30.00E-3,-10.91E-3,-8.727E-3,-6.543E-3,-4.358E-3,28.00E-3,1.319E-3
30.00E-3,325.1E-6,650.6E-6,976.3E-6,1.627E-3,32.00E-3,-10.86E-3,-8.688E-3,-6.514E-3,-4.339E-3,30.00E-3,1.302E-3
32.00E-3,320.8E-6,641.9E-6,963.2E-6,1.606E-3,34.00E-3,-10.81E-3,-8.649E-3,-6.484E-3,-4.319E-3,32.00E-3,1.284E-3
34.00E-3,316.5E-6,633.3E-6,950.3E-6,1.584E-3,36.00E-3,-10.76E-3,-8.609E-3,-6.454E-3,-4.299E-3,34.00E-3,1.267E-3
36.00E-3,312.2E-6,624.7E-6,937.4E-6,1.563E-3,38.00E-3,-10.71E-3,-8.569E-3,-6.424E-3,-4.279E-3,36.00E-3,1.250E-3
38.00E-3,307.9E-6,616.1E-6,924.5E-6,1.541E-3,40.00E-3,-10.66E-3,-8.528E-3,-6.393E-3,-4.259E-3,38.00E-3,1.233E-3
40.00E-3,303.7E-6,607.6E-6,911.7E-6,1.520E-3,42.00E-3,-10.61E-3,-8.486E-3,-6.362E-3,-4.238E-3,40.00E-3,1.216E-3
42.00E-3,299.4E-6,599.1E-6,899.0E-6,1.499E-3,44.00E-3,-10.56E-3,-8.444E-3,-6.331E-3,-4.217E-3,42.00E-3,1.199E-3
44.00E-3,295.2E-6,590.7E-6,886.3E-6,1.477E-3,46.00E-3,-10.50E-3,-8.402E-3,-6.299E-3,-4.196E-3,44.00E-3,1.182E-3
46.00E-3,291.0E-6,582.3E-6,873.7E-6,1.456E-3,48.00E-3,-10.45E-3,-8.359E-3,-6.266E-3,-4.174E-3,46.00E-3,1.165E-3
48.00E-3,286.9E-6,574.0E-6,861.2E-6,1.436E-3,50.00E-3,-10.40E-3,-8.315E-3,-6.234E-3,-4.152E-3,48.00E-3,1.148E-3
50.00E-3,282.7E-6,565.6E-6,848.7E-6,1.415E-3,52.00E-3,-10.34E-3,-8.271E-3,-6.201E-3,-4.130E-3,50.00E-3,1.132E-3
52.00E-3,278.6E-6,557.4E-6,836.3E-6,1.394E-3,54.00E-3,-10.29E-3,-8.226E-3,-6.167E-3,-4.108E-3,52.00E-3,1.115E-3
54.00E-3,274.5E-6,549.2E-6,824.0E-6,1.374E-3,56.00E-3,-10.23E-3,-8.181E-3,-6.133E-3,-4.085E-3,54.00E-3,1.099E-3
56.00E-3,270.4E-6,541.0E-6,811.7E-6,1.353E-3,58.00E-3,-10.17E-3,-8.135E-3,-6.098E-3,-4.062E-3,56.00E-3,1.082E-3
58.00E-3,266.4E-6,532.9E-6,799.5E-6,1.333E-3,60.00E-3,-10.11E-3,-8.088E-3,-6.064E-3,-4.039E-3,58.00E-3,1.066E-3
60.00E-3,262.4E-6,524.8E-6,787.4E-6,1.313E-3,62.00E-3,-10.05E-3,-8.041E-3,-6.028E-3,-4.015E-3,60.00E-3,1.050E-3
62.00E-3,258.4E-6,516.8E-6,775.4E-6,1.292E-3,64.00E-3,-9.995E-3,-7.994E-3,-5.993E-3,-3.991E-3,62.00E-3,1.034E-3
64.00E-3,254.4E-6,508.8E-6,763.4E-6,1.272E-3,66.00E-3,-9.934E-3,-7.945E-3,-5.956E-3,-3.967E-3,64.00E-3,1.018E-3
66.00E-3,250.4E-6,500.9E-6,751.5E-6,1.253E-3,68.00E-3,-9.873E-3,-7.896E-3,-5.920E-3,-3.943E-3,66.00E-3,1.002E-3
68.00E-3,246.5E-6,493.0E-6,739.6E-6,1.233E-3,70.00E-3,-9.811E-3,-7.847E-3,-5.882E-3,-3.918E-3,68.00E-3,986.2E-6
70.00E-3,242.6E-6,485.1E-6,727.9E-6,1.213E-3,72.00E-3,-9.749E-3,-7.797E-3,-5.845E-3,-3.893E-3,70.00E-3,970.5E-6
72.00E-3,238.7E-6,477.3E-6,716.2E-6,1.194E-3,74.00E-3,-9.685E-3,-7.746E-3,-5.807E-3,-3.867E-3,72.00E-3,954.9E-6
74.00E-3,234.8E-6,469.6E-6,704.6E-6,1.174E-3,76.00E-3,-9.621E-3,-7.694E-3,-5.768E-3,-3.842E-3,74.00E-3,939.4E-6
76.00E-3,231.0E-6,461.9E-6,693.0E-6,1.155E-3,78.00E-3,-9.556E-3,-7.642E-3,-5.729E-3,-3.816E-3,76.00E-3,924.1E-6
78.00E-3,227.2E-6,454.3E-6,681.6E-6,1.136E-3,80.00E-3,-9.490E-3,-7.590E-3,-5.690E-3,-3.789E-3,78.00E-3,908.8E-6
80.00E-3,223.4E-6,446.7E-6,670.2E-6,1.117E-3,82.00E-3,-9.423E-3,-7.536E-3,-5.650E-3,-3.763E-3,80.00E-3,893.6E-6
82.00E-3,219.7E-6,439.2E-6,658.9E-6,1.098E-3,84.00E-3,-9.356E-3,-7.482E-3,-5.609E-3,-3.736E-3,82.00E-3,878.5E-6
84.00E-3,215.9E-6,431.7E-6,647.7E-6,1.079E-3,86.00E-3,-9.287E-3,-7.428E-3,-5.568E-3,-3.708E-3,84.00E-3,863.6E-6
86.00E-3,212.2E-6,424.3E-6,636.5E-6,1.061E-3,88.00E-3,-9.218E-3,-7.372E-3,-5.527E-3,-3.681E-3,86.00E-3,848.7E-6
88.00E-3,208.6E-6,416.9E-6,625.5E-6,1.042E-3,90.00E-3,-9.148E-3,-7.316E-3,-5.485E-3,-3.653E-3,88.00E-3,834.0E-6
90.00E-3,204.9E-6,409.6E-6,614.5E-6,1.024E-3,92.00E-3,-9.077E-3,-7.260E-3,-5.442E-3,-3.625E-3,90.00E-3,819.3E-6
92.00E-3,201.3E-6,402.4E-6,603.6E-6,1.006E-3,94.00E-3,-9.006E-3,-7.203E-3,-5.399E-3,-3.596E-3,92.00E-3,804.8E-6
94.00E-3,197.7E-6,395.2E-6,592.8E-6,987.9E-6,96.00E-3,-8.933E-3,-7.145E-3,-5.356E-3,-3.567E-3,94.00E-3,790.4E-6
96.00E-3,194.1E-6,388.1E-6,582.1E-6,970.1E-6,98.00E-3,-8.860E-3,-7.086E-3,-5.312E-3,-3.538E-3,96.00E-3,776.1E-6
98.00E-3,190.6E-6,381.0E-6,571.5E-6,952.4E-6,100.0E-3,-8.786E-3,-7.027E-3,-5.267E-3,-3.508E-3,98.00E-3,761.9E-6
100.0E-3,187.1E-6,374.0E-6,560.9E-6,934.8E-6,102.0E-3,-8.711E-3,-6.967E-3,-5.223E-3,-3.478E-3,100.0E-3,747.9E-6
102.0E-3,183.6E-6,367.0E-6,550.5E-6,917.4E-6,104.0E-3,-8.635E-3,-6.906E-3,-5.177E-3,-3.448E-3,102.0E-3,733.9E-6
104.0E-3,180.2E-6,360.1E-6,540.2E-6,900.1E-6,106.0E-3,-8.559E-3,-6.845E-3,-5.131E-3,-3.417E-3,104.0E-3,720.1E-6
106.0E-3,176.8E-6,353.3E-6,529.9E-6,883.0E-6,108.0E-3,-8.481E-3,-6.783E-3,-5.085E-3,-3.386E-3,106.0E-3,706.4E-6
108.0E-3,173.4E-6,346.5E-6,519.7E-6,866.0E-6,110.0E-3,-8.403E-3,-6.721E-3,-5.038E-3,-3.355E-3,108.0E-3,692.9E-6
110.0E-3,170.1E-6,339.8E-6,509.6E-6,849.2E-6,112.0E-3,-8.324E-3,-6.657E-3,-4.991E-3,-3.324E-3,110.0E-3,679.4E-6
112.0E-3,166.8E-6,333.2E-6,499.7E-6,832.6E-6,114.0E-3,-8.244E-3,-6.594E-3,-4.943E-3,-3.292E-3,112.0E-3,666.1E-6
114.0E-3,163.5E-6,326.6E-6,489.8E-6,816.1E-6,116.0E-3,-8.164E-3,-6.529E-3,-4.894E-3,-3.260E-3,114.0E-3,652.9E-6
116.0E-3,160.2E-6,320.1E-6,480.0E-6,799.7E-6,118.0E-3,-8.082E-3,-6.464E-3,-4.846E-3,-3.227E-3,116.0E-3,639.9E-6
118.0E-3,157.0E-6,313.6E-6,470.3E-6,783.6E-6,120.0E-3,-8.000E-3,-6.398E-3,-4.796E-3,-3.194E-3,118.0E-3,626.9E-6
120.0E-3,153.8E-6,307.2E-6,460.7E-6,767.6E-6,122.0E-3,-7.917E-3,-6.332E-3,-4.747E-3,-3.161E-3,120.0E-3,614.2E-6
122.0E-3,150.7E-6,300.9E-6,451.2E-6,751.7E-6,124.0E-3,-7.833E-3,-6.265E-3,-4.696E-3,-3.128E-3,122.0E-3,601.5E-6
124.0E-3,147.5E-6,294.6E-6,441.8E-6,736.1E-6,126.0E-3,-7.749E-3,-6.197E-3,-4.646E-3,-3.094E-3,124.0E-3,589.0E-6
126.0E-3,144.4E-6,288.4E-6,432.5E-6,720.6E-6,128.0E-3,-7.664E-3,-6.129E-3,-4.595E-3,-3.060E-3,126.0E-3,576.6E-6
128.0E-3,141.4E-6,282.3E-6,423.3E-6,705.3E-6,130.0E-3,-7.578E-3,-6.061E-3,-4.543E-3,-3.026E-3,128.0E-3,564.3E-6
130.0E-3,138.4E-6,276.3E-6,414.2E-6,690.1E-6,132.0E-3,-7.491E-3,-5.991E-3,-4.491E-3,-2.991E-3,130.0E-3,552.2E-6
132.0E-3,135.4E-6,270.3E-6,405.3E-6,675.1E-6,134.0E-3,-7.404E-3,-5.921E-3,-4.439E-3,-2.956E-3,132.0E-3,540.2E-6
134.0E-3,132.4E-6,264.4E-6,396.4E-6,660.3E-6,136.0E-3,-7.316E-3,-5.851E-3,-4.386E-3,-2.921E-3,134.0E-3,528.4E-6
136.0E-3,129.5E-6,258.5E-6,387.6E-6,645.7E-6,138.0E-3,-7.227E-3,-5.780E-3,-4.333E-3,-2.886E-3,136.0E-3,516.7E-6
138.0E-3,126.6E-6,252.8E-6,378.9E-6,631.2E-6,140.0E-3,-7.138E-3,-5.709E-3,-4.280E-3,-2.850E-3,138.0E-3,505.1E-6
140.0E-3,123.8E-6,247.1E-6,370.4E-6,616.9E-6,142.0E-3,-7.048E-3,-5.637E-3,-4.226E-3,-2.815E-3,140.0E-3,493.7E-6
142.0E-3,121.0E-6,241.4E-6,361.9E-6,602.8E-6,144.0E-3,-6.958E-3,-5.565E-3,-4.172E-3,-2.778E-3,142.0E-3,482.4E-6
144.0E-3,118.2E-6,235.9E-6,353.6E-6,588.9E-6,146.0E-3,-6.867E-3,-5.492E-3,-4.117E-3,-2.742E-3,144.0E-3,471.3E-6
146.0E-3,115.5E-6,230.4E-6,345.4E-6,575.2E-6,148.0E-3,-6.775E-3,-5.419E-3,-4.062E-3,-2.706E-3,146.0E-3,460.3E-6
148.0E-3,112.8E-6,225.0E-6,337.2E-6,561.6E-6,150.0E-3,-6.683E-3,-5.345E-3,-4.007E-3,-2.669E-3,148.0E-3,449.5E-6
150.0E-3,110.1E-6,219.6E-6,329.2E-6,548.3E-6,152.0E-3,-6.590E-3,-5.271E-3,-3.952E-3,-2.632E-3,150.0E-3,438.8E-6
152.0E-3,107.5E-6,214.4E-6,321.3E-6,535.1E-6,154.0E-3,-6.497E-3,-5.196E-3,-3.896E-3,-2.595E-3,152.0E-3,428.2E-6
154.0E-3,104.9E-6,209.2E-6,313.5E-6,522.1E-6,156.0E-3,-6.404E-3,-5.122E-3,-3.840E-3,-2.558E-3,154.0E-3,417.8E-6
156.0E-3,102.3E-6,204.1E-6,305.8E-6,509.3E-6,158.0E-3,-6.310E-3,-5.047E-3,-3.784E-3,-2.520E-3,156.0E-3,407.6E-6
158.0E-3,99.82E-6,199.0E-6,298.3E-6,496.7E-6,160.0E-3,-6.215E-3,-4.971E-3,-3.727E-3,-2.483E-3,158.0E-3,397.5E-6
160.0E-3,97.34E-6,194.1E-6,290.8E-6,484.3E-6,162.0E-3,-6.121E-3,-4.896E-3,-3.670E-3,-2.445E-3,160.0E-3,387.5E-6
162.0E-3,94.90E-6,189.2E-6,283.5E-6,472.0E-6,164.0E-3,-6.026E-3,-4.820E-3,-3.614E-3,-2.407E-3,162.0E-3,377.8E-6
164.0E-3,92.49E-6,184.4E-6,276.3E-6,460.0E-6,166.0E-3,-5.931E-3,-4.744E-3,-3.557E-3,-2.369E-3,164.0E-3,368.1E-6
166.0E-3,90.13E-6,179.6E-6,269.1E-6,448.1E-6,168.0E-3,-5.835E-3,-4.667E-3,-3.499E-3,-2.331E-3,166.0E-3,358.6E-6
168.0E-3,87.80E-6,175.0E-6,262.1E-6,436.4E-6,170.0E-3,-5.740E-3,-4.591E-3,-3.442E-3,-2.293E-3,168.0E-3,349.3E-6
170.0E-3,85.51E-6,170.4E-6,255.3E-6,424.9E-6,172.0E-3,-5.644E-3,-4.514E-3,-3.385E-3,-2.255E-3,170.0E-3,340.1E-6
172.0E-3,83.25E-6,165.9E-6,248.5E-6,413.7E-6,174.0E-3,-5.548E-3,-4.438E-3,-3.327E-3,-2.217E-3,172.0E-3,331.1E-6
174.0E-3,81.04E-6,161.4E-6,241.8E-6,402.6E-6,176.0E-3,-5.452E-3,-4.361E-3,-3.270E-3,-2.178E-3,174.0E-3,322.2E-6
176.0E-3,78.86E-6,157.1E-6,235.3E-6,391.7E-6,178.0E-3,-5.356E-3,-4.284E-3,-3.212E-3,-2.140E-3,176.0E-3,313.5E-6
178.0E-3,76.72E-6,152.8E-6,228.9E-6,380.9E-6,180.0E-3,-5.260E-3,-4.208E-3,-3.155E-3,-2.102E-3,178.0E-3,304.9E-6
180.0E-3,74.62E-6,148.6E-6,222.6E-6,370.4E-6,182.0E-3,-5.165E-3,-4.131E-3,-3.098E-3,-2.064E-3,180.0E-3,296.5E-6
182.0E-3,72.56E-6,144.5E-6,216.4E-6,360.1E-6,184.0E-3,-5.069E-3,-4.055E-3,-3.040E-3,-2.026E-3,182.0E-3,288.2E-6
184.0E-3,70.53E-6,140.4E-6,210.3E-6,350.0E-6,186.0E-3,-4.973E-3,-3.978E-3,-2.983E-3,-1.988E-3,184.0E-3,280.1E-6
186.0E-3,68.55E-6,136.4E-6,204.3E-6,340.0E-6,188.0E-3,-4.878E-3,-3.902E-3,-2.926E-3,-1.949E-3,186.0E-3,272.2E-6
188.0E-3,66.60E-6,132.5E-6,198.5E-6,330.3E-6,190.0E-3,-4.783E-3,-3.826E-3,-2.869E-3,-1.912E-3,188.0E-3,264.4E-6
190.0E-3,64.69E-6,128.7E-6,192.7E-6,320.7E-6,192.0E-3,-4.688E-3,-3.750E-3,-2.812E-3,-1.874E-3,190.0E-3,256.7E-6
192.0E-3,62.81E-6,125.0E-6,187.1E-6,311.3E-6,194.0E-3,-4.593E-3,-3.674E-3,-2.755E-3,-1.836E-3,192.0E-3,249.2E-6
194.0E-3,60.98E-6,121.3E-6,181.6E-6,302.1E-6,196.0E-3,-4.499E-3,-3.599E-3,-2.699E-3,-1.798E-3,194.0E-3,241.9E-6
196.0E-3,59.18E-6,117.7E-6,176.2E-6,293.1E-6,198.0E-3,-4.405E-3,-3.524E-3,-2.643E-3,-1.761E-3,196.0E-3,234.7E-6
198.0E-3,57.42E-6,114.2E-6,170.9E-6,284.3E-6,200.0E-3,-4.312E-3,-3.449E-3,-2.587E-3,-1.724E-3,198.0E-3,227.6E-6
200.0E-3,55.69E-6,110.7E-6,165.7E-6,275.7E-6,202.0E-3,-4.219E-3,-3.375E-3,-2.531E-3,-1.687E-3,200.0E-3,220.7E-6
202.0E-3,54.01E-6,107.4E-6,160.7E-6,267.3E-6,204.0E-3,-4.126E-3,-3.301E-3,-2.476E-3,-1.650E-3,202.0E-3,214.0E-6
204.0E-3,52.35E-6,104.1E-6,155.7E-6,259.0E-6,206.0E-3,-4.035E-3,-3.228E-3,-2.421E-3,-1.614E-3,204.0E-3,207.4E-6
206.0E-3,50.74E-6,100.8E-6,150.9E-6,250.9E-6,208.0E-3,-3.944E-3,-3.155E-3,-2.366E-3,-1.577E-3,206.0E-3,200.9E-6
208.0E-3,49.16E-6,97.67E-6,146.2E-6,243.1E-6,210.0E-3,-3.853E-3,-3.083E-3,-2.312E-3,-1.541E-3,208.0E-3,194.6E-6
210.0E-3,47.62E-6,94.59E-6,141.5E-6,235.3E-6,212.0E-3,-3.763E-3,-3.011E-3,-2.258E-3,-1.506E-3,210.0E-3,188.4E-6
212.0E-3,46.11E-6,91.58E-6,137.0E-6,227.8E-6,214.0E-3,-3.675E-3,-2.940E-3,-2.205E-3,-1.470E-3,212.0E-3,182.4E-6
214.0E-3,44.64E-6,88.64E-6,132.6E-6,220.5E-6,216.0E-3,-3.586E-3,-2.869E-3,-2.152E-3,-1.435E-3,214.0E-3,176.5E-6
216.0E-3,43.20E-6,85.77E-6,128.3E-6,213.3E-6,218.0E-3,-3.499E-3,-2.800E-3,-2.100E-3,-1.400E-3,216.0E-3,170.8E-6
218.0E-3,41.80E-6,82.97E-6,124.1E-6,206.3E-6,220.0E-3,-3.413E-3,-2.731E-3,-2.048E-3,-1.366E-3,218.0E-3,165.2E-6
220.0E-3,40.43E-6,80.24E-6,120.0E-6,199.5E-6,222.0E-3,-3.327E-3,-2.662E-3,-1.997E-3,-1.332E-3,220.0E-3,159.7E-6
222.0E-3,39.10E-6,77.57E-6,116.0E-6,192.8E-6,224.0E-3,-3.243E-3,-2.595E-3,-1.947E-3,-1.298E-3,222.0E-3,154.4E-6
224.0E-3,37.80E-6,74.98E-6,112.1E-6,186.3E-6,226.0E-3,-3.159E-3,-2.528E-3,-1.897E-3,-1.265E-3,224.0E-3,149.2E-6
226.0E-3,36.53E-6,72.45E-6,108.3E-6,180.0E-6,228.0E-3,-3.077E-3,-2.462E-3,-1.847E-3,-1.232E-3,226.0E-3,144.2E-6
228.0E-3,35.29E-6,69.98E-6,104.6E-6,173.9E-6,230.0E-3,-2.995E-3,-2.397E-3,-1.798E-3,-1.200E-3,228.0E-3,139.2E-6
230.0E-3,34.09E-6,67.58E-6,101.0E-6,167.9E-6,232.0E-3,-2.915E-3,-2.333E-3,-1.750E-3,-1.168E-3,230.0E-3,134.5E-6
232.0E-3,32.92E-6,65.25E-6,97.53E-6,162.0E-6,234.0E-3,-2.836E-3,-2.269E-3,-1.703E-3,-1.136E-3,232.0E-3,129.8E-6
234.0E-3,31.78E-6,62.98E-6,94.12E-6,156.4E-6,236.0E-3,-2.758E-3,-2.207E-3,-1.656E-3,-1.105E-3,234.0E-3,125.2E-6
236.0E-3,30.67E-6,60.77E-6,90.81E-6,150.9E-6,238.0E-3,-2.681E-3,-2.146E-3,-1.610E-3,-1.074E-3,236.0E-3,120.8E-6
238.0E-3,29.60E-6,58.62E-6,87.59E-6,145.5E-6,240.0E-3,-2.605E-3,-2.085E-3,-1.565E-3,-1.044E-3,238.0E-3,116.5E-6
240.0E-3,28.55E-6,56.53E-6,84.46E-6,140.3E-6,242.0E-3,-2.531E-3,-2.026E-3,-1.520E-3,-1.014E-3,240.0E-3,112.4E-6
242.0E-3,27.53E-6,54.50E-6,81.42E-6,135.2E-6,244.0E-3,-2.458E-3,-1.967E-3,-1.476E-3,-985.2E-6,242.0E-3,108.3E-6
244.0E-3,26.54E-6,52.53E-6,78.47E-6,130.3E-6,246.0E-3,-2.386E-3,-1.910E-3,-1.433E-3,-956.5E-6,244.0E-3,104.4E-6
246.0E-3,25.58E-6,50.62E-6,75.60E-6,125.5E-6,248.0E-3,-2.315E-3,-1.853E-3,-1.391E-3,-928.4E-6,246.0E-3,100.6E-6
248.0E-3,24.65E-6,48.76E-6,72.82E-6,120.9E-6,250.0E-3,-2.246E-3,-1.798E-3,-1.349E-3,-900.7E-6,248.0E-3,96.86E-6
250.0E-3,23.75E-6,46.96E-6,70.12E-6,116.4E-6,252.0E-3,-2.178E-3,-1.743E-3,-1.309E-3,-873.6E-6,250.0E-3,93.27E-6
252.0E-3,22.87E-6,45.21E-6,67.51E-6,112.1E-6,254.0E-3,-2.111E-3,-1.690E-3,-1.269E-3,-847.0E-6,252.0E-3,89.78E-6
254.0E-3,22.02E-6,43.52E-6,64.97E-6,107.8E-6,256.0E-3,-2.046E-3,-1.638E-3,-1.229E-3,-820.9E-6,254.0E-3,86.40E-6
256.0E-3,21.19E-6,41.88E-6,62.51E-6,103.7E-6,258.0E-3,-1.982E-3,-1.586E-3,-1.191E-3,-795.3E-6,256.0E-3,83.13E-6
258.0E-3,20.39E-6,40.29E-6,60.13E-6,99.77E-6,260.0E-3,-1.919E-3,-1.536E-3,-1.153E-3,-770.3E-6,258.0E-3,79.95E-6
260.0E-3,19.62E-6,38.75E-6,57.82E-6,95.94E-6,262.0E-3,-1.858E-3,-1.487E-3,-1.117E-3,-745.8E-6,260.0E-3,76.88E-6
262.0E-3,18.87E-6,37.25E-6,55.59E-6,92.22E-6,264.0E-3,-1.798E-3,-1.439E-3,-1.081E-3,-721.9E-6,262.0E-3,73.91E-6
264.0E-3,18.14E-6,35.81E-6,53.43E-6,88.63E-6,266.0E-3,-1.739E-3,-1.392E-3,-1.045E-3,-698.5E-6,264.0E-3,71.03E-6
266.0E-3,17.44E-6,34.41E-6,51.34E-6,85.15E-6,268.0E-3,-1.682E-3,-1.346E-3,-1.011E-3,-675.6E-6,266.0E-3,68.24E-6
268.0E-3,16.76E-6,33.06E-6,49.31E-6,81.79E-6,270.0E-3,-1.626E-3,-1.302E-3,-977.6E-6,-653.3E-6,268.0E-3,65.55E-6
270.0E-3,16.10E-6,31.76E-6,47.36E-6,78.53E-6,272.0E-3,-1.571E-3,-1.258E-3,-944.8E-6,-631.4E-6,270.0E-3,62.95E-6
272.0E-3,15.47E-6,30.49E-6,45.47E-6,75.39E-6,274.0E-3,-1.518E-3,-1.215E-3,-912.8E-6,-610.2E-6,272.0E-3,60.43E-6
274.0E-3,14.85E-6,29.27E-6,43.64E-6,72.36E-6,276.0E-3,-1.466E-3,-1.174E-3,-881.7E-6,-589.4E-6,274.0E-3,58.00E-6
276.0E-3,14.26E-6,28.09E-6,41.88E-6,69.43E-6,278.0E-3,-1.415E-3,-1.133E-3,-851.3E-6,-569.2E-6,276.0E-3,55.65E-6
278.0E-3,13.69E-6,26.96E-6,40.18E-6,66.60E-6,280.0E-3,-1.366E-3,-1.094E-3,-821.7E-6,-549.5E-6,278.0E-3,53.39E-6
280.0E-3,13.13E-6,25.86E-6,38.53E-6,63.86E-6,282.0E-3,-1.318E-3,-1.055E-3,-792.9E-6,-530.3E-6,280.0E-3,51.20E-6
282.0E-3,12.60E-6,24.80E-6,36.95E-6,61.23E-6,284.0E-3,-1.271E-3,-1.018E-3,-764.9E-6,-511.6E-6,282.0E-3,49.09E-6
284.0E-3,12.08E-6,23.77E-6,35.42E-6,58.69E-6,286.0E-3,-1.225E-3,-981.6E-6,-737.6E-6,-493.4E-6,284.0E-3,47.05E-6
286.0E-3,11.58E-6,22.79E-6,33.94E-6,56.24E-6,288.0E-3,-1.181E-3,-946.2E-6,-711.1E-6,-475.8E-6,286.0E-3,45.09E-6
288.0E-3,11.10E-6,21.83E-6,32.52E-6,53.87E-6,290.0E-3,-1.138E-3,-911.8E-6,-685.3E-6,-458.6E-6,288.0E-3,43.20E-6
290.0E-3,10.64E-6,20.92E-6,31.15E-6,51.60E-6,292.0E-3,-1.097E-3,-878.4E-6,-660.3E-6,-441.9E-6,290.0E-3,41.37E-6
292.0E-3,10.19E-6,20.03E-6,29.83E-6,49.40E-6,294.0E-3,-1.056E-3,-846.0E-6,-635.9E-6,-425.7E-6,292.0E-3,39.62E-6
294.0E-3,9.763E-6,19.18E-6,28.56E-6,47.29E-6,296.0E-3,-1.017E-3,-814.5E-6,-612.3E-6,-409.9E-6,294.0E-3,37.93E-6
296.0E-3,9.349E-6,18.36E-6,27.33E-6,45.26E-6,298.0E-3,-978.5E-6,-784.0E-6,-589.4E-6,-394.7E-6,296.0E-3,36.30E-6
298.0E-3,8.950E-6,17.57E-6,26.15E-6,43.30E-6,300.0E-3,-941.5E-6,-754.4E-6,-567.2E-6,-379.8E-6,298.0E-3,34.73E-6
300.0E-3,8.566E-6,16.81E-6,25.02E-6,41.42E-6,302.0E-3,-905.6E-6,-725.6E-6,-545.6E-6,-365.5E-6,300.0E-3,33.22E-6
302.0E-3,8.196E-6,16.08E-6,23.93E-6,39.61E-6,304.0E-3,-870.8E-6,-697.8E-6,-524.7E-6,-351.5E-6,302.0E-3,31.77E-6
304.0E-3,7.841E-6,15.38E-6,22.88E-6,37.87E-6,306.0E-3,-837.1E-6,-670.9E-6,-504.5E-6,-338.0E-6,304.0E-3,30.37E-6
306.0E-3,7.499E-6,14.70E-6,21.87E-6,36.19E-6,308.0E-3,-804.5E-6,-644.8E-6,-484.9E-6,-325.0E-6,306.0E-3,29.03E-6
308.0E-3,7.169E-6,14.05E-6,20.90E-6,34.58E-6,310.0E-3,-772.9E-6,-619.5E-6,-466.0E-6,-312.3E-6,308.0E-3,27.74E-6
310.0E-3,6.853E-6,13.43E-6,19.97E-6,33.04E-6,312.0E-3,-742.4E-6,-595.0E-6,-447.6E-6,-300.1E-6,310.0E-3,26.50E-6
312.0E-3,6.549E-6,12.83E-6,19.07E-6,31.55E-6,314.0E-3,-712.9E-6,-571.4E-6,-429.9E-6,-288.2E-6,312.0E-3,25.31E-6
314.0E-3,6.257E-6,12.25E-6,18.21E-6,30.13E-6,316.0E-3,-684.3E-6,-548.5E-6,-412.7E-6,-276.7E-6,314.0E-3,24.17E-6
316.0E-3,5.976E-6,11.70E-6,17.39E-6,28.76E-6,318.0E-3,-656.7E-6,-526.4E-6,-396.1E-6,-265.7E-6,316.0E-3,23.07E-6
318.0E-3,5.707E-6,11.17E-6,16.60E-6,27.44E-6,320.0E-3,-630.0E-6,-505.0E-6,-380.1E-6,-255.0E-6,318.0E-3,22.02E-6
320.0E-3,5.448E-6,10.66E-6,15.84E-6,26.18E-6,322.0E-3,-604.2E-6,-484.4E-6,-364.6E-6,-244.6E-6,320.0E-3,21.01E-6
322.0E-3,5.200E-6,10.17E-6,15.11E-6,24.98E-6,324.0E-3,-579.4E-6,-464.5E-6,-349.6E-6,-234.6E-6,322.0E-3,20.04E-6
324.0E-3,4.961E-6,9.699E-6,14.41E-6,23.82E-6,326.0E-3,-555.4E-6,-445.3E-6,-335.2E-6,-225.0E-6,324.0E-3,19.11E-6
326.0E-3,4.733E-6,9.249E-6,13.74E-6,22.71E-6,328.0E-3,-532.2E-6,-426.7E-6,-321.2E-6,-215.7E-6,326.0E-3,18.22E-6
328.0E-3,4.514E-6,8.817E-6,13.09E-6,21.64E-6,330.0E-3,-509.8E-6,-408.8E-6,-307.8E-6,-206.7E-6,328.0E-3,17.37E-6
330.0E-3,4.303E-6,8.404E-6,12.48E-6,20.62E-6,332.0E-3,-488.3E-6,-391.6E-6,-294.8E-6,-198.0E-6,330.0E-3,16.55E-6
332.0E-3,4.102E-6,8.008E-6,11.89E-6,19.65E-6,334.0E-3,-467.5E-6,-375.0E-6,-282.3E-6,-189.6E-6,332.0E-3,15.77E-6
334.0E-3,3.909E-6,7.629E-6,11.32E-6,18.71E-6,336.0E-3,-447.5E-6,-358.9E-6,-270.3E-6,-181.6E-6,334.0E-3,15.02E-6
336.0E-3,3.724E-6,7.266E-6,10.78E-6,17.81E-6,338.0E-3,-428.3E-6,-343.5E-6,-258.7E-6,-173.8E-6,336.0E-3,14.30E-6
338.0E-3,3.547E-6,6.918E-6,10.27E-6,16.96E-6,340.0E-3,-409.7E-6,-328.6E-6,-247.5E-6,-166.4E-6,338.0E-3,13.61E-6
340.0E-3,3.378E-6,6.585E-6,9.771E-6,16.14E-6,342.0E-3,-391.8E-6,-314.3E-6,-236.8E-6,-159.1E-6,340.0E-3,12.96E-6
342.0E-3,3.215E-6,6.267E-6,9.298E-6,15.36E-6,344.0E-3,-374.7E-6,-300.5E-6,-226.4E-6,-152.2E-6,342.0E-3,12.33E-6
344.0E-3,3.060E-6,5.962E-6,8.845E-6,14.61E-6,346.0E-3,-358.1E-6,-287.3E-6,-216.5E-6,-145.5E-6,344.0E-3,11.73E-6
346.0E-3,2.912E-6,5.671E-6,8.412E-6,13.89E-6,348.0E-3,-342.2E-6,-274.6E-6,-206.9E-6,-139.1E-6,346.0E-3,11.15E-6
348.0E-3,2.770E-6,5.393E-6,7.998E-6,13.21E-6,350.0E-3,-326.9E-6,-262.3E-6,-197.7E-6,-133.0E-6,348.0E-3,10.60E-6
350.0E-3,2.634E-6,5.127E-6,7.603E-6,12.55E-6,352.0E-3,-312.2E-6,-250.5E-6,-188.8E-6,-127.0E-6,350.0E-3,10.08E-6
352.0E-3,2.504E-6,4.873E-6,7.226E-6,11.93E-6,354.0E-3,-298.1E-6,-239.2E-6,-180.3E-6,-121.3E-6,352.0E-3,9.577E-6
354.0E-3,2.380E-6,4.630E-6,6.865E-6,11.33E-6,356.0E-3,-284.5E-6,-228.3E-6,-172.1E-6,-115.8E-6,354.0E-3,9.098E-6
356.0E-3,2.262E-6,4.399E-6,6.521E-6,10.76E-6,358.0E-3,-271.5E-6,-217.9E-6,-164.3E-6,-110.6E-6,356.0E-3,8.641E-6
358.0E-3,2.149E-6,4.178E-6,6.192E-6,10.22E-6,360.0E-3,-259.0E-6,-207.9E-6,-156.7E-6,-105.5E-6,358.0E-3,8.206E-6
360.0E-3,2.041E-6,3.967E-6,5.879E-6,9.701E-6,362.0E-3,-247.0E-6,-198.3E-6,-149.5E-6,-100.7E-6,360.0E-3,7.790E-6
362.0E-3,1.938E-6,3.765E-6,5.580E-6,9.206E-6,364.0E-3,-235.5E-6,-189.0E-6,-142.5E-6,-96.00E-6,362.0E-3,7.393E-6
364.0E-3,1.839E-6,3.573E-6,5.295E-6,8.735E-6,366.0E-3,-224.5E-6,-180.2E-6,-135.9E-6,-91.53E-6,364.0E-3,7.015E-6
366.0E-3,1.745E-6,3.390E-6,5.023E-6,8.286E-6,368.0E-3,-213.9E-6,-171.7E-6,-129.5E-6,-87.25E-6,366.0E-3,6.655E-6
368.0E-3,1.656E-6,3.216E-6,4.764E-6,7.859E-6,370.0E-3,-203.8E-6,-163.6E-6,-123.4E-6,-83.14E-6,368.0E-3,6.311E-6
370.0E-3,1.571E-6,3.050E-6,4.517E-6,7.451E-6,372.0E-3,-194.1E-6,-155.8E-6,-117.5E-6,-79.20E-6,370.0E-3,5.984E-6
372.0E-3,1.490E-6,2.891E-6,4.282E-6,7.063E-6,374.0E-3,-184.8E-6,-148.3E-6,-111.9E-6,-75.42E-6,372.0E-3,5.673E-6
374.0E-3,1.412E-6,2.740E-6,4.058E-6,6.693E-6,376.0E-3,-175.9E-6,-141.2E-6,-106.5E-6,-71.81E-6,374.0E-3,5.376E-6
376.0E-3,1.338E-6,2.597E-6,3.845E-6,6.342E-6,378.0E-3,-167.3E-6,-134.4E-6,-101.4E-6,-68.35E-6,376.0E-3,5.094E-6
378.0E-3,1.268E-6,2.460E-6,3.643E-6,6.007E-6,380.0E-3,-159.2E-6,-127.8E-6,-96.43E-6,-65.03E-6,378.0E-3,4.825E-6
380.0E-3,1.201E-6,2.330E-6,3.450E-6,5.689E-6,382.0E-3,-151.4E-6,-121.6E-6,-91.72E-6,-61.86E-6,380.0E-3,4.569E-6
382.0E-3,1.138E-6,2.206E-6,3.266E-6,5.386E-6,384.0E-3,-143.9E-6,-115.6E-6,-87.21E-6,-58.83E-6,382.0E-3,4.326E-6
384.0E-3,1.077E-6,2.089E-6,3.092E-6,5.098E-6,386.0E-3,-136.8E-6,-109.8E-6,-82.90E-6,-55.93E-6,384.0E-3,4.095E-6
386.0E-3,1.020E-6,1.977E-6,2.926E-6,4.824E-6,388.0E-3,-130.0E-6,-104.4E-6,-78.78E-6,-53.16E-6,386.0E-3,3.875E-6
388.0E-3,965.2E-9,1.870E-6,2.769E-6,4.564E-6,390.0E-3,-123.5E-6,-99.16E-6,-74.84E-6,-50.51E-6,388.0E-3,3.667E-6
390.0E-3,913.2E-9,1.769E-6,2.619E-6,4.318E-6,392.0E-3,-117.3E-6,-94.17E-6,-71.08E-6,-47.98E-6,390.0E-3,3.468E-6
392.0E-3,863.8E-9,1.673E-6,2.477E-6,4.083E-6,394.0E-3,-111.3E-6,-89.41E-6,-67.49E-6,-45.56E-6,392.0E-3,3.280E-6
394.0E-3,816.9E-9,1.582E-6,2.342E-6,3.860E-6,396.0E-3,-105.7E-6,-84.87E-6,-64.06E-6,-43.25E-6,394.0E-3,3.101E-6
396.0E-3,772.4E-9,1.496E-6,2.214E-6,3.649E-6,398.0E-3,-100.3E-6,-80.53E-6,-60.79E-6,-41.05E-6,396.0E-3,2.931E-6
398.0E-3,730.1E-9,1.414E-6,2.092E-6,3.449E-6,400.0E-3,-95.11E-6,-76.39E-6,-57.68E-6,-38.95E-6,398.0E-3,2.770E-6
400.0E-3,689.9E-9,1.336E-6,1.977E-6,3.258E-6,402.0E-3,-90.20E-6,-72.45E-6,-54.70E-6,-36.94E-6,400.0E-3,2.618E-6
402.0E-3,651.8E-9,1.262E-6,1.867E-6,3.078E-6,404.0E-3,-85.52E-6,-68.69E-6,-51.87E-6,-35.03E-6,402.0E-3,2.473E-6
404.0E-3,615.7E-9,1.192E-6,1.764E-6,2.907E-6,406.0E-3,-81.06E-6,-65.11E-6,-49.17E-6,-33.21E-6,404.0E-3,2.335E-6
406.0E-3,581.4E-9,1.125E-6,1.665E-6,2.745E-6,408.0E-3,-76.81E-6,-61.70E-6,-46.60E-6,-31.48E-6,406.0E-3,2.205E-6
408.0E-3,549.0E-9,1.062E-6,1.572E-6,2.591E-6,410.0E-3,-72.77E-6,-58.46E-6,-44.15E-6,-29.83E-6,408.0E-3,2.082E-6
410.0E-3,518.2E-9,1.003E-6,1.484E-6,2.446E-6,412.0E-3,-68.92E-6,-55.37E-6,-41.81E-6,-28.25E-6,410.0E-3,1.965E-6
412.0E-3,489.0E-9,946.3E-9,1.400E-6,2.308E-6,414.0E-3,-65.26E-6,-52.43E-6,-39.59E-6,-26.76E-6,412.0E-3,1.854E-6
414.0E-3,461.4E-9,892.7E-9,1.321E-6,2.177E-6,416.0E-3,-61.77E-6,-49.63E-6,-37.48E-6,-25.33E-6,414.0E-3,1.749E-6
416.0E-3,435.2E-9,842.1E-9,1.246E-6,2.054E-6,418.0E-3,-58.46E-6,-46.97E-6,-35.47E-6,-23.98E-6,416.0E-3,1.650E-6
418.0E-3,410.4E-9,794.1E-9,1.175E-6,1.937E-6,420.0E-3,-55.31E-6,-44.44E-6,-33.57E-6,-22.69E-6,418.0E-3,1.556E-6
420.0E-3,387.0E-9,748.8E-9,1.108E-6,1.826E-6,422.0E-3,-52.32E-6,-42.04E-6,-31.75E-6,-21.46E-6,420.0E-3,1.467E-6
422.0E-3,364.8E-9,705.8E-9,1.044E-6,1.722E-6,424.0E-3,-49.48E-6,-39.75E-6,-30.03E-6,-20.30E-6,422.0E-3,1.383E-6
424.0E-3,343.8E-9,665.2E-9,984.4E-9,1.623E-6,426.0E-3,-46.78E-6,-37.58E-6,-28.39E-6,-19.19E-6,424.0E-3,1.304E-6
426.0E-3,324.0E-9,626.9E-9,927.6E-9,1.529E-6,428.0E-3,-44.22E-6,-35.53E-6,-26.84E-6,-18.14E-6,426.0E-3,1.228E-6
428.0E-3,305.2E-9,590.6E-9,874.0E-9,1.441E-6,430.0E-3,-41.78E-6,-33.57E-6,-25.36E-6,-17.15E-6,428.0E-3,1.157E-6
430.0E-3,287.5E-9,556.3E-9,823.3E-9,1.357E-6,432.0E-3,-39.47E-6,-31.72E-6,-23.96E-6,-16.20E-6,430.0E-3,1.090E-6
432.0E-3,270.8E-9,523.9E-9,775.3E-9,1.278E-6,434.0E-3,-37.29E-6,-29.96E-6,-22.63E-6,-15.30E-6,432.0E-3,1.027E-6
434.0E-3,254.9E-9,493.3E-9,730.1E-9,1.203E-6,436.0E-3,-35.21E-6,-28.29E-6,-21.37E-6,-14.45E-6,434.0E-3,966.8E-9
436.0E-3,240.0E-9,464.4E-9,687.3E-9,1.133E-6,438.0E-3,-33.24E-6,-26.71E-6,-20.18E-6,-13.64E-6,436.0E-3,910.2E-9
438.0E-3,225.9E-9,437.1E-9,647.0E-9,1.067E-6,440.0E-3,-31.38E-6,-25.21E-6,-19.05E-6,-12.88E-6,438.0E-3,856.8E-9
440.0E-3,212.5E-9,411.3E-9,608.9E-9,1.004E-6,442.0E-3,-29.61E-6,-23.79E-6,-17.97E-6,-12.15E-6,440.0E-3,806.4E-9
442.0E-3,200.0E-9,387.0E-9,572.9E-9,944.6E-9,444.0E-3,-27.94E-6,-22.45E-6,-16.96E-6,-11.47E-6,442.0E-3,758.8E-9
444.0E-3,188.1E-9,364.1E-9,539.0E-9,888.7E-9,446.0E-3,-26.35E-6,-21.17E-6,-16.00E-6,-10.82E-6,444.0E-3,713.9E-9
446.0E-3,176.9E-9,342.5E-9,507.0E-9,836.0E-9,448.0E-3,-24.85E-6,-19.97E-6,-15.09E-6,-10.20E-6,446.0E-3,671.5E-9
448.0E-3,166.4E-9,322.1E-9,476.9E-9,786.3E-9,450.0E-3,-23.43E-6,-18.83E-6,-14.22E-6,-9.618E-6,448.0E-3,631.6E-9
450.0E-3,156.4E-9,302.8E-9,448.4E-9,739.5E-9,452.0E-3,-22.09E-6,-17.75E-6,-13.41E-6,-9.066E-6,450.0E-3,593.9E-9
452.0E-3,147.0E-9,284.7E-9,421.6E-9,695.3E-9,454.0E-3,-20.82E-6,-16.73E-6,-12.64E-6,-8.545E-6,452.0E-3,558.4E-9
454.0E-3,138.2E-9,267.6E-9,396.3E-9,653.6E-9,456.0E-3,-19.62E-6,-15.76E-6,-11.91E-6,-8.052E-6,454.0E-3,525.0E-9
456.0E-3,129.8E-9,251.5E-9,372.5E-9,614.4E-9,458.0E-3,-18.48E-6,-14.85E-6,-11.22E-6,-7.585E-6,456.0E-3,493.5E-9
458.0E-3,122.0E-9,236.3E-9,350.1E-9,577.4E-9,460.0E-3,-17.41E-6,-13.99E-6,-10.57E-6,-7.145E-6,458.0E-3,463.7E-9
460.0E-3,114.6E-9,222.1E-9,328.9E-9,542.6E-9,462.0E-3,-16.40E-6,-13.18E-6,-9.952E-6,-6.728E-6,460.0E-3,435.8E-9
462.0E-3,107.6E-9,208.6E-9,309.0E-9,509.8E-9,464.0E-3,-15.44E-6,-12.41E-6,-9.370E-6,-6.335E-6,462.0E-3,409.4E-9
464.0E-3,101.1E-9,195.9E-9,290.3E-9,478.9E-9,466.0E-3,-14.54E-6,-11.68E-6,-8.821E-6,-5.963E-6,464.0E-3,384.6E-9
466.0E-3,94.91E-9,184.0E-9,272.6E-9,449.9E-9,468.0E-3,-13.68E-6,-10.99E-6,-8.303E-6,-5.612E-6,466.0E-3,361.2E-9
468.0E-3,89.11E-9,172.8E-9,256.0E-9,422.5E-9,470.0E-3,-12.88E-6,-10.34E-6,-7.813E-6,-5.281E-6,468.0E-3,339.3E-9
470.0E-3,83.64E-9,162.2E-9,240.4E-9,396.7E-9,472.0E-3,-12.12E-6,-9.734E-6,-7.351E-6,-4.969E-6,470.0E-3,318.6E-9
472.0E-3,78.50E-9,152.3E-9,225.7E-9,372.5E-9,474.0E-3,-11.40E-6,-9.157E-6,-6.916E-6,-4.674E-6,472.0E-3,299.1E-9
474.0E-3,73.67E-9,142.9E-9,211.9E-9,349.7E-9,476.0E-3,-10.72E-6,-8.613E-6,-6.505E-6,-4.396E-6,474.0E-3,280.8E-9
476.0E-3,69.12E-9,134.1E-9,198.9E-9,328.3E-9,478.0E-3,-10.08E-6,-8.100E-6,-6.117E-6,-4.133E-6,476.0E-3,263.6E-9
478.0E-3,64.85E-9,125.9E-9,186.6E-9,308.1E-9,480.0E-3,-9.481E-6,-7.616E-6,-5.751E-6,-3.886E-6,478.0E-3,247.4E-9
480.0E-3,60.83E-9,118.1E-9,175.1E-9,289.1E-9,482.0E-3,-8.914E-6,-7.160E-6,-5.407E-6,-3.653E-6,480.0E-3,232.1E-9
482.0E-3,57.05E-9,110.8E-9,164.3E-9,271.3E-9,484.0E-3,-8.379E-6,-6.731E-6,-5.082E-6,-3.433E-6,482.0E-3,217.8E-9
484.0E-3,53.50E-9,103.9E-9,154.1E-9,254.6E-9,486.0E-3,-7.875E-6,-6.326E-6,-4.776E-6,-3.227E-6,484.0E-3,204.4E-9
486.0E-3,50.17E-9,97.47E-9,144.6E-9,238.8E-9,488.0E-3,-7.401E-6,-5.944E-6,-4.488E-6,-3.032E-6,486.0E-3,191.7E-9
488.0E-3,47.04E-9,91.41E-9,135.6E-9,224.0E-9,490.0E-3,-6.953E-6,-5.585E-6,-4.217E-6,-2.848E-6,488.0E-3,179.8E-9
490.0E-3,44.09E-9,85.71E-9,127.2E-9,210.1E-9,492.0E-3,-6.533E-6,-5.247E-6,-3.961E-6,-2.675E-6,490.0E-3,168.6E-9
492.0E-3,41.33E-9,80.36E-9,119.3E-9,197.0E-9,494.0E-3,-6.136E-6,-4.928E-6,-3.720E-6,-2.512E-6,492.0E-3,158.1E-9
494.0E-3,38.73E-9,75.34E-9,111.8E-9,184.8E-9,496.0E-3,-5.763E-6,-4.629E-6,-3.494E-6,-2.359E-6,494.0E-3,148.3E-9
496.0E-3,36.30E-9,70.62E-9,104.8E-9,173.2E-9,498.0E-3,-5.412E-6,-4.346E-6,-3.281E-6,-2.215E-6,496.0E-3,139.0E-9
498.0E-3,34.01E-9,66.19E-9,98.27E-9,162.4E-9,500.0E-3,-5.082E-6,-4.081E-6,-3.080E-6,-2.079E-6,498.0E-3,130.3E-9
500.0E-3,31.87E-9,62.03E-9,92.11E-9,152.2E-9,502.0E-3,-4.771E-6,-3.831E-6,-2.891E-6,-1.952E-6,500.0E-3,122.2E-9
502.0E-3,29.85E-9,58.13E-9,86.33E-9,142.7E-9,504.0E-3,-4.478E-6,-3.596E-6,-2.714E-6,-1.832E-6,502.0E-3,114.5E-9
504.0E-3,27.96E-9,54.47E-9,80.90E-9,133.7E-9,506.0E-3,-4.203E-6,-3.375E-6,-2.547E-6,-1.719E-6,504.0E-3,107.3E-9
506.0E-3,26.19E-9,51.03E-9,75.81E-9,125.3E-9,508.0E-3,-3.945E-6,-3.167E-6,-2.390E-6,-1.613E-6,506.0E-3,100.6E-9
508.0E-3,24.53E-9,47.80E-9,71.03E-9,117.5E-9,510.0E-3,-3.701E-6,-2.972E-6,-2.243E-6,-1.513E-6,508.0E-3,94.24E-9
510.0E-3,22.97E-9,44.78E-9,66.54E-9,110.0E-9,512.0E-3,-3.473E-6,-2.788E-6,-2.104E-6,-1.419E-6,510.0E-3,88.30E-9
512.0E-3,21.50E-9,41.94E-9,62.33E-9,103.1E-9,514.0E-3,-3.258E-6,-2.616E-6,-1.973E-6,-1.331E-6,512.0E-3,82.72E-9
514.0E-3,20.13E-9,39.28E-9,58.39E-9,96.59E-9,516.0E-3,-3.056E-6,-2.454E-6,-1.851E-6,-1.248E-6,514.0E-3,77.49E-9
516.0E-3,18.85E-9,36.78E-9,54.68E-9,90.48E-9,518.0E-3,-2.866E-6,-2.301E-6,-1.736E-6,-1.170E-6,516.0E-3,72.58E-9
518.0E-3,17.64E-9,34.44E-9,51.21E-9,84.74E-9,520.0E-3,-2.688E-6,-2.158E-6,-1.628E-6,-1.097E-6,518.0E-3,67.98E-9
520.0E-3,16.51E-9,32.25E-9,47.96E-9,79.37E-9,522.0E-3,-2.521E-6,-2.023E-6,-1.526E-6,-1.029E-6,520.0E-3,63.66E-9
522.0E-3,15.45E-9,30.19E-9,44.90E-9,74.33E-9,524.0E-3,-2.364E-6,-1.897E-6,-1.431E-6,-964.3E-9,522.0E-3,59.62E-9
524.0E-3,14.46E-9,28.26E-9,42.04E-9,69.60E-9,526.0E-3,-2.216E-6,-1.779E-6,-1.341E-6,-903.8E-9,524.0E-3,55.82E-9
526.0E-3,13.53E-9,26.45E-9,39.36E-9,65.17E-9,528.0E-3,-2.077E-6,-1.667E-6,-1.257E-6,-847.0E-9,526.0E-3,52.26E-9
528.0E-3,12.66E-9,24.76E-9,36.85E-9,61.01E-9,530.0E-3,-1.947E-6,-1.563E-6,-1.178E-6,-793.8E-9,528.0E-3,48.93E-9
530.0E-3,11.84E-9,23.17E-9,34.49E-9,57.12E-9,532.0E-3,-1.825E-6,-1.465E-6,-1.104E-6,-743.7E-9,530.0E-3,45.80E-9
532.0E-3,11.08E-9,21.68E-9,32.28E-9,53.47E-9,534.0E-3,-1.710E-6,-1.372E-6,-1.035E-6,-696.8E-9,532.0E-3,42.88E-9
534.0E-3,10.36E-9,20.29E-9,30.21E-9,50.05E-9,536.0E-3,-1.603E-6,-1.286E-6,-969.4E-9,-652.8E-9,534.0E-3,40.13E-9
536.0E-3,9.693E-9,18.98E-9,28.27E-9,46.84E-9,538.0E-3,-1.502E-6,-1.205E-6,-908.2E-9,-611.4E-9,536.0E-3,37.56E-9
538.0E-3,9.065E-9,17.76E-9,26.46E-9,43.84E-9,540.0E-3,-1.407E-6,-1.129E-6,-850.8E-9,-572.7E-9,538.0E-3,35.15E-9
540.0E-3,8.477E-9,16.62E-9,24.75E-9,41.03E-9,542.0E-3,-1.318E-6,-1.057E-6,-796.9E-9,-536.3E-9,540.0E-3,32.89E-9
542.0E-3,7.927E-9,15.54E-9,23.16E-9,38.39E-9,544.0E-3,-1.235E-6,-990.5E-9,-746.4E-9,-502.3E-9,542.0E-3,30.78E-9
544.0E-3,7.412E-9,14.54E-9,21.67E-9,35.92E-9,546.0E-3,-1.156E-6,-927.7E-9,-699.1E-9,-470.3E-9,544.0E-3,28.79E-9
546.0E-3,6.929E-9,13.60E-9,20.27E-9,33.61E-9,548.0E-3,-1.083E-6,-868.8E-9,-654.6E-9,-440.3E-9,546.0E-3,26.94E-9
548.0E-3,6.478E-9,12.72E-9,18.96E-9,31.44E-9,550.0E-3,-1.014E-6,-813.6E-9,-613.0E-9,-412.2E-9,548.0E-3,25.20E-9
550.0E-3,6.056E-9,11.89E-9,17.73E-9,29.41E-9,552.0E-3,-949.8E-9,-761.9E-9,-573.9E-9,-385.9E-9,550.0E-3,23.57E-9
552.0E-3,5.660E-9,11.12E-9,16.59E-9,27.51E-9,554.0E-3,-889.3E-9,-713.3E-9,-537.3E-9,-361.2E-9,552.0E-3,22.05E-9
554.0E-3,5.291E-9,10.40E-9,15.51E-9,25.74E-9,556.0E-3,-832.6E-9,-667.8E-9,-503.0E-9,-338.1E-9,554.0E-3,20.62E-9
556.0E-3,4.944E-9,9.722E-9,14.51E-9,24.07E-9,558.0E-3,-779.5E-9,-625.2E-9,-470.8E-9,-316.4E-9,556.0E-3,19.29E-9
558.0E-3,4.621E-9,9.089E-9,13.56E-9,22.51E-9,560.0E-3,-729.7E-9,-585.2E-9,-440.7E-9,-296.1E-9,558.0E-3,18.04E-9
560.0E-3,4.318E-9,8.497E-9,12.68E-9,21.05E-9,562.0E-3,-683.1E-9,-547.8E-9,-412.5E-9,-277.1E-9,560.0E-3,16.87E-9
562.0E-3,4.035E-9,7.942E-9,11.86E-9,19.69E-9,564.0E-3,-639.4E-9,-512.7E-9,-386.0E-9,-259.3E-9,562.0E-3,15.77E-9
564.0E-3,3.770E-9,7.424E-9,11.09E-9,18.41E-9,566.0E-3,-598.4E-9,-479.8E-9,-361.2E-9,-242.6E-9,564.0E-3,14.75E-9
566.0E-3,3.522E-9,6.939E-9,10.36E-9,17.21E-9,568.0E-3,-560.0E-9,-449.0E-9,-338.0E-9,-226.9E-9,566.0E-3,13.79E-9
568.0E-3,3.290E-9,6.485E-9,9.688E-9,16.09E-9,570.0E-3,-524.1E-9,-420.2E-9,-316.3E-9,-212.3E-9,568.0E-3,12.89E-9
570.0E-3,3.073E-9,6.060E-9,9.055E-9,15.04E-9,572.0E-3,-490.4E-9,-393.1E-9,-295.9E-9,-198.6E-9,570.0E-3,12.05E-9
572.0E-3,2.871E-9,5.663E-9,8.463E-9,14.06E-9,574.0E-3,-458.8E-9,-367.8E-9,-276.8E-9,-185.7E-9,572.0E-3,11.26E-9
574.0E-3,2.681E-9,5.292E-9,7.910E-9,13.14E-9,576.0E-3,-429.3E-9,-344.1E-9,-258.9E-9,-173.7E-9,574.0E-3,10.53E-9
576.0E-3,2.504E-9,4.944E-9,7.392E-9,12.28E-9,578.0E-3,-401.6E-9,-321.9E-9,-242.2E-9,-162.5E-9,576.0E-3,9.838E-9
578.0E-3,2.339E-9,4.619E-9,6.907E-9,11.48E-9,580.0E-3,-375.7E-9,-301.1E-9,-226.5E-9,-151.9E-9,578.0E-3,9.195E-9
580.0E-3,2.184E-9,4.315E-9,6.454E-9,10.73E-9,582.0E-3,-351.4E-9,-281.7E-9,-211.9E-9,-142.1E-9,580.0E-3,8.592E-9
582.0E-3,2.039E-9,4.031E-9,6.031E-9,10.03E-9,584.0E-3,-328.7E-9,-263.4E-9,-198.2E-9,-132.8E-9,582.0E-3,8.029E-9
584.0E-3,1.904E-9,3.765E-9,5.634E-9,9.370E-9,586.0E-3,-307.4E-9,-246.4E-9,-185.3E-9,-124.2E-9,584.0E-3,7.502E-9
586.0E-3,1.778E-9,3.517E-9,5.264E-9,8.755E-9,588.0E-3,-287.5E-9,-230.4E-9,-173.3E-9,-116.1E-9,586.0E-3,7.009E-9
588.0E-3,1.660E-9,3.285E-9,4.917E-9,8.180E-9,590.0E-3,-268.9E-9,-215.5E-9,-162.0E-9,-108.6E-9,588.0E-3,6.548E-9
590.0E-3,1.549E-9,3.068E-9,4.593E-9,7.642E-9,592.0E-3,-251.5E-9,-201.5E-9,-151.5E-9,-101.5E-9,590.0E-3,6.118E-9
592.0E-3,1.446E-9,2.865E-9,4.290E-9,7.139E-9,594.0E-3,-235.1E-9,-188.4E-9,-141.6E-9,-94.85E-9,592.0E-3,5.715E-9
594.0E-3,1.350E-9,2.675E-9,4.007E-9,6.669E-9,596.0E-3,-219.9E-9,-176.1E-9,-132.4E-9,-88.66E-9,594.0E-3,5.338E-9
596.0E-3,1.260E-9,2.498E-9,3.742E-9,6.229E-9,598.0E-3,-205.6E-9,-164.7E-9,-123.8E-9,-82.86E-9,596.0E-3,4.986E-9
598.0E-3,1.176E-9,2.332E-9,3.494E-9,5.818E-9,600.0E-3,-192.2E-9,-153.9E-9,-115.7E-9,-77.44E-9,598.0E-3,4.656E-9
600.0E-3,1.097E-9,2.177E-9,3.263E-9,5.433E-9,602.0E-3,-179.7E-9,-143.9E-9,-108.1E-9,-72.37E-9,600.0E-3,4.348E-9
602.0E-3,1.024E-9,2.032E-9,3.047E-9,5.074E-9,604.0E-3,-168.0E-9,-134.5E-9,-101.1E-9,-67.63E-9,602.0E-3,4.060E-9
604.0E-3,955.1E-12,1.897E-9,2.845E-9,4.738E-9,606.0E-3,-157.0E-9,-125.7E-9,-94.47E-9,-63.19E-9,604.0E-3,3.791E-9
606.0E-3,891.1E-12,1.771E-9,2.656E-9,4.424E-9,608.0E-3,-146.7E-9,-117.5E-9,-88.29E-9,-59.04E-9,606.0E-3,3.540E-9
608.0E-3,831.3E-12,1.653E-9,2.479E-9,4.131E-9,610.0E-3,-137.2E-9,-109.8E-9,-82.51E-9,-55.17E-9,608.0E-3,3.305E-9
610.0E-3,775.5E-12,1.542E-9,2.314E-9,3.856E-9,612.0E-3,-128.2E-9,-102.6E-9,-77.10E-9,-51.54E-9,610.0E-3,3.085E-9
612.0E-3,723.3E-12,1.439E-9,2.160E-9,3.600E-9,614.0E-3,-119.8E-9,-95.92E-9,-72.04E-9,-48.15E-9,612.0E-3,2.880E-9
614.0E-3,674.6E-12,1.343E-9,2.016E-9,3.360E-9,616.0E-3,-112.0E-9,-89.64E-9,-67.31E-9,-44.98E-9,614.0E-3,2.688E-9
616.0E-3,629.2E-12,1.253E-9,1.881E-9,3.136E-9,618.0E-3,-104.6E-9,-83.76E-9,-62.89E-9,-42.01E-9,616.0E-3,2.509E-9
618.0E-3,586.7E-12,1.169E-9,1.755E-9,2.927E-9,620.0E-3,-97.76E-9,-78.26E-9,-58.76E-9,-39.24E-9,618.0E-3,2.341E-9
620.0E-3,547.1E-12,1.090E-9,1.638E-9,2.732E-9,622.0E-3,-91.34E-9,-73.12E-9,-54.89E-9,-36.66E-9,620.0E-3,2.185E-9
622.0E-3,510.1E-12,1.017E-9,1.528E-9,2.549E-9,624.0E-3,-85.34E-9,-68.31E-9,-51.28E-9,-34.23E-9,622.0E-3,2.039E-9
624.0E-3,475.5E-12,948.7E-12,1.425E-9,2.378E-9,626.0E-3,-79.73E-9,-63.82E-9,-47.90E-9,-31.97E-9,624.0E-3,1.902E-9
626.0E-3,443.3E-12,884.7E-12,1.330E-9,2.219E-9,628.0E-3,-74.49E-9,-59.62E-9,-44.74E-9,-29.86E-9,626.0E-3,1.774E-9
628.0E-3,413.2E-12,825.0E-12,1.240E-9,2.070E-9,630.0E-3,-69.59E-9,-55.69E-9,-41.79E-9,-27.88E-9,628.0E-3,1.655E-9
630.0E-3,385.1E-12,769.3E-12,1.157E-9,1.931E-9,632.0E-3,-65.01E-9,-52.02E-9,-39.03E-9,-26.04E-9,630.0E-3,1.544E-9
632.0E-3,358.8E-12,717.2E-12,1.079E-9,1.801E-9,634.0E-3,-60.72E-9,-48.59E-9,-36.45E-9,-24.31E-9,632.0E-3,1.440E-9
634.0E-3,334.4E-12,668.6E-12,1.006E-9,1.679E-9,636.0E-3,-56.72E-9,-45.38E-9,-34.05E-9,-22.70E-9,634.0E-3,1.342E-9
636.0E-3,311.5E-12,623.2E-12,937.5E-12,1.566E-9,638.0E-3,-52.98E-9,-42.39E-9,-31.79E-9,-21.19E-9,636.0E-3,1.252E-9
638.0E-3,290.2E-12,580.8E-12,873.9E-12,1.460E-9,640.0E-3,-49.48E-9,-39.59E-9,-29.69E-9,-19.79E-9,638.0E-3,1.167E-9
640.0E-3,270.3E-12,541.2E-12,814.6E-12,1.361E-9,642.0E-3,-46.21E-9,-36.97E-9,-27.73E-9,-18.47E-9,640.0E-3,1.088E-9
642.0E-3,251.7E-12,504.2E-12,759.1E-12,1.268E-9,644.0E-3,-43.16E-9,-34.53E-9,-25.89E-9,-17.25E-9,642.0E-3,1.014E-9
644.0E-3,234.4E-12,469.8E-12,707.3E-12,1.182E-9,646.0E-3,-40.31E-9,-32.24E-9,-24.17E-9,-16.10E-9,644.0E-3,944.8E-12
646.0E-3,218.3E-12,437.6E-12,659.0E-12,1.102E-9,648.0E-3,-37.64E-9,-30.11E-9,-22.57E-9,-15.03E-9,646.0E-3,880.3E-12
648.0E-3,203.2E-12,407.5E-12,613.8E-12,1.026E-9,650.0E-3,-35.15E-9,-28.11E-9,-21.07E-9,-14.03E-9,648.0E-3,820.1E-12
650.0E-3,189.1E-12,379.4E-12,571.7E-12,955.9E-12,652.0E-3,-32.82E-9,-26.25E-9,-19.67E-9,-13.09E-9,650.0E-3,763.8E-12
652.0E-3,176.0E-12,353.2E-12,532.3E-12,890.3E-12,654.0E-3,-30.65E-9,-24.51E-9,-18.37E-9,-12.22E-9,652.0E-3,711.3E-12
654.0E-3,163.7E-12,328.8E-12,495.6E-12,829.0E-12,656.0E-3,-28.62E-9,-22.88E-9,-17.15E-9,-11.41E-9,654.0E-3,662.3E-12
656.0E-3,152.3E-12,306.0E-12,461.3E-12,771.8E-12,658.0E-3,-26.72E-9,-21.37E-9,-16.01E-9,-10.65E-9,656.0E-3,616.6E-12
658.0E-3,141.6E-12,284.7E-12,429.3E-12,718.3E-12,660.0E-3,-24.95E-9,-19.95E-9,-14.94E-9,-9.938E-9,658.0E-3,573.8E-12
660.0E-3,131.7E-12,264.8E-12,399.4E-12,668.4E-12,662.0E-3,-23.30E-9,-18.62E-9,-13.95E-9,-9.275E-9,660.0E-3,533.9E-12
662.0E-3,122.4E-12,246.3E-12,371.5E-12,621.8E-12,664.0E-3,-21.75E-9,-17.39E-9,-13.02E-9,-8.656E-9,662.0E-3,496.7E-12
664.0E-3,113.8E-12,229.0E-12,345.5E-12,578.3E-12,666.0E-3,-20.31E-9,-16.23E-9,-12.16E-9,-8.079E-9,664.0E-3,461.9E-12
666.0E-3,105.7E-12,212.8E-12,321.2E-12,537.7E-12,668.0E-3,-18.96E-9,-15.15E-9,-11.35E-9,-7.540E-9,666.0E-3,429.4E-12
668.0E-3,98.15E-12,197.7E-12,298.5E-12,499.8E-12,670.0E-3,-17.70E-9,-14.15E-9,-10.59E-9,-7.036E-9,668.0E-3,399.1E-12
670.0E-3,91.13E-12,183.6E-12,277.3E-12,464.4E-12,672.0E-3,-16.53E-9,-13.21E-9,-9.888E-9,-6.567E-9,670.0E-3,370.8E-12
672.0E-3,84.58E-12,170.5E-12,257.5E-12,431.3E-12,674.0E-3,-15.43E-9,-12.33E-9,-9.230E-9,-6.128E-9,672.0E-3,344.4E-12
674.0E-3,78.46E-12,158.3E-12,239.0E-12,400.5E-12,676.0E-3,-14.41E-9,-11.51E-9,-8.616E-9,-5.719E-9,674.0E-3,319.8E-12
676.0E-3,72.76E-12,146.8E-12,221.8E-12,371.7E-12,678.0E-3,-13.45E-9,-10.75E-9,-8.043E-9,-5.338E-9,676.0E-3,296.7E-12
678.0E-3,67.44E-12,136.1E-12,205.7E-12,344.8E-12,680.0E-3,-12.56E-9,-10.03E-9,-7.507E-9,-4.980E-9,678.0E-3,275.3E-12
680.0E-3,62.48E-12,126.2E-12,190.7E-12,319.7E-12,682.0E-3,-11.72E-9,-9.364E-9,-7.006E-9,-4.647E-9,680.0E-3,255.2E-12
682.0E-3,57.86E-12,116.9E-12,176.7E-12,296.2E-12,684.0E-3,-10.94E-9,-8.741E-9,-6.539E-9,-4.336E-9,682.0E-3,236.5E-12
684.0E-3,53.54E-12,108.2E-12,163.6E-12,274.3E-12,686.0E-3,-10.21E-9,-8.159E-9,-6.103E-9,-4.046E-9,684.0E-3,219.0E-12
686.0E-3,49.52E-12,100.1E-12,151.4E-12,253.9E-12,688.0E-3,-9.536E-9,-7.616E-9,-5.697E-9,-3.776E-9,686.0E-3,202.7E-12
688.0E-3,45.77E-12,92.57E-12,140.0E-12,234.8E-12,690.0E-3,-8.903E-9,-7.110E-9,-5.318E-9,-3.524E-9,688.0E-3,187.4E-12
690.0E-3,42.26E-12,85.52E-12,129.4E-12,217.0E-12,692.0E-3,-8.312E-9,-6.638E-9,-4.964E-9,-3.289E-9,690.0E-3,173.2E-12
692.0E-3,39.00E-12,78.94E-12,119.4E-12,200.4E-12,694.0E-3,-7.761E-9,-6.198E-9,-4.634E-9,-3.069E-9,692.0E-3,159.9E-12
694.0E-3,35.95E-12,72.80E-12,110.2E-12,184.9E-12,696.0E-3,-7.247E-9,-5.786E-9,-4.326E-9,-2.865E-9,694.0E-3,147.5E-12
696.0E-3,33.11E-12,67.07E-12,101.5E-12,170.4E-12,698.0E-3,-6.767E-9,-5.403E-9,-4.039E-9,-2.674E-9,696.0E-3,136.0E-12
698.0E-3,30.46E-12,61.72E-12,93.45E-12,156.9E-12,700.0E-3,-6.319E-9,-5.045E-9,-3.771E-9,-2.496E-9,698.0E-3,125.2E-12
700.0E-3,27.98E-12,56.73E-12,85.91E-12,144.2E-12,702.0E-3,-5.901E-9,-4.711E-9,-3.521E-9,-2.330E-9,700.0E-3,115.1E-12
702.0E-3,25.68E-12,52.07E-12,78.87E-12,132.4E-12,704.0E-3,-5.510E-9,-4.399E-9,-3.287E-9,-2.175E-9,702.0E-3,105.6E-12
704.0E-3,23.52E-12,47.72E-12,72.29E-12,121.4E-12,706.0E-3,-5.146E-9,-4.107E-9,-3.069E-9,-2.030E-9,704.0E-3,96.85E-12
706.0E-3,21.51E-12,43.66E-12,66.15E-12,111.1E-12,708.0E-3,-4.805E-9,-3.835E-9,-2.865E-9,-1.895E-9,706.0E-3,88.63E-12
708.0E-3,19.64E-12,39.87E-12,60.42E-12,101.5E-12,710.0E-3,-4.487E-9,-3.581E-9,-2.675E-9,-1.768E-9,708.0E-3,80.96E-12
710.0E-3,17.89E-12,36.34E-12,55.07E-12,92.53E-12,712.0E-3,-4.189E-9,-3.343E-9,-2.497E-9,-1.650E-9,710.0E-3,73.80E-12
712.0E-3,16.26E-12,33.04E-12,50.08E-12,84.15E-12,714.0E-3,-3.910E-9,-3.120E-9,-2.330E-9,-1.540E-9,712.0E-3,67.12E-12
714.0E-3,14.74E-12,29.96E-12,45.42E-12,76.33E-12,716.0E-3,-3.650E-9,-2.912E-9,-2.175E-9,-1.437E-9,714.0E-3,60.88E-12
716.0E-3,13.32E-12,27.08E-12,41.07E-12,69.03E-12,718.0E-3,-3.406E-9,-2.717E-9,-2.029E-9,-1.340E-9,716.0E-3,55.05E-12
718.0E-3,12.00E-12,24.40E-12,37.01E-12,62.22E-12,720.0E-3,-3.177E-9,-2.535E-9,-1.892E-9,-1.249E-9,718.0E-3,49.62E-12
720.0E-3,10.77E-12,21.90E-12,33.23E-12,55.86E-12,722.0E-3,-2.962E-9,-2.363E-9,-1.764E-9,-1.165E-9,720.0E-3,44.55E-12
722.0E-3,9.619E-12,19.58E-12,29.70E-12,49.94E-12,724.0E-3,-2.761E-9,-2.203E-9,-1.644E-9,-1.085E-9,722.0E-3,39.82E-12
724.0E-3,8.549E-12,17.41E-12,26.41E-12,44.42E-12,726.0E-3,-2.573E-9,-2.052E-9,-1.531E-9,-1.010E-9,724.0E-3,35.42E-12
726.0E-3,7.554E-12,15.38E-12,23.35E-12,39.27E-12,728.0E-3,-2.395E-9,-1.910E-9,-1.425E-9,-940.3E-12,726.0E-3,31.31E-12
728.0E-3,6.629E-12,13.50E-12,20.50E-12,34.48E-12,730.0E-3,-2.228E-9,-1.777E-9,-1.326E-9,-874.5E-12,728.0E-3,27.49E-12
730.0E-3,5.769E-12,11.76E-12,17.85E-12,30.02E-12,732.0E-3,-2.072E-9,-1.652E-9,-1.232E-9,-812.6E-12,730.0E-3,23.94E-12
732.0E-3,4.970E-12,10.13E-12,15.38E-12,25.88E-12,734.0E-3,-1.924E-9,-1.534E-9,-1.144E-9,-754.4E-12,732.0E-3,20.63E-12
734.0E-3,4.228E-12,8.621E-12,13.09E-12,22.03E-12,736.0E-3,-1.785E-9,-1.424E-9,-1.062E-9,-699.6E-12,734.0E-3,17.56E-12
736.0E-3,3.541E-12,7.222E-12,10.97E-12,18.46E-12,738.0E-3,-1.655E-9,-1.319E-9,-983.7E-12,-648.1E-12,736.0E-3,14.72E-12
738.0E-3,2.905E-12,5.926E-12,9.003E-12,15.15E-12,740.0E-3,-1.531E-9,-1.221E-9,-910.3E-12,-599.6E-12,738.0E-3,12.08E-12
740.0E-3,2.316E-12,4.727E-12,7.182E-12,12.09E-12,742.0E-3,-1.415E-9,-1.128E-9,-841.1E-12,-553.9E-12,740.0E-3,9.636E-12
742.0E-3,1.773E-12,3.619E-12,5.500E-12,9.259E-12,744.0E-3,-1.306E-9,-1.041E-9,-776.0E-12,-510.8E-12,742.0E-3,7.380E-12
744.0E-3,1.272E-12,2.597E-12,3.948E-12,6.647E-12,746.0E-3,-1.203E-9,-958.8E-12,-714.6E-12,-470.3E-12,744.0E-3,5.298E-12
746.0E-3,811.3E-15,1.657E-12,2.519E-12,4.241E-12,748.0E-3,-1.106E-9,-881.4E-12,-656.8E-12,-432.1E-12,746.0E-3,3.380E-12
748.0E-3,388.0E-15,792.6E-15,1.205E-12,2.029E-12,750.0E-3,-1.015E-9,-808.6E-12,-602.5E-12,-396.3E-12,748.0E-3,1.617E-12
750.0E-3,-102.8E-27,-207.8E-27,-318.3E-27,-536.3E-27,752.0E-3,-960.5E-12,-765.4E-12,-570.3E-12,-375.1E-12,750.0E-3,-427.4E-27
752.0E-3,-367.1E-15,-750.1E-15,-1.141E-12,-1.921E-12,754.0E-3,-940.3E-12,-749.3E-12,-558.3E-12,-367.2E-12,752.0E-3,-1.531E-12
754.0E-3,-726.5E-15,-1.484E-12,-2.257E-12,-3.802E-12,756.0E-3,-920.3E-12,-733.4E-12,-546.4E-12,-359.4E-12,754.0E-3,-3.029E-12
756.0E-3,-1.078E-12,-2.203E-12,-3.350E-12,-5.642E-12,758.0E-3,-900.7E-12,-717.7E-12,-534.8E-12,-351.7E-12,756.0E-3,-4.496E-12
758.0E-3,-1.423E-12,-2.907E-12,-4.419E-12,-7.444E-12,760.0E-3,-881.4E-12,-702.4E-12,-523.3E-12,-344.2E-12,758.0E-3,-5.932E-12
760.0E-3,-1.760E-12,-3.595E-12,-5.466E-12,-9.206E-12,762.0E-3,-862.5E-12,-687.3E-12,-512.1E-12,-336.8E-12,760.0E-3,-7.336E-12
762.0E-3,-2.089E-12,-4.269E-12,-6.490E-12,-10.93E-12,764.0E-3,-843.8E-12,-672.5E-12,-501.0E-12,-329.6E-12,762.0E-3,-8.711E-12
764.0E-3,-2.412E-12,-4.928E-12,-7.492E-12,-12.62E-12,766.0E-3,-825.5E-12,-657.9E-12,-490.2E-12,-322.4E-12,764.0E-3,-10.06E-12
766.0E-3,-2.728E-12,-5.573E-12,-8.473E-12,-14.27E-12,768.0E-3,-807.5E-12,-643.5E-12,-479.5E-12,-315.4E-12,766.0E-3,-11.37E-12
768.0E-3,-3.037E-12,-6.203E-12,-9.432E-12,-15.89E-12,770.0E-3,-789.9E-12,-629.5E-12,-469.0E-12,-308.5E-12,768.0E-3,-12.66E-12
770.0E-3,-3.339E-12,-6.821E-12,-10.37E-12,-17.47E-12,772.0E-3,-772.7E-12,-615.8E-12,-458.9E-12,-301.8E-12,770.0E-3,-13.92E-12
772.0E-3,-3.635E-12,-7.424E-12,-11.29E-12,-19.01E-12,774.0E-3,-756.0E-12,-602.5E-12,-448.9E-12,-295.3E-12,772.0E-3,-15.15E-12
774.0E-3,-3.924E-12,-8.015E-12,-12.19E-12,-20.52E-12,776.0E-3,-739.8E-12,-589.6E-12,-439.4E-12,-289.0E-12,774.0E-3,-16.35E-12
776.0E-3,-4.207E-12,-8.593E-12,-13.06E-12,-22.00E-12,778.0E-3,-724.3E-12,-577.2E-12,-430.1E-12,-283.0E-12,776.0E-3,-17.53E-12
778.0E-3,-4.484E-12,-9.159E-12,-13.92E-12,-23.45E-12,780.0E-3,-709.3E-12,-565.3E-12,-421.3E-12,-277.2E-12,778.0E-3,-18.69E-12
780.0E-3,-4.756E-12,-9.713E-12,-14.77E-12,-24.87E-12,782.0E-3,-695.1E-12,-554.0E-12,-412.8E-12,-271.6E-12,780.0E-3,-19.82E-12
782.0E-3,-5.022E-12,-10.26E-12,-15.59E-12,-26.26E-12,784.0E-3,-681.6E-12,-543.2E-12,-404.8E-12,-266.4E-12,782.0E-3,-20.93E-12
784.0E-3,-5.283E-12,-10.79E-12,-16.40E-12,-27.62E-12,786.0E-3,-668.9E-12,-533.1E-12,-397.3E-12,-261.4E-12,784.0E-3,-22.01E-12
786.0E-3,-5.539E-12,-11.31E-12,-17.20E-12,-28.96E-12,788.0E-3,-656.9E-12,-523.6E-12,-390.2E-12,-256.8E-12,786.0E-3,-23.08E-12
788.0E-3,-5.791E-12,-11.83E-12,-17.98E-12,-30.27E-12,790.0E-3,-645.8E-12,-514.7E-12,-383.6E-12,-252.4E-12,788.0E-3,-24.13E-12
790.0E-3,-6.039E-12,-12.33E-12,-18.74E-12,-31.57E-12,792.0E-3,-635.5E-12,-506.5E-12,-377.5E-12,-248.4E-12,790.0E-3,-25.16E-12
792.0E-3,-6.282E-12,-12.83E-12,-19.50E-12,-32.84E-12,794.0E-3,-626.1E-12,-499.0E-12,-371.9E-12,-244.8E-12,792.0E-3,-26.17E-12
794.0E-3,-6.522E-12,-13.32E-12,-20.24E-12,-34.09E-12,796.0E-3,-617.5E-12,-492.1E-12,-366.8E-12,-241.4E-12,794.0E-3,-27.17E-12
796.0E-3,-6.759E-12,-13.80E-12,-20.98E-12,-35.32E-12,798.0E-3,-609.7E-12,-486.0E-12,-362.2E-12,-238.4E-12,796.0E-3,-28.15E-12
798.0E-3,-6.993E-12,-14.28E-12,-21.70E-12,-36.54E-12,800.0E-3,-602.8E-12,-480.5E-12,-358.1E-12,-235.7E-12,798.0E-3,-29.12E-12
800.0E-3,-7.224E-12,-14.75E-12,-22.42E-12,-37.75E-12,802.0E-3,-596.7E-12,-475.6E-12,-354.5E-12,-233.3E-12,800.0E-3,-30.08E-12
802.0E-3,-7.453E-12,-15.21E-12,-23.13E-12,-38.94E-12,804.0E-3,-591.4E-12,-471.4E-12,-351.4E-12,-231.3E-12,802.0E-3,-31.04E-12
804.0E-3,-7.679E-12,-15.68E-12,-23.83E-12,-40.13E-12,806.0E-3,-586.9E-12,-467.8E-12,-348.7E-12,-229.5E-12,804.0E-3,-31.98E-12
806.0E-3,-7.905E-12,-16.14E-12,-24.53E-12,-41.30E-12,808.0E-3,-583.2E-12,-464.9E-12,-346.5E-12,-228.1E-12,806.0E-3,-32.91E-12
808.0E-3,-8.128E-12,-16.59E-12,-25.22E-12,-42.47E-12,810.0E-3,-580.2E-12,-462.5E-12,-344.7E-12,-226.9E-12,808.0E-3,-33.84E-12
810.0E-3,-8.351E-12,-17.05E-12,-25.91E-12,-43.63E-12,812.0E-3,-578.0E-12,-460.7E-12,-343.4E-12,-226.1E-12,810.0E-3,-34.77E-12
812.0E-3,-8.573E-12,-17.50E-12,-26.60E-12,-44.78E-12,814.0E-3,-576.4E-12,-459.5E-12,-342.5E-12,-225.5E-12,812.0E-3,-35.69E-12
814.0E-3,-8.794E-12,-17.95E-12,-27.28E-12,-45.94E-12,816.0E-3,-575.6E-12,-458.8E-12,-342.0E-12,-225.1E-12,814.0E-3,-36.61E-12
816.0E-3,-9.014E-12,-18.40E-12,-27.96E-12,-47.09E-12,818.0E-3,-575.3E-12,-458.6E-12,-341.8E-12,-225.0E-12,816.0E-3,-37.53E-12
818.0E-3,-9.235E-12,-18.85E-12,-28.65E-12,-48.24E-12,820.0E-3,-575.7E-12,-458.9E-12,-342.1E-12,-225.2E-12,818.0E-3,-38.44E-12
820.0E-3,-9.456E-12,-19.30E-12,-29.33E-12,-49.39E-12,822.0E-3,-576.7E-12,-459.7E-12,-342.6E-12,-225.6E-12,820.0E-3,-39.36E-12
822.0E-3,-9.677E-12,-19.75E-12,-30.02E-12,-50.54E-12,824.0E-3,-578.2E-12,-460.9E-12,-343.6E-12,-226.2E-12,822.0E-3,-40.28E-12
824.0E-3,-9.899E-12,-20.20E-12,-30.70E-12,-51.70E-12,826.0E-3,-580.3E-12,-462.6E-12,-344.8E-12,-227.0E-12,824.0E-3,-41.20E-12
826.0E-3,-10.12E-12,-20.66E-12,-31.39E-12,-52.86E-12,828.0E-3,-582.9E-12,-464.6E-12,-346.3E-12,-228.0E-12,826.0E-3,-42.13E-12
828.0E-3,-10.35E-12,-21.11E-12,-32.09E-12,-54.02E-12,830.0E-3,-586.0E-12,-467.1E-12,-348.2E-12,-229.2E-12,828.0E-3,-43.06E-12
830.0E-3,-10.57E-12,-21.57E-12,-32.78E-12,-55.20E-12,832.0E-3,-589.6E-12,-469.9E-12,-350.3E-12,-230.6E-12,830.0E-3,-43.99E-12
832.0E-3,-10.80E-12,-22.03E-12,-33.48E-12,-56.38E-12,834.0E-3,-593.6E-12,-473.1E-12,-352.7E-12,-232.2E-12,832.0E-3,-44.93E-12
834.0E-3,-11.02E-12,-22.50E-12,-34.19E-12,-57.56E-12,836.0E-3,-598.0E-12,-476.7E-12,-355.3E-12,-233.9E-12,834.0E-3,-45.88E-12
836.0E-3,-11.25E-12,-22.97E-12,-34.90E-12,-58.76E-12,838.0E-3,-602.9E-12,-480.5E-12,-358.2E-12,-235.8E-12,836.0E-3,-46.83E-12
838.0E-3,-11.48E-12,-23.44E-12,-35.62E-12,-59.96E-12,840.0E-3,-608.1E-12,-484.7E-12,-361.3E-12,-237.8E-12,838.0E-3,-47.79E-12
840.0E-3,-11.72E-12,-23.91E-12,-36.34E-12,-61.18E-12,842.0E-3,-613.7E-12,-489.2E-12,-364.6E-12,-240.0E-12,840.0E-3,-48.76E-12
842.0E-3,-11.95E-12,-24.39E-12,-37.07E-12,-62.41E-12,844.0E-3,-619.7E-12,-494.0E-12,-368.2E-12,-242.4E-12,842.0E-3,-49.74E-12
844.0E-3,-12.19E-12,-24.88E-12,-37.80E-12,-63.65E-12,846.0E-3,-626.1E-12,-499.0E-12,-371.9E-12,-244.8E-12,844.0E-3,-50.73E-12
846.0E-3,-12.43E-12,-25.37E-12,-38.55E-12,-64.90E-12,848.0E-3,-632.8E-12,-504.4E-12,-375.9E-12,-247.4E-12,846.0E-3,-51.73E-12
848.0E-3,-12.67E-12,-25.86E-12,-39.30E-12,-66.17E-12,850.0E-3,-639.8E-12,-509.9E-12,-380.1E-12,-250.2E-12,848.0E-3,-52.73E-12
850.0E-3,-12.92E-12,-26.36E-12,-40.06E-12,-67.45E-12,852.0E-3,-647.1E-12,-515.8E-12,-384.4E-12,-253.0E-12,850.0E-3,-53.75E-12
852.0E-3,-13.16E-12,-26.87E-12,-40.83E-12,-68.74E-12,854.0E-3,-654.8E-12,-521.9E-12,-389.0E-12,-256.0E-12,852.0E-3,-54.79E-12
854.0E-3,-13.42E-12,-27.38E-12,-41.61E-12,-70.05E-12,856.0E-3,-662.7E-12,-528.2E-12,-393.7E-12,-259.1E-12,854.0E-3,-55.83E-12
856.0E-3,-13.67E-12,-27.90E-12,-42.39E-12,-71.37E-12,858.0E-3,-671.0E-12,-534.8E-12,-398.6E-12,-262.3E-12,856.0E-3,-56.89E-12
858.0E-3,-13.93E-12,-28.42E-12,-43.19E-12,-72.72E-12,860.0E-3,-679.5E-12,-541.6E-12,-403.6E-12,-265.6E-12,858.0E-3,-57.95E-12
860.0E-3,-14.19E-12,-28.95E-12,-44.00E-12,-74.08E-12,862.0E-3,-688.3E-12,-548.6E-12,-408.8E-12,-269.1E-12,860.0E-3,-59.04E-12
862.0E-3,-14.45E-12,-29.49E-12,-44.82E-12,-75.45E-12,864.0E-3,-697.4E-12,-555.8E-12,-414.2E-12,-272.6E-12,862.0E-3,-60.14E-12
864.0E-3,-14.72E-12,-30.04E-12,-45.64E-12,-76.85E-12,866.0E-3,-706.8E-12,-563.3E-12,-419.8E-12,-276.2E-12,864.0E-3,-61.25E-12
866.0E-3,-14.99E-12,-30.59E-12,-46.48E-12,-78.26E-12,868.0E-3,-716.4E-12,-570.9E-12,-425.5E-12,-280.0E-12,866.0E-3,-62.37E-12
868.0E-3,-15.26E-12,-31.15E-12,-47.34E-12,-79.69E-12,870.0E-3,-726.3E-12,-578.8E-12,-431.3E-12,-283.8E-12,868.0E-3,-63.52E-12
870.0E-3,-15.54E-12,-31.72E-12,-48.20E-12,-81.15E-12,872.0E-3,-736.4E-12,-586.9E-12,-437.4E-12,-287.8E-12,870.0E-3,-64.67E-12
872.0E-3,-15.82E-12,-32.29E-12,-49.07E-12,-82.62E-12,874.0E-3,-746.9E-12,-595.2E-12,-443.5E-12,-291.8E-12,872.0E-3,-65.85E-12
874.0E-3,-16.10E-12,-32.88E-12,-49.96E-12,-84.11E-12,876.0E-3,-757.5E-12,-603.7E-12,-449.9E-12,-296.0E-12,874.0E-3,-67.04E-12
876.0E-3,-16.39E-12,-33.47E-12,-50.86E-12,-85.63E-12,878.0E-3,-768.5E-12,-612.4E-12,-456.3E-12,-300.2E-12,876.0E-3,-68.24E-12
878.0E-3,-16.69E-12,-34.07E-12,-51.77E-12,-87.16E-12,880.0E-3,-779.6E-12,-621.3E-12,-463.0E-12,-304.6E-12,878.0E-3,-69.47E-12
880.0E-3,-16.98E-12,-34.68E-12,-52.70E-12,-88.72E-12,882.0E-3,-791.1E-12,-630.4E-12,-469.7E-12,-309.0E-12,880.0E-3,-70.71E-12
882.0E-3,-17.29E-12,-35.30E-12,-53.64E-12,-90.31E-12,884.0E-3,-802.8E-12,-639.7E-12,-476.7E-12,-313.6E-12,882.0E-3,-71.97E-12
884.0E-3,-17.59E-12,-35.92E-12,-54.59E-12,-91.91E-12,886.0E-3,-814.7E-12,-649.3E-12,-483.8E-12,-318.2E-12,884.0E-3,-73.25E-12
886.0E-3,-17.90E-12,-36.56E-12,-55.56E-12,-93.54E-12,888.0E-3,-826.9E-12,-659.0E-12,-491.0E-12,-323.0E-12,886.0E-3,-74.55E-12
888.0E-3,-18.22E-12,-37.21E-12,-56.54E-12,-95.19E-12,890.0E-3,-839.4E-12,-668.9E-12,-498.4E-12,-327.8E-12,888.0E-3,-75.87E-12
890.0E-3,-18.54E-12,-37.86E-12,-57.54E-12,-96.87E-12,892.0E-3,-852.1E-12,-679.0E-12,-505.9E-12,-332.8E-12,890.0E-3,-77.21E-12
892.0E-3,-18.86E-12,-38.53E-12,-58.55E-12,-98.58E-12,894.0E-3,-865.1E-12,-689.4E-12,-513.6E-12,-337.8E-12,892.0E-3,-78.56E-12
894.0E-3,-19.19E-12,-39.20E-12,-59.58E-12,-100.3E-12,896.0E-3,-878.4E-12,-699.9E-12,-521.5E-12,-343.0E-12,894.0E-3,-79.94E-12
896.0E-3,-19.53E-12,-39.89E-12,-60.62E-12,-102.1E-12,898.0E-3,-891.9E-12,-710.7E-12,-529.5E-12,-348.2E-12,896.0E-3,-81.34E-12
898.0E-3,-19.87E-12,-40.58E-12,-61.68E-12,-103.8E-12,900.0E-3,-905.7E-12,-721.7E-12,-537.6E-12,-353.6E-12,898.0E-3,-82.76E-12
900.0E-3,-20.21E-12,-41.29E-12,-62.75E-12,-105.7E-12,902.0E-3,-919.7E-12,-732.9E-12,-546.0E-12,-359.0E-12,900.0E-3,-84.21E-12
902.0E-3,-20.57E-12,-42.01E-12,-63.85E-12,-107.5E-12,904.0E-3,-934.1E-12,-744.3E-12,-554.5E-12,-364.6E-12,902.0E-3,-85.67E-12
904.0E-3,-20.92E-12,-42.74E-12,-64.95E-12,-109.4E-12,906.0E-3,-948.7E-12,-755.9E-12,-563.1E-12,-370.3E-12,904.0E-3,-87.16E-12
906.0E-3,-21.28E-12,-43.48E-12,-66.08E-12,-111.3E-12,908.0E-3,-963.5E-12,-767.7E-12,-571.9E-12,-376.1E-12,906.0E-3,-88.67E-12
908.0E-3,-21.65E-12,-44.23E-12,-67.22E-12,-113.2E-12,910.0E-3,-978.7E-12,-779.8E-12,-580.9E-12,-381.9E-12,908.0E-3,-90.21E-12
910.0E-3,-22.02E-12,-45.00E-12,-68.39E-12,-115.1E-12,912.0E-3,-994.2E-12,-792.1E-12,-590.1E-12,-388.0E-12,910.0E-3,-91.77E-12
912.0E-3,-22.40E-12,-45.77E-12,-69.57E-12,-117.1E-12,914.0E-3,-1.010E-9,-804.7E-12,-599.4E-12,-394.1E-12,912.0E-3,-93.35E-12
914.0E-3,-22.78E-12,-46.56E-12,-70.76E-12,-119.2E-12,916.0E-3,-1.026E-9,-817.4E-12,-608.9E-12,-400.3E-12,914.0E-3,-94.96E-12
916.0E-3,-23.18E-12,-47.36E-12,-71.98E-12,-121.2E-12,918.0E-3,-1.042E-9,-830.5E-12,-618.6E-12,-406.7E-12,916.0E-3,-96.60E-12
918.0E-3,-23.57E-12,-48.17E-12,-73.22E-12,-123.3E-12,920.0E-3,-1.059E-9,-843.7E-12,-628.5E-12,-413.1E-12,918.0E-3,-98.26E-12
920.0E-3,-23.97E-12,-49.00E-12,-74.48E-12,-125.4E-12,922.0E-3,-1.076E-9,-857.2E-12,-638.5E-12,-419.7E-12,920.0E-3,-99.95E-12
922.0E-3,-24.38E-12,-49.84E-12,-75.75E-12,-127.6E-12,924.0E-3,-1.093E-9,-871.0E-12,-648.8E-12,-426.4E-12,922.0E-3,-101.7E-12
924.0E-3,-24.80E-12,-50.69E-12,-77.05E-12,-129.8E-12,926.0E-3,-1.111E-9,-885.0E-12,-659.2E-12,-433.3E-12,924.0E-3,-103.4E-12
926.0E-3,-25.22E-12,-51.56E-12,-78.37E-12,-132.0E-12,928.0E-3,-1.129E-9,-899.3E-12,-669.8E-12,-440.3E-12,926.0E-3,-105.2E-12
928.0E-3,-25.65E-12,-52.44E-12,-79.71E-12,-134.2E-12,930.0E-3,-1.147E-9,-913.9E-12,-680.7E-12,-447.4E-12,928.0E-3,-107.0E-12
930.0E-3,-26.09E-12,-53.33E-12,-81.07E-12,-136.5E-12,932.0E-3,-1.166E-9,-928.7E-12,-691.7E-12,-454.6E-12,930.0E-3,-108.8E-12
932.0E-3,-26.53E-12,-54.24E-12,-82.45E-12,-138.9E-12,934.0E-3,-1.185E-9,-943.8E-12,-702.9E-12,-462.0E-12,932.0E-3,-110.7E-12
934.0E-3,-26.98E-12,-55.17E-12,-83.86E-12,-141.2E-12,936.0E-3,-1.204E-9,-959.2E-12,-714.4E-12,-469.5E-12,934.0E-3,-112.5E-12
936.0E-3,-27.44E-12,-56.11E-12,-85.29E-12,-143.6E-12,938.0E-3,-1.224E-9,-974.9E-12,-726.1E-12,-477.1E-12,936.0E-3,-114.5E-12
938.0E-3,-27.90E-12,-57.06E-12,-86.74E-12,-146.1E-12,940.0E-3,-1.244E-9,-990.9E-12,-738.0E-12,-484.9E-12,938.0E-3,-116.4E-12
940.0E-3,-28.37E-12,-58.03E-12,-88.22E-12,-148.6E-12,942.0E-3,-1.264E-9,-1.007E-9,-750.1E-12,-492.9E-12,940.0E-3,-118.4E-12
942.0E-3,-28.85E-12,-59.02E-12,-89.72E-12,-151.1E-12,944.0E-3,-1.285E-9,-1.024E-9,-762.4E-12,-501.0E-12,942.0E-3,-120.4E-12
944.0E-3,-29.34E-12,-60.02E-12,-91.24E-12,-153.7E-12,946.0E-3,-1.306E-9,-1.041E-9,-775.0E-12,-509.3E-12,944.0E-3,-122.5E-12
946.0E-3,-29.84E-12,-61.04E-12,-92.79E-12,-156.3E-12,948.0E-3,-1.328E-9,-1.058E-9,-787.8E-12,-517.7E-12,946.0E-3,-124.5E-12
948.0E-3,-30.34E-12,-62.07E-12,-94.37E-12,-158.9E-12,950.0E-3,-1.350E-9,-1.076E-9,-800.9E-12,-526.3E-12,948.0E-3,-126.7E-12
950.0E-3,-30.85E-12,-63.12E-12,-95.97E-12,-161.6E-12,952.0E-3,-1.373E-9,-1.093E-9,-814.3E-12,-535.0E-12,950.0E-3,-128.8E-12
952.0E-3,-31.38E-12,-64.19E-12,-97.60E-12,-164.4E-12,954.0E-3,-1.396E-9,-1.112E-9,-827.9E-12,-543.9E-12,952.0E-3,-131.0E-12
954.0E-3,-31.91E-12,-65.28E-12,-99.25E-12,-167.2E-12,956.0E-3,-1.419E-9,-1.130E-9,-841.7E-12,-553.0E-12,954.0E-3,-133.2E-12
956.0E-3,-32.44E-12,-66.39E-12,-100.9E-12,-170.0E-12,958.0E-3,-1.443E-9,-1.149E-9,-855.9E-12,-562.3E-12,956.0E-3,-135.5E-12
958.0E-3,-32.99E-12,-67.51E-12,-102.6E-12,-172.9E-12,960.0E-3,-1.467E-9,-1.169E-9,-870.3E-12,-571.8E-12,958.0E-3,-137.8E-12
960.0E-3,-33.55E-12,-68.66E-12,-104.4E-12,-175.8E-12,962.0E-3,-1.492E-9,-1.189E-9,-885.0E-12,-581.4E-12,960.0E-3,-140.1E-12
962.0E-3,-34.11E-12,-69.82E-12,-106.2E-12,-178.8E-12,964.0E-3,-1.517E-9,-1.209E-9,-900.0E-12,-591.3E-12,962.0E-3,-142.5E-12
964.0E-3,-34.69E-12,-71.00E-12,-108.0E-12,-181.9E-12,966.0E-3,-1.543E-9,-1.229E-9,-915.3E-12,-601.3E-12,964.0E-3,-144.9E-12
966.0E-3,-35.27E-12,-72.20E-12,-109.8E-12,-184.9E-12,968.0E-3,-1.570E-9,-1.250E-9,-931.0E-12,-611.6E-12,966.0E-3,-147.4E-12
968.0E-3,-35.87E-12,-73.43E-12,-111.7E-12,-188.1E-12,970.0E-3,-1.597E-9,-1.272E-9,-946.9E-12,-622.0E-12,968.0E-3,-149.9E-12
970.0E-3,-36.47E-12,-74.67E-12,-113.5E-12,-191.3E-12,972.0E-3,-1.624E-9,-1.294E-9,-963.2E-12,-632.7E-12,970.0E-3,-152.4E-12
972.0E-3,-37.09E-12,-75.94E-12,-115.5E-12,-194.5E-12,974.0E-3,-1.652E-9,-1.316E-9,-979.9E-12,-643.6E-12,972.0E-3,-155.0E-12
974.0E-3,-37.71E-12,-77.22E-12,-117.4E-12,-197.8E-12,976.0E-3,-1.681E-9,-1.339E-9,-996.9E-12,-654.8E-12,974.0E-3,-157.6E-12
976.0E-3,-38.35E-12,-78.53E-12,-119.4E-12,-201.2E-12,978.0E-3,-1.710E-9,-1.362E-9,-1.014E-9,-666.2E-12,976.0E-3,-160.3E-12
978.0E-3,-39.00E-12,-79.87E-12,-121.5E-12,-204.6E-12,980.0E-3,-1.740E-9,-1.386E-9,-1.032E-9,-677.8E-12,978.0E-3,-163.0E-12
980.0E-3,-39.66E-12,-81.22E-12,-123.5E-12,-208.1E-12,982.0E-3,-1.771E-9,-1.410E-9,-1.050E-9,-689.7E-12,980.0E-3,-165.8E-12
982.0E-3,-40.33E-12,-82.60E-12,-125.6E-12,-211.6E-12,984.0E-3,-1.802E-9,-1.435E-9,-1.069E-9,-701.9E-12,982.0E-3,-168.6E-12
984.0E-3,-41.01E-12,-84.01E-12,-127.8E-12,-215.2E-12,986.0E-3,-1.834E-9,-1.461E-9,-1.088E-9,-714.3E-12,984.0E-3,-171.5E-12
986.0E-3,-41.71E-12,-85.43E-12,-129.9E-12,-218.9E-12,988.0E-3,-1.867E-9,-1.487E-9,-1.107E-9,-727.1E-12,986.0E-3,-174.4E-12
988.0E-3,-42.41E-12,-86.89E-12,-132.1E-12,-222.6E-12,990.0E-3,-1.900E-9,-1.514E-9,-1.127E-9,-740.1E-12,988.0E-3,-177.4E-12
990.0E-3,-43.13E-12,-88.37E-12,-134.4E-12,-226.4E-12,992.0E-3,-1.934E-9,-1.541E-9,-1.147E-9,-753.4E-12,990.0E-3,-180.4E-12
992.0E-3,-43.86E-12,-89.88E-12,-136.7E-12,-230.3E-12,994.0E-3,-1.969E-9,-1.569E-9,-1.168E-9,-767.0E-12,992.0E-3,-183.5E-12
994.0E-3,-44.61E-12,-91.41E-12,-139.0E-12,-234.2E-12,996.0E-3,-2.005E-9,-1.597E-9,-1.189E-9,-781.0E-12,994.0E-3,-186.6E-12
996.0E-3,-45.37E-12,-92.97E-12,-141.4E-12,-238.2E-12,998.0E-3,-2.042E-9,-1.627E-9,-1.211E-9,-795.3E-12,996.0E-3,-189.8E-12
998.0E-3,-46.14E-12,-94.56E-12,-143.8E-12,-242.3E-12,1.000,-2.080E-9,-1.657E-9,-1.233E-9,-810.0E-12,998.0E-3,-193.1E-12
1.000,-46.93E-12,-96.18E-12,-146.3E-12,-246.5E-12, , , , , ,1.000,-196.4E-12
