dc (V),NM0:d (L=9.00e-08) (A),NM0:d (L=1.90e-07) (A),NM0:d (L=2.40e-07) (A),dc (V),deriv(value(getData("/NM0/D" ?result "dc") "L" 9e-08)),deriv(value(getData("/NM0/D" ?result "dc") "L" 2.4e-07)),deriv(value(getData("/NM0/D" ?result "dc") "L" 1.4e-07)),dc (V),NM0:d (L=1.40e-07) (A)
0.000,0.000,0.000,0.000,2.000E-3,86.02E-12,139.7E-12,100.6E-12,0.000,0.000
2.000E-3,172.0E-15,240.6E-15,279.5E-15,4.000E-3,94.01E-12,152.8E-12,110.0E-12,2.000E-3,201.1E-15
4.000E-3,360.1E-15,503.7E-15,585.0E-15,6.000E-3,102.5E-12,166.5E-12,120.1E-12,4.000E-3,421.2E-15
6.000E-3,565.0E-15,790.7E-15,918.1E-15,8.000E-3,111.4E-12,181.0E-12,130.7E-12,6.000E-3,661.4E-15
8.000E-3,787.8E-15,1.103E-12,1.280E-12,10.00E-3,120.8E-12,196.3E-12,141.9E-12,8.000E-3,922.8E-15
10.00E-3,1.029E-12,1.441E-12,1.673E-12,12.00E-3,130.8E-12,212.3E-12,153.6E-12,10.00E-3,1.206E-12
12.00E-3,1.291E-12,1.808E-12,2.097E-12,14.00E-3,141.2E-12,229.0E-12,166.0E-12,12.00E-3,1.514E-12
14.00E-3,1.573E-12,2.204E-12,2.555E-12,16.00E-3,152.2E-12,246.6E-12,179.1E-12,14.00E-3,1.846E-12
16.00E-3,1.878E-12,2.630E-12,3.048E-12,18.00E-3,163.8E-12,265.1E-12,192.8E-12,16.00E-3,2.204E-12
18.00E-3,2.206E-12,3.089E-12,3.579E-12,20.00E-3,176.0E-12,284.4E-12,207.2E-12,18.00E-3,2.590E-12
20.00E-3,2.558E-12,3.582E-12,4.147E-12,22.00E-3,188.8E-12,304.7E-12,222.4E-12,20.00E-3,3.004E-12
22.00E-3,2.935E-12,4.110E-12,4.757E-12,24.00E-3,202.3E-12,325.9E-12,238.3E-12,22.00E-3,3.449E-12
24.00E-3,3.340E-12,4.676E-12,5.409E-12,26.00E-3,216.5E-12,348.2E-12,255.0E-12,24.00E-3,3.925E-12
26.00E-3,3.773E-12,5.280E-12,6.105E-12,28.00E-3,231.4E-12,371.6E-12,272.6E-12,26.00E-3,4.435E-12
28.00E-3,4.236E-12,5.926E-12,6.848E-12,30.00E-3,247.1E-12,396.3E-12,291.2E-12,28.00E-3,4.981E-12
30.00E-3,4.730E-12,6.615E-12,7.641E-12,32.00E-3,263.7E-12,422.4E-12,310.8E-12,30.00E-3,5.563E-12
32.00E-3,5.257E-12,7.350E-12,8.486E-12,34.00E-3,281.3E-12,450.0E-12,331.5E-12,32.00E-3,6.185E-12
34.00E-3,5.820E-12,8.134E-12,9.386E-12,36.00E-3,299.9E-12,479.3E-12,353.5E-12,34.00E-3,6.848E-12
36.00E-3,6.420E-12,8.969E-12,10.34E-12,38.00E-3,319.6E-12,510.5E-12,376.9E-12,36.00E-3,7.555E-12
38.00E-3,7.059E-12,9.859E-12,11.37E-12,40.00E-3,340.6E-12,543.7E-12,401.7E-12,38.00E-3,8.308E-12
40.00E-3,7.740E-12,10.81E-12,12.45E-12,42.00E-3,363.0E-12,579.3E-12,428.3E-12,40.00E-3,9.112E-12
42.00E-3,8.466E-12,11.82E-12,13.61E-12,44.00E-3,386.9E-12,617.3E-12,456.7E-12,42.00E-3,9.969E-12
44.00E-3,9.240E-12,12.89E-12,14.85E-12,46.00E-3,412.4E-12,658.2E-12,487.1E-12,44.00E-3,10.88E-12
46.00E-3,10.06E-12,14.04E-12,16.16E-12,48.00E-3,439.8E-12,702.2E-12,519.7E-12,46.00E-3,11.86E-12
48.00E-3,10.94E-12,15.27E-12,17.57E-12,50.00E-3,469.2E-12,749.5E-12,554.7E-12,48.00E-3,12.90E-12
50.00E-3,11.88E-12,16.58E-12,19.07E-12,52.00E-3,500.8E-12,800.4E-12,592.4E-12,50.00E-3,14.00E-12
52.00E-3,12.88E-12,17.97E-12,20.67E-12,54.00E-3,534.7E-12,855.2E-12,632.9E-12,52.00E-3,15.19E-12
54.00E-3,13.95E-12,19.46E-12,22.38E-12,56.00E-3,571.2E-12,914.3E-12,676.5E-12,54.00E-3,16.46E-12
56.00E-3,15.10E-12,21.06E-12,24.21E-12,58.00E-3,610.4E-12,977.9E-12,723.4E-12,56.00E-3,17.81E-12
58.00E-3,16.32E-12,22.77E-12,26.16E-12,60.00E-3,652.6E-12,1.046E-9,774.0E-12,58.00E-3,19.25E-12
60.00E-3,17.62E-12,24.59E-12,28.25E-12,62.00E-3,698.0E-12,1.120E-9,828.4E-12,60.00E-3,20.80E-12
62.00E-3,19.02E-12,26.55E-12,30.49E-12,64.00E-3,746.8E-12,1.200E-9,887.0E-12,62.00E-3,22.46E-12
64.00E-3,20.51E-12,28.64E-12,32.89E-12,66.00E-3,799.4E-12,1.285E-9,950.0E-12,64.00E-3,24.23E-12
66.00E-3,22.11E-12,30.88E-12,35.47E-12,68.00E-3,855.9E-12,1.377E-9,1.018E-9,66.00E-3,26.13E-12
68.00E-3,23.82E-12,33.28E-12,38.22E-12,70.00E-3,916.6E-12,1.477E-9,1.091E-9,68.00E-3,28.17E-12
70.00E-3,25.66E-12,35.86E-12,41.17E-12,72.00E-3,981.9E-12,1.583E-9,1.169E-9,70.00E-3,30.35E-12
72.00E-3,27.62E-12,38.62E-12,44.34E-12,74.00E-3,1.052E-9,1.698E-9,1.254E-9,72.00E-3,32.69E-12
74.00E-3,29.72E-12,41.58E-12,47.73E-12,76.00E-3,1.127E-9,1.821E-9,1.344E-9,74.00E-3,35.20E-12
76.00E-3,31.98E-12,44.76E-12,51.38E-12,78.00E-3,1.208E-9,1.953E-9,1.442E-9,76.00E-3,37.89E-12
78.00E-3,34.39E-12,48.16E-12,55.28E-12,80.00E-3,1.295E-9,2.095E-9,1.546E-9,78.00E-3,40.77E-12
80.00E-3,36.99E-12,51.81E-12,59.47E-12,82.00E-3,1.389E-9,2.248E-9,1.659E-9,80.00E-3,43.86E-12
82.00E-3,39.76E-12,55.73E-12,63.97E-12,84.00E-3,1.489E-9,2.411E-9,1.780E-9,82.00E-3,47.18E-12
84.00E-3,42.74E-12,59.94E-12,68.79E-12,86.00E-3,1.596E-9,2.587E-9,1.909E-9,84.00E-3,50.74E-12
86.00E-3,45.93E-12,64.45E-12,73.96E-12,88.00E-3,1.712E-9,2.776E-9,2.049E-9,86.00E-3,54.56E-12
88.00E-3,49.36E-12,69.29E-12,79.52E-12,90.00E-3,1.836E-9,2.979E-9,2.198E-9,88.00E-3,58.66E-12
90.00E-3,53.03E-12,74.49E-12,85.48E-12,92.00E-3,1.969E-9,3.196E-9,2.359E-9,90.00E-3,63.05E-12
92.00E-3,56.97E-12,80.06E-12,91.87E-12,94.00E-3,2.111E-9,3.429E-9,2.531E-9,92.00E-3,67.77E-12
94.00E-3,61.19E-12,86.04E-12,98.73E-12,96.00E-3,2.264E-9,3.680E-9,2.716E-9,94.00E-3,72.83E-12
96.00E-3,65.72E-12,92.46E-12,106.1E-12,98.00E-3,2.428E-9,3.948E-9,2.914E-9,96.00E-3,78.26E-12
98.00E-3,70.57E-12,99.34E-12,114.0E-12,100.0E-3,2.603E-9,4.236E-9,3.126E-9,98.00E-3,84.09E-12
100.0E-3,75.78E-12,106.7E-12,122.5E-12,102.0E-3,2.792E-9,4.544E-9,3.354E-9,100.0E-3,90.34E-12
102.0E-3,81.36E-12,114.7E-12,131.5E-12,104.0E-3,2.993E-9,4.875E-9,3.598E-9,102.0E-3,97.05E-12
104.0E-3,87.35E-12,123.2E-12,141.3E-12,106.0E-3,3.210E-9,5.230E-9,3.860E-9,104.0E-3,104.2E-12
106.0E-3,93.77E-12,132.3E-12,151.8E-12,108.0E-3,3.441E-9,5.610E-9,4.141E-9,106.0E-3,112.0E-12
108.0E-3,100.7E-12,142.1E-12,163.0E-12,110.0E-3,3.690E-9,6.018E-9,4.442E-9,108.0E-3,120.2E-12
110.0E-3,108.0E-12,152.6E-12,175.0E-12,112.0E-3,3.956E-9,6.456E-9,4.765E-9,110.0E-3,129.1E-12
112.0E-3,115.9E-12,163.8E-12,187.9E-12,114.0E-3,4.241E-9,6.924E-9,5.112E-9,112.0E-3,138.7E-12
114.0E-3,124.4E-12,175.9E-12,201.8E-12,116.0E-3,4.547E-9,7.427E-9,5.483E-9,114.0E-3,148.9E-12
116.0E-3,133.5E-12,188.9E-12,216.6E-12,118.0E-3,4.874E-9,7.965E-9,5.881E-9,116.0E-3,159.9E-12
118.0E-3,143.3E-12,202.8E-12,232.6E-12,120.0E-3,5.225E-9,8.542E-9,6.308E-9,118.0E-3,171.6E-12
120.0E-3,153.7E-12,217.7E-12,249.6E-12,122.0E-3,5.601E-9,9.161E-9,6.765E-9,120.0E-3,184.2E-12
122.0E-3,164.9E-12,233.7E-12,268.0E-12,124.0E-3,6.003E-9,9.823E-9,7.255E-9,122.0E-3,197.8E-12
124.0E-3,176.9E-12,250.8E-12,287.6E-12,126.0E-3,6.434E-9,10.53E-9,7.780E-9,124.0E-3,212.3E-12
126.0E-3,189.8E-12,269.2E-12,308.7E-12,128.0E-3,6.896E-9,11.29E-9,8.343E-9,126.0E-3,227.8E-12
128.0E-3,203.6E-12,288.9E-12,331.3E-12,130.0E-3,7.391E-9,12.11E-9,8.946E-9,128.0E-3,244.5E-12
130.0E-3,218.4E-12,310.1E-12,355.5E-12,132.0E-3,7.920E-9,12.98E-9,9.592E-9,130.0E-3,262.4E-12
132.0E-3,234.2E-12,332.7E-12,381.4E-12,134.0E-3,8.488E-9,13.92E-9,10.28E-9,132.0E-3,281.6E-12
134.0E-3,251.2E-12,357.0E-12,409.3E-12,136.0E-3,9.095E-9,14.92E-9,11.03E-9,134.0E-3,302.2E-12
136.0E-3,269.4E-12,383.1E-12,439.1E-12,138.0E-3,9.745E-9,15.99E-9,11.82E-9,136.0E-3,324.2E-12
138.0E-3,288.9E-12,411.0E-12,471.1E-12,140.0E-3,10.44E-9,17.14E-9,12.67E-9,138.0E-3,347.9E-12
140.0E-3,309.7E-12,441.0E-12,505.4E-12,142.0E-3,11.19E-9,18.37E-9,13.58E-9,140.0E-3,373.2E-12
142.0E-3,332.1E-12,473.1E-12,542.1E-12,144.0E-3,11.98E-9,19.68E-9,14.56E-9,142.0E-3,400.4E-12
144.0E-3,356.1E-12,507.5E-12,581.5E-12,146.0E-3,12.84E-9,21.09E-9,15.60E-9,144.0E-3,429.5E-12
146.0E-3,381.8E-12,544.3E-12,623.7E-12,148.0E-3,13.75E-9,22.60E-9,16.72E-9,146.0E-3,460.7E-12
148.0E-3,409.3E-12,583.8E-12,668.9E-12,150.0E-3,14.73E-9,24.21E-9,17.92E-9,148.0E-3,494.1E-12
150.0E-3,438.7E-12,626.2E-12,717.3E-12,152.0E-3,15.78E-9,25.94E-9,19.20E-9,150.0E-3,530.0E-12
152.0E-3,470.3E-12,671.5E-12,769.2E-12,154.0E-3,16.90E-9,27.79E-9,20.58E-9,152.0E-3,568.4E-12
154.0E-3,504.1E-12,720.1E-12,824.7E-12,156.0E-3,18.10E-9,29.77E-9,22.05E-9,154.0E-3,609.5E-12
156.0E-3,540.3E-12,772.2E-12,884.3E-12,158.0E-3,19.38E-9,31.88E-9,23.62E-9,156.0E-3,653.6E-12
158.0E-3,579.0E-12,828.0E-12,948.0E-12,160.0E-3,20.75E-9,34.15E-9,25.30E-9,158.0E-3,700.9E-12
160.0E-3,620.5E-12,887.7E-12,1.016E-9,162.0E-3,22.22E-9,36.57E-9,27.11E-9,160.0E-3,751.5E-12
162.0E-3,665.0E-12,951.7E-12,1.089E-9,164.0E-3,23.79E-9,39.15E-9,29.03E-9,162.0E-3,805.7E-12
164.0E-3,712.6E-12,1.020E-9,1.168E-9,166.0E-3,25.47E-9,41.92E-9,31.10E-9,164.0E-3,863.7E-12
166.0E-3,763.5E-12,1.094E-9,1.252E-9,168.0E-3,27.26E-9,44.88E-9,33.30E-9,166.0E-3,925.9E-12
168.0E-3,818.0E-12,1.172E-9,1.341E-9,170.0E-3,29.18E-9,48.05E-9,35.66E-9,168.0E-3,992.5E-12
170.0E-3,876.4E-12,1.256E-9,1.437E-9,172.0E-3,31.24E-9,51.43E-9,38.19E-9,170.0E-3,1.064E-9
172.0E-3,938.9E-12,1.346E-9,1.540E-9,174.0E-3,33.43E-9,55.04E-9,40.89E-9,172.0E-3,1.140E-9
174.0E-3,1.006E-9,1.443E-9,1.650E-9,176.0E-3,35.78E-9,58.90E-9,43.78E-9,174.0E-3,1.222E-9
176.0E-3,1.077E-9,1.546E-9,1.768E-9,178.0E-3,38.29E-9,63.03E-9,46.86E-9,176.0E-3,1.310E-9
178.0E-3,1.154E-9,1.657E-9,1.894E-9,180.0E-3,40.97E-9,67.44E-9,50.17E-9,178.0E-3,1.403E-9
180.0E-3,1.236E-9,1.775E-9,2.029E-9,182.0E-3,43.84E-9,72.15E-9,53.69E-9,180.0E-3,1.504E-9
182.0E-3,1.323E-9,1.902E-9,2.173E-9,184.0E-3,46.90E-9,77.18E-9,57.47E-9,182.0E-3,1.611E-9
184.0E-3,1.417E-9,2.037E-9,2.328E-9,186.0E-3,50.17E-9,82.55E-9,61.50E-9,184.0E-3,1.726E-9
186.0E-3,1.518E-9,2.182E-9,2.493E-9,188.0E-3,53.67E-9,88.29E-9,65.80E-9,186.0E-3,1.849E-9
188.0E-3,1.625E-9,2.337E-9,2.669E-9,190.0E-3,57.40E-9,94.41E-9,70.41E-9,188.0E-3,1.981E-9
190.0E-3,1.740E-9,2.503E-9,2.858E-9,192.0E-3,61.39E-9,100.9E-9,75.32E-9,190.0E-3,2.121E-9
192.0E-3,1.863E-9,2.680E-9,3.060E-9,194.0E-3,65.65E-9,107.9E-9,80.58E-9,192.0E-3,2.272E-9
194.0E-3,1.994E-9,2.870E-9,3.276E-9,196.0E-3,70.20E-9,115.4E-9,86.19E-9,194.0E-3,2.433E-9
196.0E-3,2.134E-9,3.072E-9,3.507E-9,198.0E-3,75.06E-9,123.3E-9,92.18E-9,196.0E-3,2.606E-9
198.0E-3,2.284E-9,3.289E-9,3.753E-9,200.0E-3,80.25E-9,131.8E-9,98.57E-9,198.0E-3,2.790E-9
200.0E-3,2.445E-9,3.521E-9,4.017E-9,202.0E-3,85.78E-9,140.8E-9,105.4E-9,200.0E-3,2.987E-9
202.0E-3,2.616E-9,3.769E-9,4.298E-9,204.0E-3,91.69E-9,150.4E-9,112.7E-9,202.0E-3,3.198E-9
204.0E-3,2.800E-9,4.034E-9,4.599E-9,206.0E-3,98.00E-9,160.7E-9,120.5E-9,204.0E-3,3.423E-9
206.0E-3,2.996E-9,4.317E-9,4.921E-9,208.0E-3,104.7E-9,171.6E-9,128.8E-9,206.0E-3,3.664E-9
208.0E-3,3.205E-9,4.619E-9,5.264E-9,210.0E-3,111.9E-9,183.3E-9,137.6E-9,208.0E-3,3.922E-9
210.0E-3,3.429E-9,4.942E-9,5.630E-9,212.0E-3,119.6E-9,195.7E-9,147.1E-9,210.0E-3,4.197E-9
212.0E-3,3.668E-9,5.288E-9,6.022E-9,214.0E-3,127.7E-9,208.9E-9,157.1E-9,212.0E-3,4.491E-9
214.0E-3,3.924E-9,5.656E-9,6.439E-9,216.0E-3,136.4E-9,223.0E-9,167.9E-9,214.0E-3,4.805E-9
216.0E-3,4.197E-9,6.050E-9,6.885E-9,218.0E-3,145.7E-9,237.9E-9,179.3E-9,216.0E-3,5.141E-9
218.0E-3,4.488E-9,6.470E-9,7.361E-9,220.0E-3,155.6E-9,253.9E-9,191.5E-9,218.0E-3,5.500E-9
220.0E-3,4.799E-9,6.919E-9,7.869E-9,222.0E-3,166.2E-9,270.9E-9,204.6E-9,220.0E-3,5.883E-9
222.0E-3,5.132E-9,7.398E-9,8.411E-9,224.0E-3,177.4E-9,288.9E-9,218.4E-9,222.0E-3,6.292E-9
224.0E-3,5.487E-9,7.909E-9,8.989E-9,226.0E-3,189.4E-9,308.1E-9,233.2E-9,224.0E-3,6.729E-9
226.0E-3,5.866E-9,8.455E-9,9.605E-9,228.0E-3,202.2E-9,328.6E-9,248.9E-9,226.0E-3,7.195E-9
228.0E-3,6.270E-9,9.037E-9,10.26E-9,230.0E-3,215.8E-9,350.3E-9,265.7E-9,228.0E-3,7.693E-9
230.0E-3,6.702E-9,9.658E-9,10.96E-9,232.0E-3,230.3E-9,373.3E-9,283.5E-9,230.0E-3,8.224E-9
232.0E-3,7.162E-9,10.32E-9,11.71E-9,234.0E-3,245.7E-9,397.9E-9,302.5E-9,232.0E-3,8.791E-9
234.0E-3,7.654E-9,11.03E-9,12.50E-9,236.0E-3,262.1E-9,423.9E-9,322.7E-9,234.0E-3,9.396E-9
236.0E-3,8.178E-9,11.78E-9,13.35E-9,238.0E-3,279.6E-9,451.5E-9,344.2E-9,236.0E-3,10.04E-9
238.0E-3,8.737E-9,12.58E-9,14.26E-9,240.0E-3,298.2E-9,480.9E-9,367.1E-9,238.0E-3,10.73E-9
240.0E-3,9.334E-9,13.44E-9,15.22E-9,242.0E-3,318.0E-9,512.1E-9,391.4E-9,240.0E-3,11.46E-9
242.0E-3,9.970E-9,14.35E-9,16.24E-9,244.0E-3,339.1E-9,545.1E-9,417.2E-9,242.0E-3,12.25E-9
244.0E-3,10.65E-9,15.32E-9,17.33E-9,246.0E-3,361.5E-9,580.2E-9,444.7E-9,244.0E-3,13.08E-9
246.0E-3,11.37E-9,16.35E-9,18.49E-9,248.0E-3,385.3E-9,617.3E-9,473.9E-9,246.0E-3,13.97E-9
248.0E-3,12.14E-9,17.45E-9,19.73E-9,250.0E-3,410.6E-9,656.7E-9,504.9E-9,248.0E-3,14.92E-9
250.0E-3,12.96E-9,18.63E-9,21.04E-9,252.0E-3,437.4E-9,698.5E-9,537.8E-9,250.0E-3,15.93E-9
252.0E-3,13.84E-9,19.87E-9,22.44E-9,254.0E-3,466.0E-9,742.7E-9,572.8E-9,252.0E-3,17.00E-9
254.0E-3,14.77E-9,21.20E-9,23.92E-9,256.0E-3,496.3E-9,789.6E-9,609.9E-9,254.0E-3,18.15E-9
256.0E-3,15.76E-9,22.62E-9,25.50E-9,258.0E-3,528.6E-9,839.2E-9,649.3E-9,256.0E-3,19.37E-9
258.0E-3,16.82E-9,24.12E-9,27.18E-9,260.0E-3,562.8E-9,891.6E-9,691.1E-9,258.0E-3,20.67E-9
260.0E-3,17.94E-9,25.72E-9,28.96E-9,262.0E-3,599.1E-9,947.1E-9,735.4E-9,260.0E-3,22.05E-9
262.0E-3,19.14E-9,27.42E-9,30.86E-9,264.0E-3,637.6E-9,1.006E-6,782.4E-9,262.0E-3,23.52E-9
264.0E-3,20.42E-9,29.22E-9,32.87E-9,266.0E-3,678.5E-9,1.068E-6,832.2E-9,264.0E-3,25.09E-9
266.0E-3,21.78E-9,31.14E-9,35.01E-9,268.0E-3,721.8E-9,1.133E-6,884.9E-9,266.0E-3,26.75E-9
268.0E-3,23.22E-9,33.18E-9,37.27E-9,270.0E-3,767.8E-9,1.203E-6,940.8E-9,268.0E-3,28.52E-9
270.0E-3,24.75E-9,35.35E-9,39.68E-9,272.0E-3,816.5E-9,1.276E-6,1.000E-6,270.0E-3,30.40E-9
272.0E-3,26.39E-9,37.65E-9,42.23E-9,274.0E-3,868.1E-9,1.353E-6,1.063E-6,272.0E-3,32.40E-9
274.0E-3,28.12E-9,40.09E-9,44.94E-9,276.0E-3,922.8E-9,1.435E-6,1.129E-6,274.0E-3,34.53E-9
276.0E-3,29.97E-9,42.68E-9,47.81E-9,278.0E-3,980.6E-9,1.521E-6,1.199E-6,276.0E-3,36.78E-9
278.0E-3,31.93E-9,45.43E-9,50.85E-9,280.0E-3,1.042E-6,1.611E-6,1.273E-6,278.0E-3,39.18E-9
280.0E-3,34.01E-9,48.34E-9,54.07E-9,282.0E-3,1.107E-6,1.707E-6,1.351E-6,280.0E-3,41.73E-9
282.0E-3,36.23E-9,51.44E-9,57.48E-9,284.0E-3,1.175E-6,1.807E-6,1.434E-6,282.0E-3,44.43E-9
284.0E-3,38.58E-9,54.72E-9,61.10E-9,286.0E-3,1.248E-6,1.913E-6,1.522E-6,284.0E-3,47.30E-9
286.0E-3,41.07E-9,58.19E-9,64.92E-9,288.0E-3,1.325E-6,2.025E-6,1.614E-6,286.0E-3,50.34E-9
288.0E-3,43.72E-9,61.87E-9,68.97E-9,290.0E-3,1.406E-6,2.143E-6,1.711E-6,288.0E-3,53.57E-9
290.0E-3,46.53E-9,65.77E-9,73.26E-9,292.0E-3,1.491E-6,2.266E-6,1.814E-6,290.0E-3,56.99E-9
292.0E-3,49.52E-9,69.90E-9,77.79E-9,294.0E-3,1.582E-6,2.396E-6,1.923E-6,292.0E-3,60.62E-9
294.0E-3,52.68E-9,74.27E-9,82.58E-9,296.0E-3,1.677E-6,2.533E-6,2.037E-6,294.0E-3,64.47E-9
296.0E-3,56.04E-9,78.89E-9,87.65E-9,298.0E-3,1.778E-6,2.676E-6,2.157E-6,296.0E-3,68.54E-9
298.0E-3,59.59E-9,83.78E-9,93.00E-9,300.0E-3,1.884E-6,2.827E-6,2.284E-6,298.0E-3,72.85E-9
300.0E-3,63.36E-9,88.95E-9,98.65E-9,302.0E-3,1.996E-6,2.985E-6,2.418E-6,300.0E-3,77.42E-9
302.0E-3,67.35E-9,94.42E-9,104.6E-9,304.0E-3,2.114E-6,3.151E-6,2.558E-6,302.0E-3,82.26E-9
304.0E-3,71.58E-9,100.2E-9,110.9E-9,306.0E-3,2.239E-6,3.325E-6,2.706E-6,304.0E-3,87.38E-9
306.0E-3,76.06E-9,106.3E-9,117.6E-9,308.0E-3,2.370E-6,3.508E-6,2.862E-6,306.0E-3,92.79E-9
308.0E-3,80.80E-9,112.8E-9,124.6E-9,310.0E-3,2.508E-6,3.700E-6,3.025E-6,308.0E-3,98.51E-9
310.0E-3,85.82E-9,119.6E-9,132.0E-9,312.0E-3,2.653E-6,3.900E-6,3.197E-6,310.0E-3,104.6E-9
312.0E-3,91.12E-9,126.8E-9,139.8E-9,314.0E-3,2.806E-6,4.110E-6,3.378E-6,312.0E-3,111.0E-9
314.0E-3,96.74E-9,134.3E-9,148.0E-9,316.0E-3,2.967E-6,4.331E-6,3.567E-6,314.0E-3,117.7E-9
316.0E-3,102.7E-9,142.3E-9,156.7E-9,318.0E-3,3.136E-6,4.561E-6,3.766E-6,316.0E-3,124.8E-9
318.0E-3,108.9E-9,150.8E-9,165.8E-9,320.0E-3,3.313E-6,4.802E-6,3.975E-6,318.0E-3,132.4E-9
320.0E-3,115.6E-9,159.7E-9,175.4E-9,322.0E-3,3.500E-6,5.054E-6,4.194E-6,320.0E-3,140.3E-9
322.0E-3,122.6E-9,169.0E-9,185.5E-9,324.0E-3,3.696E-6,5.317E-6,4.423E-6,322.0E-3,148.7E-9
324.0E-3,130.0E-9,178.9E-9,196.1E-9,326.0E-3,3.901E-6,5.593E-6,4.664E-6,324.0E-3,157.6E-9
326.0E-3,137.8E-9,189.3E-9,207.3E-9,328.0E-3,4.116E-6,5.880E-6,4.915E-6,326.0E-3,166.9E-9
328.0E-3,146.0E-9,200.2E-9,219.1E-9,330.0E-3,4.342E-6,6.181E-6,5.179E-6,328.0E-3,176.7E-9
330.0E-3,154.7E-9,211.7E-9,231.5E-9,332.0E-3,4.579E-6,6.494E-6,5.455E-6,330.0E-3,187.1E-9
332.0E-3,163.8E-9,223.8E-9,244.4E-9,334.0E-3,4.827E-6,6.822E-6,5.743E-6,332.0E-3,198.0E-9
334.0E-3,173.5E-9,236.5E-9,258.1E-9,336.0E-3,5.087E-6,7.163E-6,6.045E-6,334.0E-3,209.5E-9
336.0E-3,183.7E-9,249.9E-9,272.4E-9,338.0E-3,5.359E-6,7.519E-6,6.360E-6,336.0E-3,221.6E-9
338.0E-3,194.4E-9,264.0E-9,287.4E-9,340.0E-3,5.643E-6,7.890E-6,6.689E-6,338.0E-3,234.3E-9
340.0E-3,205.7E-9,278.8E-9,303.2E-9,342.0E-3,5.941E-6,8.277E-6,7.033E-6,340.0E-3,247.7E-9
342.0E-3,217.6E-9,294.3E-9,319.8E-9,344.0E-3,6.251E-6,8.680E-6,7.392E-6,342.0E-3,261.7E-9
344.0E-3,230.1E-9,310.6E-9,337.1E-9,346.0E-3,6.576E-6,9.100E-6,7.767E-6,344.0E-3,276.5E-9
346.0E-3,243.2E-9,327.6E-9,355.3E-9,348.0E-3,6.916E-6,9.537E-6,8.158E-6,346.0E-3,292.0E-9
348.0E-3,257.0E-9,345.6E-9,374.4E-9,350.0E-3,7.270E-6,9.991E-6,8.566E-6,348.0E-3,308.4E-9
350.0E-3,271.6E-9,364.4E-9,394.4E-9,352.0E-3,7.640E-6,10.46E-6,8.991E-6,350.0E-3,325.5E-9
352.0E-3,286.9E-9,384.1E-9,415.3E-9,354.0E-3,8.025E-6,10.96E-6,9.433E-6,352.0E-3,343.5E-9
354.0E-3,302.9E-9,404.7E-9,437.2E-9,356.0E-3,8.427E-6,11.47E-6,9.894E-6,354.0E-3,362.3E-9
356.0E-3,319.8E-9,426.4E-9,460.2E-9,358.0E-3,8.847E-6,12.00E-6,10.37E-6,356.0E-3,382.1E-9
358.0E-3,337.5E-9,449.0E-9,484.2E-9,360.0E-3,9.283E-6,12.55E-6,10.87E-6,358.0E-3,402.9E-9
360.0E-3,356.0E-9,472.8E-9,509.3E-9,362.0E-3,9.738E-6,13.13E-6,11.39E-6,360.0E-3,424.6E-9
362.0E-3,375.5E-9,497.6E-9,535.5E-9,364.0E-3,10.21E-6,13.72E-6,11.94E-6,362.0E-3,447.4E-9
364.0E-3,395.9E-9,523.6E-9,563.0E-9,366.0E-3,10.70E-6,14.34E-6,12.50E-6,364.0E-3,471.3E-9
366.0E-3,417.3E-9,550.8E-9,591.7E-9,368.0E-3,11.22E-6,14.98E-6,13.08E-6,366.0E-3,496.3E-9
368.0E-3,439.8E-9,579.2E-9,621.6E-9,370.0E-3,11.75E-6,15.65E-6,13.69E-6,368.0E-3,522.5E-9
370.0E-3,463.3E-9,609.0E-9,652.9E-9,372.0E-3,12.31E-6,16.34E-6,14.32E-6,370.0E-3,549.8E-9
372.0E-3,487.9E-9,640.0E-9,685.6E-9,374.0E-3,12.88E-6,17.06E-6,14.98E-6,372.0E-3,578.5E-9
374.0E-3,513.6E-9,672.5E-9,719.7E-9,376.0E-3,13.48E-6,17.80E-6,15.66E-6,374.0E-3,608.4E-9
376.0E-3,540.6E-9,706.4E-9,755.3E-9,378.0E-3,14.10E-6,18.57E-6,16.36E-6,376.0E-3,639.7E-9
378.0E-3,568.8E-9,741.8E-9,792.5E-9,380.0E-3,14.75E-6,19.37E-6,17.10E-6,378.0E-3,672.5E-9
380.0E-3,598.3E-9,778.8E-9,831.2E-9,382.0E-3,15.42E-6,20.20E-6,17.86E-6,380.0E-3,706.7E-9
382.0E-3,629.1E-9,817.3E-9,871.6E-9,384.0E-3,16.11E-6,21.05E-6,18.65E-6,382.0E-3,742.4E-9
384.0E-3,661.3E-9,857.6E-9,913.7E-9,386.0E-3,16.83E-6,21.94E-6,19.47E-6,384.0E-3,779.7E-9
386.0E-3,695.0E-9,899.5E-9,957.6E-9,388.0E-3,17.58E-6,22.86E-6,20.31E-6,386.0E-3,818.6E-9
388.0E-3,730.2E-9,943.3E-9,1.003E-6,390.0E-3,18.35E-6,23.80E-6,21.19E-6,388.0E-3,859.2E-9
390.0E-3,766.9E-9,988.9E-9,1.051E-6,392.0E-3,19.16E-6,24.79E-6,22.10E-6,390.0E-3,901.6E-9
392.0E-3,805.2E-9,1.036E-6,1.101E-6,394.0E-3,19.99E-6,25.80E-6,23.04E-6,392.0E-3,945.8E-9
394.0E-3,845.2E-9,1.086E-6,1.152E-6,396.0E-3,20.85E-6,26.85E-6,24.02E-6,394.0E-3,991.9E-9
396.0E-3,886.9E-9,1.137E-6,1.206E-6,398.0E-3,21.74E-6,27.93E-6,25.03E-6,396.0E-3,1.040E-6
398.0E-3,930.3E-9,1.191E-6,1.262E-6,400.0E-3,22.66E-6,29.05E-6,26.08E-6,398.0E-3,1.090E-6
400.0E-3,975.7E-9,1.247E-6,1.320E-6,402.0E-3,23.62E-6,30.21E-6,27.16E-6,400.0E-3,1.142E-6
402.0E-3,1.023E-6,1.305E-6,1.380E-6,404.0E-3,24.61E-6,31.40E-6,28.28E-6,402.0E-3,1.196E-6
404.0E-3,1.072E-6,1.366E-6,1.443E-6,406.0E-3,25.63E-6,32.63E-6,29.44E-6,404.0E-3,1.253E-6
406.0E-3,1.123E-6,1.429E-6,1.508E-6,408.0E-3,26.69E-6,33.90E-6,30.64E-6,406.0E-3,1.312E-6
408.0E-3,1.177E-6,1.494E-6,1.576E-6,410.0E-3,27.79E-6,35.21E-6,31.87E-6,408.0E-3,1.373E-6
410.0E-3,1.232E-6,1.562E-6,1.646E-6,412.0E-3,28.92E-6,36.56E-6,33.15E-6,410.0E-3,1.437E-6
412.0E-3,1.290E-6,1.633E-6,1.720E-6,414.0E-3,30.09E-6,37.95E-6,34.48E-6,412.0E-3,1.503E-6
414.0E-3,1.350E-6,1.706E-6,1.795E-6,416.0E-3,31.30E-6,39.39E-6,35.84E-6,414.0E-3,1.572E-6
416.0E-3,1.413E-6,1.783E-6,1.874E-6,418.0E-3,32.55E-6,40.86E-6,37.26E-6,416.0E-3,1.644E-6
418.0E-3,1.478E-6,1.862E-6,1.956E-6,420.0E-3,33.84E-6,42.38E-6,38.72E-6,418.0E-3,1.718E-6
420.0E-3,1.546E-6,1.944E-6,2.041E-6,422.0E-3,35.17E-6,43.95E-6,40.22E-6,420.0E-3,1.796E-6
422.0E-3,1.616E-6,2.030E-6,2.129E-6,424.0E-3,36.55E-6,45.56E-6,41.78E-6,422.0E-3,1.876E-6
424.0E-3,1.689E-6,2.118E-6,2.220E-6,426.0E-3,37.97E-6,47.22E-6,43.38E-6,424.0E-3,1.960E-6
426.0E-3,1.765E-6,2.210E-6,2.314E-6,428.0E-3,39.44E-6,48.92E-6,45.03E-6,426.0E-3,2.047E-6
428.0E-3,1.844E-6,2.306E-6,2.412E-6,430.0E-3,40.96E-6,50.67E-6,46.74E-6,428.0E-3,2.137E-6
430.0E-3,1.926E-6,2.405E-6,2.513E-6,432.0E-3,42.53E-6,52.47E-6,48.50E-6,430.0E-3,2.230E-6
432.0E-3,2.011E-6,2.507E-6,2.618E-6,434.0E-3,44.14E-6,54.31E-6,50.32E-6,432.0E-3,2.327E-6
434.0E-3,2.099E-6,2.613E-6,2.727E-6,436.0E-3,45.81E-6,56.21E-6,52.19E-6,434.0E-3,2.428E-6
436.0E-3,2.191E-6,2.724E-6,2.839E-6,438.0E-3,47.53E-6,58.15E-6,54.12E-6,436.0E-3,2.532E-6
438.0E-3,2.286E-6,2.838E-6,2.956E-6,440.0E-3,49.31E-6,60.15E-6,56.11E-6,438.0E-3,2.640E-6
440.0E-3,2.385E-6,2.956E-6,3.076E-6,442.0E-3,51.14E-6,62.20E-6,58.15E-6,440.0E-3,2.753E-6
442.0E-3,2.487E-6,3.078E-6,3.200E-6,444.0E-3,53.03E-6,64.29E-6,60.26E-6,442.0E-3,2.869E-6
444.0E-3,2.593E-6,3.204E-6,3.329E-6,446.0E-3,54.98E-6,66.44E-6,62.43E-6,444.0E-3,2.989E-6
446.0E-3,2.703E-6,3.335E-6,3.462E-6,448.0E-3,56.99E-6,68.65E-6,64.67E-6,446.0E-3,3.114E-6
448.0E-3,2.817E-6,3.471E-6,3.599E-6,450.0E-3,59.06E-6,70.90E-6,66.96E-6,448.0E-3,3.244E-6
450.0E-3,2.935E-6,3.611E-6,3.741E-6,452.0E-3,61.20E-6,73.21E-6,69.33E-6,450.0E-3,3.378E-6
452.0E-3,3.057E-6,3.756E-6,3.887E-6,454.0E-3,63.40E-6,75.57E-6,71.76E-6,452.0E-3,3.516E-6
454.0E-3,3.184E-6,3.906E-6,4.038E-6,456.0E-3,65.66E-6,77.98E-6,74.26E-6,454.0E-3,3.660E-6
456.0E-3,3.315E-6,4.060E-6,4.194E-6,458.0E-3,68.00E-6,80.45E-6,76.83E-6,456.0E-3,3.808E-6
458.0E-3,3.451E-6,4.220E-6,4.355E-6,460.0E-3,70.41E-6,82.97E-6,79.47E-6,458.0E-3,3.962E-6
460.0E-3,3.592E-6,4.385E-6,4.521E-6,462.0E-3,72.89E-6,85.54E-6,82.18E-6,460.0E-3,4.121E-6
462.0E-3,3.738E-6,4.556E-6,4.692E-6,464.0E-3,75.44E-6,88.17E-6,84.96E-6,462.0E-3,4.285E-6
464.0E-3,3.889E-6,4.732E-6,4.869E-6,466.0E-3,78.07E-6,90.85E-6,87.82E-6,464.0E-3,4.455E-6
466.0E-3,4.045E-6,4.913E-6,5.050E-6,468.0E-3,80.77E-6,93.59E-6,90.76E-6,466.0E-3,4.631E-6
468.0E-3,4.207E-6,5.101E-6,5.238E-6,470.0E-3,83.56E-6,96.38E-6,93.76E-6,468.0E-3,4.812E-6
470.0E-3,4.374E-6,5.294E-6,5.430E-6,472.0E-3,86.43E-6,99.22E-6,96.85E-6,470.0E-3,5.000E-6
472.0E-3,4.547E-6,5.493E-6,5.629E-6,474.0E-3,89.37E-6,102.1E-6,100.0E-6,472.0E-3,5.194E-6
474.0E-3,4.725E-6,5.698E-6,5.833E-6,476.0E-3,92.41E-6,105.1E-6,103.3E-6,474.0E-3,5.394E-6
476.0E-3,4.910E-6,5.910E-6,6.043E-6,478.0E-3,95.53E-6,108.1E-6,106.6E-6,476.0E-3,5.600E-6
478.0E-3,5.101E-6,6.128E-6,6.259E-6,480.0E-3,98.73E-6,111.1E-6,110.0E-6,478.0E-3,5.813E-6
480.0E-3,5.299E-6,6.353E-6,6.482E-6,482.0E-3,102.0E-6,114.2E-6,113.5E-6,480.0E-3,6.033E-6
482.0E-3,5.503E-6,6.584E-6,6.710E-6,484.0E-3,105.4E-6,117.4E-6,117.0E-6,482.0E-3,6.260E-6
484.0E-3,5.714E-6,6.822E-6,6.945E-6,486.0E-3,108.9E-6,120.6E-6,120.7E-6,484.0E-3,6.494E-6
486.0E-3,5.931E-6,7.067E-6,7.186E-6,488.0E-3,112.5E-6,123.9E-6,124.4E-6,486.0E-3,6.735E-6
488.0E-3,6.156E-6,7.319E-6,7.434E-6,490.0E-3,116.1E-6,127.2E-6,128.2E-6,488.0E-3,6.984E-6
490.0E-3,6.389E-6,7.578E-6,7.688E-6,492.0E-3,119.9E-6,130.5E-6,132.1E-6,490.0E-3,7.241E-6
492.0E-3,6.628E-6,7.845E-6,7.949E-6,494.0E-3,123.8E-6,134.0E-6,136.1E-6,492.0E-3,7.505E-6
494.0E-3,6.876E-6,8.119E-6,8.217E-6,496.0E-3,127.8E-6,137.4E-6,140.1E-6,494.0E-3,7.777E-6
496.0E-3,7.132E-6,8.400E-6,8.492E-6,498.0E-3,131.8E-6,140.9E-6,144.3E-6,496.0E-3,8.057E-6
498.0E-3,7.395E-6,8.690E-6,8.774E-6,500.0E-3,136.0E-6,144.5E-6,148.5E-6,498.0E-3,8.346E-6
500.0E-3,7.667E-6,8.987E-6,9.063E-6,502.0E-3,140.3E-6,148.1E-6,152.8E-6,500.0E-3,8.643E-6
502.0E-3,7.948E-6,9.292E-6,9.359E-6,504.0E-3,144.7E-6,151.7E-6,157.2E-6,502.0E-3,8.948E-6
504.0E-3,8.237E-6,9.605E-6,9.662E-6,506.0E-3,149.2E-6,155.4E-6,161.7E-6,504.0E-3,9.263E-6
506.0E-3,8.536E-6,9.926E-6,9.973E-6,508.0E-3,153.8E-6,159.1E-6,166.2E-6,506.0E-3,9.586E-6
508.0E-3,8.843E-6,10.26E-6,10.29E-6,510.0E-3,158.5E-6,162.9E-6,170.9E-6,508.0E-3,9.918E-6
510.0E-3,9.160E-6,10.59E-6,10.62E-6,512.0E-3,163.3E-6,166.7E-6,175.6E-6,510.0E-3,10.26E-6
512.0E-3,9.487E-6,10.94E-6,10.95E-6,514.0E-3,168.3E-6,170.6E-6,180.4E-6,512.0E-3,10.61E-6
514.0E-3,9.823E-6,11.29E-6,11.29E-6,516.0E-3,173.3E-6,174.5E-6,185.3E-6,514.0E-3,10.97E-6
516.0E-3,10.17E-6,11.66E-6,11.64E-6,518.0E-3,178.5E-6,178.4E-6,190.2E-6,516.0E-3,11.34E-6
518.0E-3,10.53E-6,12.03E-6,12.00E-6,520.0E-3,183.8E-6,182.4E-6,195.3E-6,518.0E-3,11.72E-6
520.0E-3,10.89E-6,12.41E-6,12.36E-6,522.0E-3,189.2E-6,186.4E-6,200.4E-6,520.0E-3,12.11E-6
522.0E-3,11.27E-6,12.80E-6,12.74E-6,524.0E-3,194.7E-6,190.4E-6,205.6E-6,522.0E-3,12.51E-6
524.0E-3,11.66E-6,13.20E-6,13.12E-6,526.0E-3,200.3E-6,194.5E-6,210.9E-6,524.0E-3,12.93E-6
526.0E-3,12.06E-6,13.61E-6,13.51E-6,528.0E-3,206.1E-6,198.6E-6,216.2E-6,526.0E-3,13.35E-6
528.0E-3,12.48E-6,14.03E-6,13.90E-6,530.0E-3,211.9E-6,202.8E-6,221.7E-6,528.0E-3,13.78E-6
530.0E-3,12.90E-6,14.46E-6,14.31E-6,532.0E-3,217.9E-6,206.9E-6,227.2E-6,530.0E-3,14.22E-6
532.0E-3,13.33E-6,14.90E-6,14.72E-6,534.0E-3,224.0E-6,211.1E-6,232.7E-6,532.0E-3,14.68E-6
534.0E-3,13.78E-6,15.34E-6,15.14E-6,536.0E-3,230.2E-6,215.3E-6,238.4E-6,534.0E-3,15.14E-6
536.0E-3,14.24E-6,15.80E-6,15.57E-6,538.0E-3,236.6E-6,219.6E-6,244.1E-6,536.0E-3,15.62E-6
538.0E-3,14.72E-6,16.27E-6,16.01E-6,540.0E-3,243.0E-6,223.9E-6,249.9E-6,538.0E-3,16.11E-6
540.0E-3,15.20E-6,16.74E-6,16.46E-6,542.0E-3,249.6E-6,228.2E-6,255.7E-6,540.0E-3,16.61E-6
542.0E-3,15.70E-6,17.23E-6,16.92E-6,544.0E-3,256.3E-6,232.5E-6,261.6E-6,542.0E-3,17.12E-6
544.0E-3,16.21E-6,17.73E-6,17.38E-6,546.0E-3,263.1E-6,236.8E-6,267.6E-6,544.0E-3,17.64E-6
546.0E-3,16.74E-6,18.23E-6,17.86E-6,548.0E-3,270.0E-6,241.2E-6,273.6E-6,546.0E-3,18.18E-6
548.0E-3,17.28E-6,18.75E-6,18.34E-6,550.0E-3,277.0E-6,245.6E-6,279.7E-6,548.0E-3,18.73E-6
550.0E-3,17.83E-6,19.28E-6,18.83E-6,552.0E-3,284.1E-6,250.0E-6,285.9E-6,550.0E-3,19.28E-6
552.0E-3,18.40E-6,19.82E-6,19.33E-6,554.0E-3,291.4E-6,254.4E-6,292.1E-6,552.0E-3,19.86E-6
554.0E-3,18.99E-6,20.36E-6,19.84E-6,556.0E-3,298.8E-6,258.9E-6,298.3E-6,554.0E-3,20.44E-6
556.0E-3,19.58E-6,20.92E-6,20.36E-6,558.0E-3,306.2E-6,263.3E-6,304.7E-6,556.0E-3,21.04E-6
558.0E-3,20.20E-6,21.49E-6,20.88E-6,560.0E-3,313.8E-6,267.8E-6,311.0E-6,558.0E-3,21.65E-6
560.0E-3,20.82E-6,22.07E-6,21.42E-6,562.0E-3,321.5E-6,272.3E-6,317.4E-6,560.0E-3,22.27E-6
562.0E-3,21.47E-6,22.66E-6,21.96E-6,564.0E-3,329.2E-6,276.8E-6,323.9E-6,562.0E-3,22.90E-6
564.0E-3,22.12E-6,23.26E-6,22.52E-6,566.0E-3,337.1E-6,281.3E-6,330.4E-6,564.0E-3,23.55E-6
566.0E-3,22.80E-6,23.87E-6,23.08E-6,568.0E-3,345.1E-6,285.8E-6,336.9E-6,566.0E-3,24.21E-6
568.0E-3,23.49E-6,24.49E-6,23.65E-6,570.0E-3,353.2E-6,290.3E-6,343.5E-6,568.0E-3,24.89E-6
570.0E-3,24.20E-6,25.12E-6,24.23E-6,572.0E-3,361.3E-6,294.8E-6,350.1E-6,570.0E-3,25.57E-6
572.0E-3,24.92E-6,25.77E-6,24.82E-6,574.0E-3,369.6E-6,299.3E-6,356.7E-6,572.0E-3,26.27E-6
574.0E-3,25.66E-6,26.42E-6,25.42E-6,576.0E-3,378.0E-6,303.9E-6,363.4E-6,574.0E-3,26.99E-6
576.0E-3,26.41E-6,27.08E-6,26.03E-6,578.0E-3,386.4E-6,308.4E-6,370.1E-6,576.0E-3,27.71E-6
578.0E-3,27.19E-6,27.76E-6,26.64E-6,580.0E-3,394.9E-6,312.9E-6,376.8E-6,578.0E-3,28.45E-6
580.0E-3,27.98E-6,28.45E-6,27.27E-6,582.0E-3,403.5E-6,317.5E-6,383.6E-6,580.0E-3,29.21E-6
582.0E-3,28.78E-6,29.14E-6,27.91E-6,584.0E-3,412.2E-6,322.0E-6,390.4E-6,582.0E-3,29.97E-6
584.0E-3,29.61E-6,29.85E-6,28.55E-6,586.0E-3,421.0E-6,326.6E-6,397.2E-6,584.0E-3,30.75E-6
586.0E-3,30.45E-6,30.57E-6,29.20E-6,588.0E-3,429.8E-6,331.1E-6,404.0E-6,586.0E-3,31.55E-6
588.0E-3,31.31E-6,31.30E-6,29.86E-6,590.0E-3,438.7E-6,335.7E-6,410.9E-6,588.0E-3,32.36E-6
590.0E-3,32.19E-6,32.04E-6,30.54E-6,592.0E-3,447.7E-6,340.2E-6,417.7E-6,590.0E-3,33.18E-6
592.0E-3,33.08E-6,32.79E-6,31.22E-6,594.0E-3,456.7E-6,344.8E-6,424.6E-6,592.0E-3,34.01E-6
594.0E-3,34.00E-6,33.55E-6,31.91E-6,596.0E-3,465.9E-6,349.3E-6,431.5E-6,594.0E-3,34.86E-6
596.0E-3,34.93E-6,34.33E-6,32.60E-6,598.0E-3,475.0E-6,353.8E-6,438.4E-6,596.0E-3,35.73E-6
598.0E-3,35.88E-6,35.11E-6,33.31E-6,600.0E-3,484.2E-6,358.3E-6,445.3E-6,598.0E-3,36.60E-6
600.0E-3,36.85E-6,35.91E-6,34.03E-6,602.0E-3,493.5E-6,362.9E-6,452.2E-6,600.0E-3,37.49E-6
602.0E-3,37.83E-6,36.71E-6,34.75E-6,604.0E-3,502.8E-6,367.4E-6,459.1E-6,602.0E-3,38.40E-6
604.0E-3,38.84E-6,37.53E-6,35.49E-6,606.0E-3,512.2E-6,371.9E-6,466.0E-6,604.0E-3,39.32E-6
606.0E-3,39.86E-6,38.36E-6,36.23E-6,608.0E-3,521.6E-6,376.4E-6,472.9E-6,606.0E-3,40.25E-6
608.0E-3,40.91E-6,39.20E-6,36.99E-6,610.0E-3,531.0E-6,380.9E-6,479.9E-6,608.0E-3,41.19E-6
610.0E-3,41.97E-6,40.04E-6,37.75E-6,612.0E-3,540.5E-6,385.3E-6,486.8E-6,610.0E-3,42.15E-6
612.0E-3,43.05E-6,40.90E-6,38.52E-6,614.0E-3,550.0E-6,389.8E-6,493.7E-6,612.0E-3,43.13E-6
614.0E-3,44.15E-6,41.78E-6,39.30E-6,616.0E-3,559.6E-6,394.3E-6,500.6E-6,614.0E-3,44.12E-6
616.0E-3,45.27E-6,42.66E-6,40.09E-6,618.0E-3,569.1E-6,398.7E-6,507.5E-6,616.0E-3,45.12E-6
618.0E-3,46.41E-6,43.55E-6,40.88E-6,620.0E-3,578.7E-6,403.2E-6,514.3E-6,618.0E-3,46.13E-6
620.0E-3,47.56E-6,44.45E-6,41.69E-6,622.0E-3,588.3E-6,407.6E-6,521.2E-6,620.0E-3,47.16E-6
622.0E-3,48.74E-6,45.37E-6,42.51E-6,624.0E-3,597.9E-6,412.0E-6,528.1E-6,622.0E-3,48.20E-6
624.0E-3,49.94E-6,46.29E-6,43.33E-6,626.0E-3,607.6E-6,416.4E-6,534.9E-6,624.0E-3,49.26E-6
626.0E-3,51.15E-6,47.22E-6,44.16E-6,628.0E-3,617.2E-6,420.8E-6,541.7E-6,626.0E-3,50.33E-6
628.0E-3,52.39E-6,48.17E-6,45.00E-6,630.0E-3,626.9E-6,425.2E-6,548.5E-6,628.0E-3,51.41E-6
630.0E-3,53.64E-6,49.13E-6,45.85E-6,632.0E-3,636.5E-6,429.5E-6,555.3E-6,630.0E-3,52.51E-6
632.0E-3,54.91E-6,50.09E-6,46.71E-6,634.0E-3,646.2E-6,433.9E-6,562.1E-6,632.0E-3,53.62E-6
634.0E-3,56.20E-6,51.07E-6,47.58E-6,636.0E-3,655.8E-6,438.2E-6,568.8E-6,634.0E-3,54.74E-6
636.0E-3,57.52E-6,52.06E-6,48.46E-6,638.0E-3,665.5E-6,442.5E-6,575.6E-6,636.0E-3,55.88E-6
638.0E-3,58.85E-6,53.06E-6,49.34E-6,640.0E-3,675.1E-6,446.8E-6,582.3E-6,638.0E-3,57.03E-6
640.0E-3,60.20E-6,54.06E-6,50.24E-6,642.0E-3,684.8E-6,451.1E-6,589.0E-6,640.0E-3,58.20E-6
642.0E-3,61.57E-6,55.08E-6,51.14E-6,644.0E-3,694.4E-6,455.4E-6,595.6E-6,642.0E-3,59.38E-6
644.0E-3,62.96E-6,56.11E-6,52.05E-6,646.0E-3,704.0E-6,459.6E-6,602.2E-6,644.0E-3,60.57E-6
646.0E-3,64.36E-6,57.15E-6,52.97E-6,648.0E-3,713.6E-6,463.8E-6,608.8E-6,646.0E-3,61.77E-6
648.0E-3,65.79E-6,58.20E-6,53.90E-6,650.0E-3,723.1E-6,468.1E-6,615.4E-6,648.0E-3,62.99E-6
650.0E-3,67.24E-6,59.26E-6,54.83E-6,652.0E-3,732.7E-6,472.3E-6,621.9E-6,650.0E-3,64.22E-6
652.0E-3,68.70E-6,60.33E-6,55.78E-6,654.0E-3,742.2E-6,476.4E-6,628.5E-6,652.0E-3,65.46E-6
654.0E-3,70.19E-6,61.41E-6,56.73E-6,656.0E-3,751.7E-6,480.6E-6,634.9E-6,654.0E-3,66.72E-6
656.0E-3,71.69E-6,62.50E-6,57.69E-6,658.0E-3,761.1E-6,484.8E-6,641.4E-6,656.0E-3,67.99E-6
658.0E-3,73.21E-6,63.60E-6,58.66E-6,660.0E-3,770.5E-6,488.9E-6,647.8E-6,658.0E-3,69.27E-6
660.0E-3,74.75E-6,64.71E-6,59.64E-6,662.0E-3,779.9E-6,493.0E-6,654.2E-6,660.0E-3,70.57E-6
662.0E-3,76.31E-6,65.83E-6,60.62E-6,664.0E-3,789.3E-6,497.1E-6,660.5E-6,662.0E-3,71.88E-6
664.0E-3,77.89E-6,66.95E-6,61.62E-6,666.0E-3,798.6E-6,501.2E-6,666.8E-6,664.0E-3,73.20E-6
666.0E-3,79.49E-6,68.09E-6,62.62E-6,668.0E-3,807.8E-6,505.2E-6,673.1E-6,666.0E-3,74.53E-6
668.0E-3,81.10E-6,69.24E-6,63.63E-6,670.0E-3,817.0E-6,509.3E-6,679.4E-6,668.0E-3,75.88E-6
670.0E-3,82.74E-6,70.40E-6,64.65E-6,672.0E-3,826.2E-6,513.3E-6,685.6E-6,670.0E-3,77.24E-6
672.0E-3,84.39E-6,71.57E-6,65.68E-6,674.0E-3,835.3E-6,517.3E-6,691.7E-6,672.0E-3,78.61E-6
674.0E-3,86.06E-6,72.75E-6,66.71E-6,676.0E-3,844.4E-6,521.3E-6,697.9E-6,674.0E-3,79.99E-6
676.0E-3,87.75E-6,73.93E-6,67.75E-6,678.0E-3,853.5E-6,525.2E-6,704.0E-6,676.0E-3,81.39E-6
678.0E-3,89.46E-6,75.13E-6,68.80E-6,680.0E-3,862.4E-6,529.2E-6,710.0E-6,678.0E-3,82.79E-6
680.0E-3,91.18E-6,76.33E-6,69.86E-6,682.0E-3,871.4E-6,533.1E-6,716.1E-6,680.0E-3,84.21E-6
682.0E-3,92.93E-6,77.55E-6,70.93E-6,684.0E-3,880.2E-6,537.0E-6,722.0E-6,682.0E-3,85.65E-6
684.0E-3,94.69E-6,78.77E-6,72.00E-6,686.0E-3,889.1E-6,540.9E-6,728.0E-6,684.0E-3,87.09E-6
686.0E-3,96.46E-6,80.01E-6,73.08E-6,688.0E-3,897.8E-6,544.7E-6,733.9E-6,686.0E-3,88.55E-6
688.0E-3,98.26E-6,81.25E-6,74.17E-6,690.0E-3,906.5E-6,548.6E-6,739.7E-6,688.0E-3,90.01E-6
690.0E-3,100.1E-6,82.50E-6,75.27E-6,692.0E-3,915.2E-6,552.4E-6,745.6E-6,690.0E-3,91.49E-6
692.0E-3,101.9E-6,83.76E-6,76.38E-6,694.0E-3,923.7E-6,556.2E-6,751.3E-6,692.0E-3,92.99E-6
694.0E-3,103.8E-6,85.03E-6,77.49E-6,696.0E-3,932.3E-6,560.0E-6,757.1E-6,694.0E-3,94.49E-6
696.0E-3,105.6E-6,86.31E-6,78.61E-6,698.0E-3,940.7E-6,563.8E-6,762.8E-6,696.0E-3,96.00E-6
698.0E-3,107.5E-6,87.60E-6,79.74E-6,700.0E-3,949.1E-6,567.5E-6,768.5E-6,698.0E-3,97.53E-6
700.0E-3,109.4E-6,88.90E-6,80.87E-6,702.0E-3,957.5E-6,571.2E-6,774.1E-6,700.0E-3,99.06E-6
702.0E-3,111.3E-6,90.20E-6,82.01E-6,704.0E-3,965.7E-6,574.9E-6,779.7E-6,702.0E-3,100.6E-6
704.0E-3,113.2E-6,91.52E-6,83.16E-6,706.0E-3,973.9E-6,578.6E-6,785.2E-6,704.0E-3,102.2E-6
706.0E-3,115.2E-6,92.84E-6,84.32E-6,708.0E-3,982.1E-6,582.3E-6,790.7E-6,706.0E-3,103.7E-6
708.0E-3,117.2E-6,94.17E-6,85.48E-6,710.0E-3,990.1E-6,585.9E-6,796.2E-6,708.0E-3,105.3E-6
710.0E-3,119.1E-6,95.51E-6,86.66E-6,712.0E-3,998.2E-6,589.6E-6,801.6E-6,710.0E-3,106.9E-6
712.0E-3,121.1E-6,96.86E-6,87.84E-6,714.0E-3,1.006E-3,593.2E-6,806.9E-6,712.0E-3,108.5E-6
714.0E-3,123.1E-6,98.22E-6,89.02E-6,716.0E-3,1.014E-3,596.7E-6,812.3E-6,714.0E-3,110.1E-6
716.0E-3,125.2E-6,99.59E-6,90.21E-6,718.0E-3,1.022E-3,600.3E-6,817.6E-6,716.0E-3,111.8E-6
718.0E-3,127.2E-6,101.0E-6,91.42E-6,720.0E-3,1.030E-3,603.9E-6,822.8E-6,718.0E-3,113.4E-6
720.0E-3,129.3E-6,102.3E-6,92.62E-6,722.0E-3,1.037E-3,607.4E-6,828.0E-6,720.0E-3,115.0E-6
722.0E-3,131.3E-6,103.7E-6,93.84E-6,724.0E-3,1.045E-3,610.9E-6,833.2E-6,722.0E-3,116.7E-6
724.0E-3,133.4E-6,105.1E-6,95.06E-6,726.0E-3,1.052E-3,614.4E-6,838.3E-6,724.0E-3,118.4E-6
726.0E-3,135.5E-6,106.5E-6,96.29E-6,728.0E-3,1.060E-3,617.8E-6,843.4E-6,726.0E-3,120.0E-6
728.0E-3,137.7E-6,108.0E-6,97.52E-6,730.0E-3,1.067E-3,621.3E-6,848.5E-6,728.0E-3,121.7E-6
730.0E-3,139.8E-6,109.4E-6,98.77E-6,732.0E-3,1.074E-3,624.7E-6,853.5E-6,730.0E-3,123.4E-6
732.0E-3,141.9E-6,110.8E-6,100.0E-6,734.0E-3,1.082E-3,628.1E-6,858.4E-6,732.0E-3,125.1E-6
734.0E-3,144.1E-6,112.2E-6,101.3E-6,736.0E-3,1.089E-3,631.5E-6,863.4E-6,734.0E-3,126.8E-6
736.0E-3,146.3E-6,113.7E-6,102.5E-6,738.0E-3,1.096E-3,634.9E-6,868.2E-6,736.0E-3,128.6E-6
738.0E-3,148.5E-6,115.1E-6,103.8E-6,740.0E-3,1.103E-3,638.2E-6,873.1E-6,738.0E-3,130.3E-6
740.0E-3,150.7E-6,116.6E-6,105.1E-6,742.0E-3,1.110E-3,641.5E-6,877.9E-6,740.0E-3,132.1E-6
742.0E-3,152.9E-6,118.1E-6,106.4E-6,744.0E-3,1.117E-3,644.8E-6,882.6E-6,742.0E-3,133.8E-6
744.0E-3,155.1E-6,119.6E-6,107.7E-6,746.0E-3,1.124E-3,648.1E-6,887.4E-6,744.0E-3,135.6E-6
746.0E-3,157.4E-6,121.0E-6,109.0E-6,748.0E-3,1.131E-3,651.4E-6,892.0E-6,746.0E-3,137.4E-6
748.0E-3,159.6E-6,122.5E-6,110.3E-6,750.0E-3,1.137E-3,654.6E-6,896.7E-6,748.0E-3,139.1E-6
750.0E-3,161.9E-6,124.0E-6,111.6E-6,752.0E-3,1.144E-3,657.9E-6,901.3E-6,750.0E-3,140.9E-6
752.0E-3,164.2E-6,125.5E-6,112.9E-6,754.0E-3,1.150E-3,661.1E-6,905.9E-6,752.0E-3,142.7E-6
754.0E-3,166.5E-6,127.1E-6,114.2E-6,756.0E-3,1.157E-3,664.3E-6,910.4E-6,754.0E-3,144.5E-6
756.0E-3,168.8E-6,128.6E-6,115.5E-6,758.0E-3,1.163E-3,667.4E-6,914.9E-6,756.0E-3,146.4E-6
758.0E-3,171.2E-6,130.1E-6,116.9E-6,760.0E-3,1.170E-3,670.6E-6,919.3E-6,758.0E-3,148.2E-6
760.0E-3,173.5E-6,131.7E-6,118.2E-6,762.0E-3,1.176E-3,673.7E-6,923.7E-6,760.0E-3,150.0E-6
762.0E-3,175.8E-6,133.2E-6,119.6E-6,764.0E-3,1.182E-3,676.8E-6,928.1E-6,762.0E-3,151.9E-6
764.0E-3,178.2E-6,134.7E-6,120.9E-6,766.0E-3,1.188E-3,679.9E-6,932.4E-6,764.0E-3,153.7E-6
766.0E-3,180.6E-6,136.3E-6,122.3E-6,768.0E-3,1.195E-3,683.0E-6,936.7E-6,766.0E-3,155.6E-6
768.0E-3,183.0E-6,137.9E-6,123.6E-6,770.0E-3,1.201E-3,686.1E-6,941.0E-6,768.0E-3,157.5E-6
770.0E-3,185.4E-6,139.4E-6,125.0E-6,772.0E-3,1.207E-3,689.1E-6,945.2E-6,770.0E-3,159.4E-6
772.0E-3,187.8E-6,141.0E-6,126.4E-6,774.0E-3,1.212E-3,692.1E-6,949.3E-6,772.0E-3,161.2E-6
774.0E-3,190.2E-6,142.6E-6,127.8E-6,776.0E-3,1.218E-3,695.1E-6,953.5E-6,774.0E-3,163.1E-6
776.0E-3,192.6E-6,144.2E-6,129.2E-6,778.0E-3,1.224E-3,698.1E-6,957.6E-6,776.0E-3,165.1E-6
778.0E-3,195.1E-6,145.8E-6,130.6E-6,780.0E-3,1.230E-3,701.0E-6,961.7E-6,778.0E-3,167.0E-6
780.0E-3,197.6E-6,147.4E-6,132.0E-6,782.0E-3,1.235E-3,704.0E-6,965.7E-6,780.0E-3,168.9E-6
782.0E-3,200.0E-6,149.0E-6,133.4E-6,784.0E-3,1.241E-3,706.9E-6,969.7E-6,782.0E-3,170.8E-6
784.0E-3,202.5E-6,150.6E-6,134.8E-6,786.0E-3,1.246E-3,709.8E-6,973.6E-6,784.0E-3,172.8E-6
786.0E-3,205.0E-6,152.3E-6,136.2E-6,788.0E-3,1.252E-3,712.7E-6,977.6E-6,786.0E-3,174.7E-6
788.0E-3,207.5E-6,153.9E-6,137.6E-6,790.0E-3,1.257E-3,715.5E-6,981.4E-6,788.0E-3,176.7E-6
790.0E-3,210.0E-6,155.5E-6,139.1E-6,792.0E-3,1.263E-3,718.4E-6,985.3E-6,790.0E-3,178.6E-6
792.0E-3,212.5E-6,157.2E-6,140.5E-6,794.0E-3,1.268E-3,721.2E-6,989.1E-6,792.0E-3,180.6E-6
794.0E-3,215.1E-6,158.8E-6,141.9E-6,796.0E-3,1.273E-3,724.0E-6,992.9E-6,794.0E-3,182.6E-6
796.0E-3,217.6E-6,160.5E-6,143.4E-6,798.0E-3,1.278E-3,726.8E-6,996.6E-6,796.0E-3,184.6E-6
798.0E-3,220.2E-6,162.2E-6,144.8E-6,800.0E-3,1.283E-3,729.6E-6,1.000E-3,798.0E-3,186.6E-6
800.0E-3,222.8E-6,163.8E-6,146.3E-6,802.0E-3,1.288E-3,732.3E-6,1.004E-3,800.0E-3,188.6E-6
802.0E-3,225.3E-6,165.5E-6,147.8E-6,804.0E-3,1.293E-3,735.1E-6,1.008E-3,802.0E-3,190.6E-6
804.0E-3,227.9E-6,167.2E-6,149.2E-6,806.0E-3,1.298E-3,737.8E-6,1.011E-3,804.0E-3,192.6E-6
806.0E-3,230.5E-6,168.9E-6,150.7E-6,808.0E-3,1.303E-3,740.5E-6,1.015E-3,806.0E-3,194.6E-6
808.0E-3,233.1E-6,170.6E-6,152.2E-6,810.0E-3,1.308E-3,743.2E-6,1.018E-3,808.0E-3,196.6E-6
810.0E-3,235.7E-6,172.3E-6,153.7E-6,812.0E-3,1.313E-3,745.8E-6,1.022E-3,810.0E-3,198.7E-6
812.0E-3,238.4E-6,174.0E-6,155.2E-6,814.0E-3,1.317E-3,748.5E-6,1.025E-3,812.0E-3,200.7E-6
814.0E-3,241.0E-6,175.7E-6,156.7E-6,816.0E-3,1.322E-3,751.1E-6,1.029E-3,814.0E-3,202.8E-6
816.0E-3,243.6E-6,177.4E-6,158.2E-6,818.0E-3,1.327E-3,753.7E-6,1.032E-3,816.0E-3,204.8E-6
818.0E-3,246.3E-6,179.1E-6,159.7E-6,820.0E-3,1.331E-3,756.3E-6,1.036E-3,818.0E-3,206.9E-6
820.0E-3,249.0E-6,180.9E-6,161.2E-6,822.0E-3,1.336E-3,758.9E-6,1.039E-3,820.0E-3,209.0E-6
822.0E-3,251.6E-6,182.6E-6,162.7E-6,824.0E-3,1.340E-3,761.4E-6,1.042E-3,822.0E-3,211.0E-6
824.0E-3,254.3E-6,184.3E-6,164.2E-6,826.0E-3,1.344E-3,764.0E-6,1.045E-3,824.0E-3,213.1E-6
826.0E-3,257.0E-6,186.1E-6,165.8E-6,828.0E-3,1.349E-3,766.5E-6,1.049E-3,826.0E-3,215.2E-6
828.0E-3,259.7E-6,187.8E-6,167.3E-6,830.0E-3,1.353E-3,769.0E-6,1.052E-3,828.0E-3,217.3E-6
830.0E-3,262.4E-6,189.6E-6,168.8E-6,832.0E-3,1.357E-3,771.5E-6,1.055E-3,830.0E-3,219.4E-6
832.0E-3,265.1E-6,191.4E-6,170.4E-6,834.0E-3,1.361E-3,773.9E-6,1.058E-3,832.0E-3,221.5E-6
834.0E-3,267.8E-6,193.1E-6,171.9E-6,836.0E-3,1.365E-3,776.4E-6,1.061E-3,834.0E-3,223.6E-6
836.0E-3,270.6E-6,194.9E-6,173.5E-6,838.0E-3,1.369E-3,778.8E-6,1.064E-3,836.0E-3,225.8E-6
838.0E-3,273.3E-6,196.7E-6,175.0E-6,840.0E-3,1.373E-3,781.2E-6,1.067E-3,838.0E-3,227.9E-6
840.0E-3,276.0E-6,198.5E-6,176.6E-6,842.0E-3,1.377E-3,783.6E-6,1.070E-3,840.0E-3,230.0E-6
842.0E-3,278.8E-6,200.3E-6,178.2E-6,844.0E-3,1.381E-3,786.0E-6,1.073E-3,842.0E-3,232.2E-6
844.0E-3,281.6E-6,202.1E-6,179.7E-6,846.0E-3,1.385E-3,788.4E-6,1.076E-3,844.0E-3,234.3E-6
846.0E-3,284.3E-6,203.9E-6,181.3E-6,848.0E-3,1.389E-3,790.7E-6,1.079E-3,846.0E-3,236.5E-6
848.0E-3,287.1E-6,205.7E-6,182.9E-6,850.0E-3,1.393E-3,793.1E-6,1.082E-3,848.0E-3,238.6E-6
850.0E-3,289.9E-6,207.5E-6,184.5E-6,852.0E-3,1.396E-3,795.4E-6,1.085E-3,850.0E-3,240.8E-6
852.0E-3,292.7E-6,209.3E-6,186.1E-6,854.0E-3,1.400E-3,797.7E-6,1.088E-3,852.0E-3,243.0E-6
854.0E-3,295.5E-6,211.1E-6,187.7E-6,856.0E-3,1.404E-3,799.9E-6,1.091E-3,854.0E-3,245.1E-6
856.0E-3,298.3E-6,212.9E-6,189.3E-6,858.0E-3,1.407E-3,802.2E-6,1.094E-3,856.0E-3,247.3E-6
858.0E-3,301.1E-6,214.8E-6,190.9E-6,860.0E-3,1.411E-3,804.4E-6,1.096E-3,858.0E-3,249.5E-6
860.0E-3,303.9E-6,216.6E-6,192.5E-6,862.0E-3,1.414E-3,806.7E-6,1.099E-3,860.0E-3,251.7E-6
862.0E-3,306.8E-6,218.4E-6,194.1E-6,864.0E-3,1.418E-3,808.9E-6,1.102E-3,862.0E-3,253.9E-6
864.0E-3,309.6E-6,220.3E-6,195.7E-6,866.0E-3,1.421E-3,811.1E-6,1.104E-3,864.0E-3,256.1E-6
866.0E-3,312.4E-6,222.1E-6,197.3E-6,868.0E-3,1.424E-3,813.3E-6,1.107E-3,866.0E-3,258.3E-6
868.0E-3,315.3E-6,224.0E-6,198.9E-6,870.0E-3,1.428E-3,815.4E-6,1.110E-3,868.0E-3,260.5E-6
870.0E-3,318.1E-6,225.9E-6,200.6E-6,872.0E-3,1.431E-3,817.6E-6,1.112E-3,870.0E-3,262.7E-6
872.0E-3,321.0E-6,227.7E-6,202.2E-6,874.0E-3,1.434E-3,819.7E-6,1.115E-3,872.0E-3,265.0E-6
874.0E-3,323.9E-6,229.6E-6,203.9E-6,876.0E-3,1.437E-3,821.8E-6,1.117E-3,874.0E-3,267.2E-6
876.0E-3,326.7E-6,231.5E-6,205.5E-6,878.0E-3,1.440E-3,823.9E-6,1.120E-3,876.0E-3,269.4E-6
878.0E-3,329.6E-6,233.3E-6,207.1E-6,880.0E-3,1.443E-3,826.0E-6,1.122E-3,878.0E-3,271.7E-6
880.0E-3,332.5E-6,235.2E-6,208.8E-6,882.0E-3,1.446E-3,828.0E-6,1.125E-3,880.0E-3,273.9E-6
882.0E-3,335.4E-6,237.1E-6,210.5E-6,884.0E-3,1.449E-3,830.1E-6,1.127E-3,882.0E-3,276.2E-6
884.0E-3,338.3E-6,239.0E-6,212.1E-6,886.0E-3,1.452E-3,832.1E-6,1.130E-3,884.0E-3,278.4E-6
886.0E-3,341.2E-6,240.9E-6,213.8E-6,888.0E-3,1.455E-3,834.1E-6,1.132E-3,886.0E-3,280.7E-6
888.0E-3,344.1E-6,242.8E-6,215.4E-6,890.0E-3,1.458E-3,836.1E-6,1.134E-3,888.0E-3,282.9E-6
890.0E-3,347.0E-6,244.7E-6,217.1E-6,892.0E-3,1.461E-3,838.1E-6,1.137E-3,890.0E-3,285.2E-6
892.0E-3,350.0E-6,246.6E-6,218.8E-6,894.0E-3,1.464E-3,840.1E-6,1.139E-3,892.0E-3,287.5E-6
894.0E-3,352.9E-6,248.5E-6,220.5E-6,896.0E-3,1.467E-3,842.0E-6,1.141E-3,894.0E-3,289.8E-6
896.0E-3,355.8E-6,250.4E-6,222.2E-6,898.0E-3,1.469E-3,844.0E-6,1.143E-3,896.0E-3,292.0E-6
898.0E-3,358.8E-6,252.3E-6,223.8E-6,900.0E-3,1.472E-3,845.9E-6,1.146E-3,898.0E-3,294.3E-6
900.0E-3,361.7E-6,254.3E-6,225.5E-6,902.0E-3,1.475E-3,847.8E-6,1.148E-3,900.0E-3,296.6E-6
902.0E-3,364.6E-6,256.2E-6,227.2E-6,904.0E-3,1.477E-3,849.7E-6,1.150E-3,902.0E-3,298.9E-6
904.0E-3,367.6E-6,258.1E-6,228.9E-6,906.0E-3,1.480E-3,851.5E-6,1.152E-3,904.0E-3,301.2E-6
906.0E-3,370.6E-6,260.1E-6,230.6E-6,908.0E-3,1.482E-3,853.4E-6,1.154E-3,906.0E-3,303.5E-6
908.0E-3,373.5E-6,262.0E-6,232.3E-6,910.0E-3,1.485E-3,855.2E-6,1.156E-3,908.0E-3,305.8E-6
910.0E-3,376.5E-6,264.0E-6,234.1E-6,912.0E-3,1.487E-3,857.1E-6,1.158E-3,910.0E-3,308.1E-6
912.0E-3,379.5E-6,265.9E-6,235.8E-6,914.0E-3,1.490E-3,858.9E-6,1.160E-3,912.0E-3,310.4E-6
914.0E-3,382.5E-6,267.8E-6,237.5E-6,916.0E-3,1.492E-3,860.7E-6,1.162E-3,914.0E-3,312.8E-6
916.0E-3,385.4E-6,269.8E-6,239.2E-6,918.0E-3,1.494E-3,862.5E-6,1.164E-3,916.0E-3,315.1E-6
918.0E-3,388.4E-6,271.8E-6,240.9E-6,920.0E-3,1.497E-3,864.2E-6,1.166E-3,918.0E-3,317.4E-6
920.0E-3,391.4E-6,273.7E-6,242.7E-6,922.0E-3,1.499E-3,866.0E-6,1.168E-3,920.0E-3,319.8E-6
922.0E-3,394.4E-6,275.7E-6,244.4E-6,924.0E-3,1.501E-3,867.7E-6,1.170E-3,922.0E-3,322.1E-6
924.0E-3,397.4E-6,277.7E-6,246.1E-6,926.0E-3,1.504E-3,869.4E-6,1.172E-3,924.0E-3,324.4E-6
926.0E-3,400.4E-6,279.6E-6,247.9E-6,928.0E-3,1.506E-3,871.1E-6,1.174E-3,926.0E-3,326.8E-6
928.0E-3,403.4E-6,281.6E-6,249.6E-6,930.0E-3,1.508E-3,872.8E-6,1.176E-3,928.0E-3,329.1E-6
930.0E-3,406.5E-6,283.6E-6,251.4E-6,932.0E-3,1.510E-3,874.5E-6,1.178E-3,930.0E-3,331.5E-6
932.0E-3,409.5E-6,285.6E-6,253.1E-6,934.0E-3,1.512E-3,876.2E-6,1.179E-3,932.0E-3,333.8E-6
934.0E-3,412.5E-6,287.6E-6,254.9E-6,936.0E-3,1.514E-3,877.8E-6,1.181E-3,934.0E-3,336.2E-6
936.0E-3,415.5E-6,289.5E-6,256.6E-6,938.0E-3,1.516E-3,879.4E-6,1.183E-3,936.0E-3,338.6E-6
938.0E-3,418.6E-6,291.5E-6,258.4E-6,940.0E-3,1.518E-3,881.1E-6,1.185E-3,938.0E-3,340.9E-6
940.0E-3,421.6E-6,293.5E-6,260.1E-6,942.0E-3,1.520E-3,882.7E-6,1.186E-3,940.0E-3,343.3E-6
942.0E-3,424.6E-6,295.5E-6,261.9E-6,944.0E-3,1.522E-3,884.3E-6,1.188E-3,942.0E-3,345.7E-6
944.0E-3,427.7E-6,297.5E-6,263.7E-6,946.0E-3,1.524E-3,885.8E-6,1.190E-3,944.0E-3,348.0E-6
946.0E-3,430.7E-6,299.5E-6,265.4E-6,948.0E-3,1.526E-3,887.4E-6,1.191E-3,946.0E-3,350.4E-6
948.0E-3,433.8E-6,301.6E-6,267.2E-6,950.0E-3,1.528E-3,888.9E-6,1.193E-3,948.0E-3,352.8E-6
950.0E-3,436.8E-6,303.6E-6,269.0E-6,952.0E-3,1.530E-3,890.5E-6,1.195E-3,950.0E-3,355.2E-6
952.0E-3,439.9E-6,305.6E-6,270.8E-6,954.0E-3,1.531E-3,892.0E-6,1.196E-3,952.0E-3,357.6E-6
954.0E-3,443.0E-6,307.6E-6,272.6E-6,956.0E-3,1.533E-3,893.5E-6,1.198E-3,954.0E-3,360.0E-6
956.0E-3,446.0E-6,309.6E-6,274.3E-6,958.0E-3,1.535E-3,895.0E-6,1.199E-3,956.0E-3,362.4E-6
958.0E-3,449.1E-6,311.6E-6,276.1E-6,960.0E-3,1.537E-3,896.5E-6,1.201E-3,958.0E-3,364.8E-6
960.0E-3,452.2E-6,313.7E-6,277.9E-6,962.0E-3,1.538E-3,897.9E-6,1.202E-3,960.0E-3,367.2E-6
962.0E-3,455.2E-6,315.7E-6,279.7E-6,964.0E-3,1.540E-3,899.4E-6,1.204E-3,962.0E-3,369.6E-6
964.0E-3,458.3E-6,317.7E-6,281.5E-6,966.0E-3,1.542E-3,900.8E-6,1.205E-3,964.0E-3,372.0E-6
966.0E-3,461.4E-6,319.8E-6,283.3E-6,968.0E-3,1.543E-3,902.2E-6,1.207E-3,966.0E-3,374.4E-6
968.0E-3,464.5E-6,321.8E-6,285.1E-6,970.0E-3,1.545E-3,903.6E-6,1.208E-3,968.0E-3,376.8E-6
970.0E-3,467.6E-6,323.9E-6,286.9E-6,972.0E-3,1.546E-3,905.0E-6,1.210E-3,970.0E-3,379.2E-6
972.0E-3,470.7E-6,325.9E-6,288.7E-6,974.0E-3,1.548E-3,906.4E-6,1.211E-3,972.0E-3,381.6E-6
974.0E-3,473.8E-6,327.9E-6,290.6E-6,976.0E-3,1.549E-3,907.7E-6,1.212E-3,974.0E-3,384.1E-6
976.0E-3,476.9E-6,330.0E-6,292.4E-6,978.0E-3,1.551E-3,909.1E-6,1.214E-3,976.0E-3,386.5E-6
978.0E-3,480.0E-6,332.1E-6,294.2E-6,980.0E-3,1.552E-3,910.4E-6,1.215E-3,978.0E-3,388.9E-6
980.0E-3,483.1E-6,334.1E-6,296.0E-6,982.0E-3,1.554E-3,911.8E-6,1.216E-3,980.0E-3,391.3E-6
982.0E-3,486.2E-6,336.2E-6,297.8E-6,984.0E-3,1.555E-3,913.1E-6,1.218E-3,982.0E-3,393.8E-6
984.0E-3,489.3E-6,338.2E-6,299.7E-6,986.0E-3,1.556E-3,914.4E-6,1.219E-3,984.0E-3,396.2E-6
986.0E-3,492.4E-6,340.3E-6,301.5E-6,988.0E-3,1.558E-3,915.7E-6,1.220E-3,986.0E-3,398.6E-6
988.0E-3,495.5E-6,342.4E-6,303.3E-6,990.0E-3,1.559E-3,916.9E-6,1.221E-3,988.0E-3,401.1E-6
990.0E-3,498.6E-6,344.4E-6,305.2E-6,992.0E-3,1.560E-3,918.2E-6,1.222E-3,990.0E-3,403.5E-6
992.0E-3,501.8E-6,346.5E-6,307.0E-6,994.0E-3,1.561E-3,919.4E-6,1.224E-3,992.0E-3,406.0E-6
994.0E-3,504.9E-6,348.6E-6,308.8E-6,996.0E-3,1.563E-3,920.7E-6,1.225E-3,994.0E-3,408.4E-6
996.0E-3,508.0E-6,350.6E-6,310.7E-6,998.0E-3,1.564E-3,921.9E-6,1.226E-3,996.0E-3,410.9E-6
998.0E-3,511.1E-6,352.7E-6,312.5E-6,1.000,1.565E-3,923.1E-6,1.227E-3,998.0E-3,413.3E-6
1.000,514.3E-6,354.8E-6,314.4E-6, , , , ,1.000,415.8E-6
