dc (V),V5:p (A),dc (V),1/deriv(i("/V5/PLUS" ?result "dc"))
-750.0E-3,482.2E-6,-746.5E-3,-7.027E3
-746.5E-3,481.7E-6,-743.0E-3,-7.024E3
-743.0E-3,481.2E-6,-739.5E-3,-7.021E3
-739.5E-3,480.7E-6,-736.0E-3,-7.017E3
-736.0E-3,480.2E-6,-732.5E-3,-7.014E3
-732.5E-3,479.7E-6,-729.0E-3,-7.011E3
-729.0E-3,479.2E-6,-725.5E-3,-7.008E3
-725.5E-3,478.7E-6,-722.0E-3,-7.005E3
-722.0E-3,478.2E-6,-718.5E-3,-7.002E3
-718.5E-3,477.7E-6,-715.0E-3,-6.999E3
-715.0E-3,477.2E-6,-711.5E-3,-6.995E3
-711.5E-3,476.7E-6,-708.0E-3,-6.992E3
-708.0E-3,476.2E-6,-704.5E-3,-6.989E3
-704.5E-3,475.7E-6,-701.0E-3,-6.986E3
-701.0E-3,475.2E-6,-697.5E-3,-6.982E3
-697.5E-3,474.7E-6,-694.0E-3,-6.979E3
-694.0E-3,474.2E-6,-690.5E-3,-6.976E3
-690.5E-3,473.7E-6,-687.0E-3,-6.973E3
-687.0E-3,473.2E-6,-683.5E-3,-6.969E3
-683.5E-3,472.7E-6,-680.0E-3,-6.966E3
-680.0E-3,472.2E-6,-676.5E-3,-6.963E3
-676.5E-3,471.7E-6,-673.0E-3,-6.959E3
-673.0E-3,471.2E-6,-669.5E-3,-6.956E3
-669.5E-3,470.7E-6,-666.0E-3,-6.952E3
-666.0E-3,470.2E-6,-662.5E-3,-6.949E3
-662.5E-3,469.7E-6,-659.0E-3,-6.946E3
-659.0E-3,469.2E-6,-655.5E-3,-6.942E3
-655.5E-3,468.7E-6,-652.0E-3,-6.939E3
-652.0E-3,468.2E-6,-648.5E-3,-6.935E3
-648.5E-3,467.7E-6,-645.0E-3,-6.932E3
-645.0E-3,467.2E-6,-641.5E-3,-6.928E3
-641.5E-3,466.7E-6,-638.0E-3,-6.925E3
-638.0E-3,466.2E-6,-634.5E-3,-6.921E3
-634.5E-3,465.6E-6,-631.0E-3,-6.918E3
-631.0E-3,465.1E-6,-627.5E-3,-6.914E3
-627.5E-3,464.6E-6,-624.0E-3,-6.910E3
-624.0E-3,464.1E-6,-620.5E-3,-6.907E3
-620.5E-3,463.6E-6,-617.0E-3,-6.903E3
-617.0E-3,463.1E-6,-613.5E-3,-6.899E3
-613.5E-3,462.6E-6,-610.0E-3,-6.896E3
-610.0E-3,462.1E-6,-606.5E-3,-6.892E3
-606.5E-3,461.6E-6,-603.0E-3,-6.888E3
-603.0E-3,461.1E-6,-599.5E-3,-6.885E3
-599.5E-3,460.6E-6,-596.0E-3,-6.881E3
-596.0E-3,460.1E-6,-592.5E-3,-6.877E3
-592.5E-3,459.6E-6,-589.0E-3,-6.873E3
-589.0E-3,459.0E-6,-585.5E-3,-6.870E3
-585.5E-3,458.5E-6,-582.0E-3,-6.866E3
-582.0E-3,458.0E-6,-578.5E-3,-6.862E3
-578.5E-3,457.5E-6,-575.0E-3,-6.858E3
-575.0E-3,457.0E-6,-571.5E-3,-6.854E3
-571.5E-3,456.5E-6,-568.0E-3,-6.850E3
-568.0E-3,456.0E-6,-564.5E-3,-6.846E3
-564.5E-3,455.5E-6,-561.0E-3,-6.843E3
-561.0E-3,455.0E-6,-557.5E-3,-6.839E3
-557.5E-3,454.5E-6,-554.0E-3,-6.835E3
-554.0E-3,453.9E-6,-550.5E-3,-6.831E3
-550.5E-3,453.4E-6,-547.0E-3,-6.827E3
-547.0E-3,452.9E-6,-543.5E-3,-6.823E3
-543.5E-3,452.4E-6,-540.0E-3,-6.819E3
-540.0E-3,451.9E-6,-536.5E-3,-6.815E3
-536.5E-3,451.4E-6,-533.0E-3,-6.811E3
-533.0E-3,450.9E-6,-529.5E-3,-6.806E3
-529.5E-3,450.3E-6,-526.0E-3,-6.802E3
-526.0E-3,449.8E-6,-522.5E-3,-6.798E3
-522.5E-3,449.3E-6,-519.0E-3,-6.794E3
-519.0E-3,448.8E-6,-515.5E-3,-6.790E3
-515.5E-3,448.3E-6,-512.0E-3,-6.786E3
-512.0E-3,447.8E-6,-508.5E-3,-6.782E3
-508.5E-3,447.3E-6,-505.0E-3,-6.777E3
-505.0E-3,446.7E-6,-501.5E-3,-6.773E3
-501.5E-3,446.2E-6,-498.0E-3,-6.769E3
-498.0E-3,445.7E-6,-494.5E-3,-6.765E3
-494.5E-3,445.2E-6,-491.0E-3,-6.760E3
-491.0E-3,444.7E-6,-487.5E-3,-6.756E3
-487.5E-3,444.2E-6,-484.0E-3,-6.752E3
-484.0E-3,443.6E-6,-480.5E-3,-6.747E3
-480.5E-3,443.1E-6,-477.0E-3,-6.743E3
-477.0E-3,442.6E-6,-473.5E-3,-6.738E3
-473.5E-3,442.1E-6,-470.0E-3,-6.734E3
-470.0E-3,441.6E-6,-466.5E-3,-6.730E3
-466.5E-3,441.0E-6,-463.0E-3,-6.725E3
-463.0E-3,440.5E-6,-459.5E-3,-6.721E3
-459.5E-3,440.0E-6,-456.0E-3,-6.716E3
-456.0E-3,439.5E-6,-452.5E-3,-6.712E3
-452.5E-3,439.0E-6,-449.0E-3,-6.707E3
-449.0E-3,438.4E-6,-445.5E-3,-6.702E3
-445.5E-3,437.9E-6,-442.0E-3,-6.698E3
-442.0E-3,437.4E-6,-438.5E-3,-6.693E3
-438.5E-3,436.9E-6,-435.0E-3,-6.689E3
-435.0E-3,436.3E-6,-431.5E-3,-6.684E3
-431.5E-3,435.8E-6,-428.0E-3,-6.679E3
-428.0E-3,435.3E-6,-424.5E-3,-6.674E3
-424.5E-3,434.8E-6,-421.0E-3,-6.670E3
-421.0E-3,434.2E-6,-417.5E-3,-6.665E3
-417.5E-3,433.7E-6,-414.0E-3,-6.660E3
-414.0E-3,433.2E-6,-410.5E-3,-6.655E3
-410.5E-3,432.7E-6,-407.0E-3,-6.651E3
-407.0E-3,432.1E-6,-403.5E-3,-6.646E3
-403.5E-3,431.6E-6,-400.0E-3,-6.641E3
-400.0E-3,431.1E-6,-396.5E-3,-6.636E3
-396.5E-3,430.6E-6,-393.0E-3,-6.631E3
-393.0E-3,430.0E-6,-389.5E-3,-6.626E3
-389.5E-3,429.5E-6,-386.0E-3,-6.621E3
-386.0E-3,429.0E-6,-382.5E-3,-6.616E3
-382.5E-3,428.4E-6,-379.0E-3,-6.611E3
-379.0E-3,427.9E-6,-375.5E-3,-6.606E3
-375.5E-3,427.4E-6,-372.0E-3,-6.601E3
-372.0E-3,426.9E-6,-368.5E-3,-6.596E3
-368.5E-3,426.3E-6,-365.0E-3,-6.591E3
-365.0E-3,425.8E-6,-361.5E-3,-6.586E3
-361.5E-3,425.3E-6,-358.0E-3,-6.580E3
-358.0E-3,424.7E-6,-354.5E-3,-6.575E3
-354.5E-3,424.2E-6,-351.0E-3,-6.570E3
-351.0E-3,423.7E-6,-347.5E-3,-6.565E3
-347.5E-3,423.1E-6,-344.0E-3,-6.560E3
-344.0E-3,422.6E-6,-340.5E-3,-6.554E3
-340.5E-3,422.1E-6,-337.0E-3,-6.549E3
-337.0E-3,421.5E-6,-333.5E-3,-6.544E3
-333.5E-3,421.0E-6,-330.0E-3,-6.538E3
-330.0E-3,420.5E-6,-326.5E-3,-6.533E3
-326.5E-3,419.9E-6,-323.0E-3,-6.527E3
-323.0E-3,419.4E-6,-319.5E-3,-6.522E3
-319.5E-3,418.9E-6,-316.0E-3,-6.516E3
-316.0E-3,418.3E-6,-312.5E-3,-6.511E3
-312.5E-3,417.8E-6,-309.0E-3,-6.505E3
-309.0E-3,417.2E-6,-305.5E-3,-6.500E3
-305.5E-3,416.7E-6,-302.0E-3,-6.494E3
-302.0E-3,416.2E-6,-298.5E-3,-6.489E3
-298.5E-3,415.6E-6,-295.0E-3,-6.483E3
-295.0E-3,415.1E-6,-291.5E-3,-6.477E3
-291.5E-3,414.5E-6,-288.0E-3,-6.472E3
-288.0E-3,414.0E-6,-284.5E-3,-6.466E3
-284.5E-3,413.5E-6,-281.0E-3,-6.460E3
-281.0E-3,412.9E-6,-277.5E-3,-6.454E3
-277.5E-3,412.4E-6,-274.0E-3,-6.449E3
-274.0E-3,411.8E-6,-270.5E-3,-6.443E3
-270.5E-3,411.3E-6,-267.0E-3,-6.437E3
-267.0E-3,410.7E-6,-263.5E-3,-6.431E3
-263.5E-3,410.2E-6,-260.0E-3,-6.425E3
-260.0E-3,409.7E-6,-256.5E-3,-6.419E3
-256.5E-3,409.1E-6,-253.0E-3,-6.413E3
-253.0E-3,408.6E-6,-249.5E-3,-6.407E3
-249.5E-3,408.0E-6,-246.0E-3,-6.401E3
-246.0E-3,407.5E-6,-242.5E-3,-6.395E3
-242.5E-3,406.9E-6,-239.0E-3,-6.389E3
-239.0E-3,406.4E-6,-235.5E-3,-6.383E3
-235.5E-3,405.8E-6,-232.0E-3,-6.377E3
-232.0E-3,405.3E-6,-228.5E-3,-6.370E3
-228.5E-3,404.7E-6,-225.0E-3,-6.364E3
-225.0E-3,404.2E-6,-221.5E-3,-6.358E3
-221.5E-3,403.6E-6,-218.0E-3,-6.352E3
-218.0E-3,403.1E-6,-214.5E-3,-6.345E3
-214.5E-3,402.5E-6,-211.0E-3,-6.339E3
-211.0E-3,402.0E-6,-207.5E-3,-6.333E3
-207.5E-3,401.4E-6,-204.0E-3,-6.326E3
-204.0E-3,400.9E-6,-200.5E-3,-6.320E3
-200.5E-3,400.3E-6,-197.0E-3,-6.313E3
-197.0E-3,399.8E-6,-193.5E-3,-6.307E3
-193.5E-3,399.2E-6,-190.0E-3,-6.300E3
-190.0E-3,398.7E-6,-186.5E-3,-6.294E3
-186.5E-3,398.1E-6,-183.0E-3,-6.287E3
-183.0E-3,397.5E-6,-179.5E-3,-6.280E3
-179.5E-3,397.0E-6,-176.0E-3,-6.274E3
-176.0E-3,396.4E-6,-172.5E-3,-6.267E3
-172.5E-3,395.9E-6,-169.0E-3,-6.260E3
-169.0E-3,395.3E-6,-165.5E-3,-6.254E3
-165.5E-3,394.7E-6,-162.0E-3,-6.247E3
-162.0E-3,394.2E-6,-158.5E-3,-6.240E3
-158.5E-3,393.6E-6,-155.0E-3,-6.233E3
-155.0E-3,393.1E-6,-151.5E-3,-6.226E3
-151.5E-3,392.5E-6,-148.0E-3,-6.219E3
-148.0E-3,391.9E-6,-144.5E-3,-6.212E3
-144.5E-3,391.4E-6,-141.0E-3,-6.205E3
-141.0E-3,390.8E-6,-137.5E-3,-6.198E3
-137.5E-3,390.2E-6,-134.0E-3,-6.191E3
-134.0E-3,389.7E-6,-130.5E-3,-6.184E3
-130.5E-3,389.1E-6,-127.0E-3,-6.177E3
-127.0E-3,388.5E-6,-123.5E-3,-6.169E3
-123.5E-3,388.0E-6,-120.0E-3,-6.162E3
-120.0E-3,387.4E-6,-116.5E-3,-6.155E3
-116.5E-3,386.8E-6,-113.0E-3,-6.148E3
-113.0E-3,386.3E-6,-109.5E-3,-6.140E3
-109.5E-3,385.7E-6,-106.0E-3,-6.133E3
-106.0E-3,385.1E-6,-102.5E-3,-6.125E3
-102.5E-3,384.6E-6,-99.00E-3,-6.118E3
-99.00E-3,384.0E-6,-95.50E-3,-6.110E3
-95.50E-3,383.4E-6,-92.00E-3,-6.103E3
-92.00E-3,382.8E-6,-88.50E-3,-6.095E3
-88.50E-3,382.3E-6,-85.00E-3,-6.088E3
-85.00E-3,381.7E-6,-81.50E-3,-6.080E3
-81.50E-3,381.1E-6,-78.00E-3,-6.072E3
-78.00E-3,380.5E-6,-74.50E-3,-6.064E3
-74.50E-3,380.0E-6,-71.00E-3,-6.057E3
-71.00E-3,379.4E-6,-67.50E-3,-6.049E3
-67.50E-3,378.8E-6,-64.00E-3,-6.041E3
-64.00E-3,378.2E-6,-60.50E-3,-6.033E3
-60.50E-3,377.7E-6,-57.00E-3,-6.025E3
-57.00E-3,377.1E-6,-53.50E-3,-6.017E3
-53.50E-3,376.5E-6,-50.00E-3,-6.009E3
-50.00E-3,375.9E-6,-46.50E-3,-6.001E3
-46.50E-3,375.3E-6,-43.00E-3,-5.993E3
-43.00E-3,374.7E-6,-39.50E-3,-5.985E3
-39.50E-3,374.2E-6,-36.00E-3,-5.976E3
-36.00E-3,373.6E-6,-32.50E-3,-5.968E3
-32.50E-3,373.0E-6,-29.00E-3,-5.960E3
-29.00E-3,372.4E-6,-25.50E-3,-5.951E3
-25.50E-3,371.8E-6,-22.00E-3,-5.943E3
-22.00E-3,371.2E-6,-18.50E-3,-5.935E3
-18.50E-3,370.6E-6,-15.00E-3,-5.926E3
-15.00E-3,370.0E-6,-11.50E-3,-5.918E3
-11.50E-3,369.4E-6,-8.000E-3,-5.909E3
-8.000E-3,368.9E-6,-4.500E-3,-5.900E3
-4.500E-3,368.3E-6,-1.000E-3,-5.892E3
-1.000E-3,367.7E-6,2.500E-3,-5.883E3
2.500E-3,367.1E-6,6.000E-3,-5.874E3
6.000E-3,366.5E-6,9.500E-3,-5.866E3
9.500E-3,365.9E-6,13.00E-3,-5.857E3
13.00E-3,365.3E-6,16.50E-3,-5.848E3
16.50E-3,364.7E-6,20.00E-3,-5.839E3
20.00E-3,364.1E-6,23.50E-3,-5.830E3
23.50E-3,363.5E-6,27.00E-3,-5.821E3
27.00E-3,362.9E-6,30.50E-3,-5.812E3
30.50E-3,362.3E-6,34.00E-3,-5.802E3
34.00E-3,361.7E-6,37.50E-3,-5.793E3
37.50E-3,361.1E-6,41.00E-3,-5.784E3
41.00E-3,360.5E-6,44.50E-3,-5.775E3
44.50E-3,359.9E-6,48.00E-3,-5.765E3
48.00E-3,359.3E-6,51.50E-3,-5.756E3
51.50E-3,358.6E-6,55.00E-3,-5.747E3
55.00E-3,358.0E-6,58.50E-3,-5.737E3
58.50E-3,357.4E-6,62.00E-3,-5.727E3
62.00E-3,356.8E-6,65.50E-3,-5.718E3
65.50E-3,356.2E-6,69.00E-3,-5.708E3
69.00E-3,355.6E-6,72.50E-3,-5.698E3
72.50E-3,355.0E-6,76.00E-3,-5.689E3
76.00E-3,354.4E-6,79.50E-3,-5.679E3
79.50E-3,353.7E-6,83.00E-3,-5.669E3
83.00E-3,353.1E-6,86.50E-3,-5.659E3
86.50E-3,352.5E-6,90.00E-3,-5.649E3
90.00E-3,351.9E-6,93.50E-3,-5.639E3
93.50E-3,351.3E-6,97.00E-3,-5.629E3
97.00E-3,350.6E-6,100.5E-3,-5.619E3
100.5E-3,350.0E-6,104.0E-3,-5.608E3
104.0E-3,349.4E-6,107.5E-3,-5.598E3
107.5E-3,348.8E-6,111.0E-3,-5.588E3
111.0E-3,348.1E-6,114.5E-3,-5.577E3
114.5E-3,347.5E-6,118.0E-3,-5.567E3
118.0E-3,346.9E-6,121.5E-3,-5.556E3
121.5E-3,346.3E-6,125.0E-3,-5.546E3
125.0E-3,345.6E-6,128.5E-3,-5.535E3
128.5E-3,345.0E-6,132.0E-3,-5.524E3
132.0E-3,344.4E-6,135.5E-3,-5.513E3
135.5E-3,343.7E-6,139.0E-3,-5.503E3
139.0E-3,343.1E-6,142.5E-3,-5.492E3
142.5E-3,342.5E-6,146.0E-3,-5.481E3
146.0E-3,341.8E-6,149.5E-3,-5.470E3
149.5E-3,341.2E-6,153.0E-3,-5.459E3
153.0E-3,340.5E-6,156.5E-3,-5.447E3
156.5E-3,339.9E-6,160.0E-3,-5.436E3
160.0E-3,339.3E-6,163.5E-3,-5.425E3
163.5E-3,338.6E-6,167.0E-3,-5.413E3
167.0E-3,338.0E-6,170.5E-3,-5.402E3
170.5E-3,337.3E-6,174.0E-3,-5.390E3
174.0E-3,336.7E-6,177.5E-3,-5.379E3
177.5E-3,336.0E-6,181.0E-3,-5.367E3
181.0E-3,335.4E-6,184.5E-3,-5.355E3
184.5E-3,334.7E-6,188.0E-3,-5.344E3
188.0E-3,334.1E-6,191.5E-3,-5.332E3
191.5E-3,333.4E-6,195.0E-3,-5.320E3
195.0E-3,332.7E-6,198.5E-3,-5.308E3
198.5E-3,332.1E-6,202.0E-3,-5.296E3
202.0E-3,331.4E-6,205.5E-3,-5.283E3
205.5E-3,330.8E-6,209.0E-3,-5.271E3
209.0E-3,330.1E-6,212.5E-3,-5.259E3
212.5E-3,329.4E-6,216.0E-3,-5.246E3
216.0E-3,328.8E-6,219.5E-3,-5.234E3
219.5E-3,328.1E-6,223.0E-3,-5.221E3
223.0E-3,327.4E-6,226.5E-3,-5.209E3
226.5E-3,326.7E-6,230.0E-3,-5.196E3
230.0E-3,326.1E-6,233.5E-3,-5.183E3
233.5E-3,325.4E-6,237.0E-3,-5.170E3
237.0E-3,324.7E-6,240.5E-3,-5.157E3
240.5E-3,324.0E-6,244.0E-3,-5.144E3
244.0E-3,323.4E-6,247.5E-3,-5.131E3
247.5E-3,322.7E-6,251.0E-3,-5.117E3
251.0E-3,322.0E-6,254.5E-3,-5.104E3
254.5E-3,321.3E-6,258.0E-3,-5.091E3
258.0E-3,320.6E-6,261.5E-3,-5.077E3
261.5E-3,319.9E-6,265.0E-3,-5.063E3
265.0E-3,319.2E-6,268.5E-3,-5.050E3
268.5E-3,318.5E-6,272.0E-3,-5.036E3
272.0E-3,317.9E-6,275.5E-3,-5.022E3
275.5E-3,317.2E-6,279.0E-3,-5.008E3
279.0E-3,316.5E-6,282.5E-3,-4.993E3
282.5E-3,315.8E-6,286.0E-3,-4.979E3
286.0E-3,315.1E-6,289.5E-3,-4.965E3
289.5E-3,314.3E-6,293.0E-3,-4.950E3
293.0E-3,313.6E-6,296.5E-3,-4.936E3
296.5E-3,312.9E-6,300.0E-3,-4.921E3
300.0E-3,312.2E-6,303.5E-3,-4.906E3
303.5E-3,311.5E-6,307.0E-3,-4.891E3
307.0E-3,310.8E-6,310.5E-3,-4.876E3
310.5E-3,310.1E-6,314.0E-3,-4.861E3
314.0E-3,309.4E-6,317.5E-3,-4.846E3
317.5E-3,308.6E-6,321.0E-3,-4.830E3
321.0E-3,307.9E-6,324.5E-3,-4.814E3
324.5E-3,307.2E-6,328.0E-3,-4.799E3
328.0E-3,306.5E-6,331.5E-3,-4.783E3
331.5E-3,305.7E-6,335.0E-3,-4.767E3
335.0E-3,305.0E-6,338.5E-3,-4.751E3
338.5E-3,304.2E-6,342.0E-3,-4.734E3
342.0E-3,303.5E-6,345.5E-3,-4.718E3
345.5E-3,302.8E-6,349.0E-3,-4.701E3
349.0E-3,302.0E-6,352.5E-3,-4.685E3
352.5E-3,301.3E-6,356.0E-3,-4.668E3
356.0E-3,300.5E-6,359.5E-3,-4.651E3
359.5E-3,299.8E-6,363.0E-3,-4.634E3
363.0E-3,299.0E-6,366.5E-3,-4.616E3
366.5E-3,298.3E-6,370.0E-3,-4.599E3
370.0E-3,297.5E-6,373.5E-3,-4.581E3
373.5E-3,296.7E-6,377.0E-3,-4.563E3
377.0E-3,296.0E-6,380.5E-3,-4.545E3
380.5E-3,295.2E-6,384.0E-3,-4.526E3
384.0E-3,294.4E-6,387.5E-3,-4.508E3
387.5E-3,293.6E-6,391.0E-3,-4.489E3
391.0E-3,292.9E-6,394.5E-3,-4.470E3
394.5E-3,292.1E-6,398.0E-3,-4.451E3
398.0E-3,291.3E-6,401.5E-3,-4.431E3
401.5E-3,290.5E-6,405.0E-3,-4.412E3
405.0E-3,289.7E-6,408.5E-3,-4.392E3
408.5E-3,288.9E-6,412.0E-3,-4.371E3
412.0E-3,288.1E-6,415.5E-3,-4.351E3
415.5E-3,287.3E-6,419.0E-3,-4.330E3
419.0E-3,286.5E-6,422.5E-3,-4.309E3
422.5E-3,285.7E-6,426.0E-3,-4.288E3
426.0E-3,284.9E-6,429.5E-3,-4.266E3
429.5E-3,284.1E-6,433.0E-3,-4.244E3
433.0E-3,283.2E-6,436.5E-3,-4.222E3
436.5E-3,282.4E-6,440.0E-3,-4.199E3
440.0E-3,281.6E-6,443.5E-3,-4.176E3
443.5E-3,280.7E-6,447.0E-3,-4.153E3
447.0E-3,279.9E-6,450.5E-3,-4.129E3
450.5E-3,279.0E-6,454.0E-3,-4.105E3
454.0E-3,278.2E-6,457.5E-3,-4.080E3
457.5E-3,277.3E-6,461.0E-3,-4.055E3
461.0E-3,276.5E-6,464.5E-3,-4.029E3
464.5E-3,275.6E-6,468.0E-3,-4.003E3
468.0E-3,274.7E-6,471.5E-3,-3.976E3
471.5E-3,273.8E-6,475.0E-3,-3.949E3
475.0E-3,273.0E-6,478.5E-3,-3.921E3
478.5E-3,272.1E-6,482.0E-3,-3.893E3
482.0E-3,271.2E-6,485.5E-3,-3.864E3
485.5E-3,270.3E-6,489.0E-3,-3.834E3
489.0E-3,269.3E-6,492.5E-3,-3.803E3
492.5E-3,268.4E-6,496.0E-3,-3.772E3
496.0E-3,267.5E-6,499.5E-3,-3.740E3
499.5E-3,266.6E-6,503.0E-3,-3.707E3
503.0E-3,265.6E-6,506.5E-3,-3.674E3
506.5E-3,264.7E-6,510.0E-3,-3.639E3
510.0E-3,263.7E-6,513.5E-3,-3.603E3
513.5E-3,262.7E-6,517.0E-3,-3.567E3
517.0E-3,261.8E-6,520.5E-3,-3.529E3
520.5E-3,260.8E-6,524.0E-3,-3.490E3
524.0E-3,259.8E-6,527.5E-3,-3.450E3
527.5E-3,258.7E-6,531.0E-3,-3.409E3
531.0E-3,257.7E-6,534.5E-3,-3.367E3
534.5E-3,256.7E-6,538.0E-3,-3.323E3
538.0E-3,255.6E-6,541.5E-3,-3.278E3
541.5E-3,254.6E-6,545.0E-3,-3.231E3
545.0E-3,253.5E-6,548.5E-3,-3.183E3
548.5E-3,252.4E-6,552.0E-3,-3.133E3
552.0E-3,251.3E-6,555.5E-3,-3.081E3
555.5E-3,250.1E-6,559.0E-3,-3.028E3
559.0E-3,249.0E-6,562.5E-3,-2.973E3
562.5E-3,247.8E-6,566.0E-3,-2.916E3
566.0E-3,246.6E-6,569.5E-3,-2.858E3
569.5E-3,245.4E-6,573.0E-3,-2.797E3
573.0E-3,244.1E-6,576.5E-3,-2.735E3
576.5E-3,242.8E-6,580.0E-3,-2.671E3
580.0E-3,241.5E-6,583.5E-3,-2.605E3
583.5E-3,240.2E-6,587.0E-3,-2.537E3
587.0E-3,238.8E-6,590.5E-3,-2.467E3
590.5E-3,237.4E-6,594.0E-3,-2.396E3
594.0E-3,235.9E-6,597.5E-3,-2.323E3
597.5E-3,234.4E-6,601.0E-3,-2.249E3
601.0E-3,232.9E-6,604.5E-3,-2.173E3
604.5E-3,231.2E-6,608.0E-3,-2.097E3
608.0E-3,229.6E-6,611.5E-3,-2.019E3
611.5E-3,227.8E-6,615.0E-3,-1.941E3
615.0E-3,226.0E-6,618.5E-3,-1.863E3
618.5E-3,224.2E-6,622.0E-3,-1.784E3
622.0E-3,222.2E-6,625.5E-3,-1.706E3
625.5E-3,220.1E-6,629.0E-3,-1.629E3
629.0E-3,218.0E-6,632.5E-3,-1.552E3
632.5E-3,215.7E-6,636.0E-3,-1.477E3
636.0E-3,213.4E-6,639.5E-3,-1.403E3
639.5E-3,210.9E-6,643.0E-3,-1.331E3
643.0E-3,208.2E-6,646.5E-3,-1.261E3
646.5E-3,205.5E-6,650.0E-3,-1.194E3
650.0E-3,202.5E-6,653.5E-3,-1.129E3
653.5E-3,199.4E-6,657.0E-3,-1.067E3
657.0E-3,196.2E-6,660.5E-3,-1.007E3
660.5E-3,192.7E-6,664.0E-3,-951.0
664.0E-3,189.0E-6,667.5E-3,-897.5
667.5E-3,185.1E-6,671.0E-3,-847.0
671.0E-3,181.0E-6,674.5E-3,-799.5
674.5E-3,176.6E-6,678.0E-3,-754.8
678.0E-3,172.0E-6,681.5E-3,-712.9
681.5E-3,167.1E-6,685.0E-3,-673.8
685.0E-3,161.9E-6,688.5E-3,-637.2
688.5E-3,156.4E-6,692.0E-3,-603.1
692.0E-3,150.6E-6,695.5E-3,-571.4
695.5E-3,144.4E-6,699.0E-3,-541.9
699.0E-3,138.0E-6,702.5E-3,-514.4
702.5E-3,131.2E-6,706.0E-3,-488.8
706.0E-3,124.0E-6,709.5E-3,-465.1
709.5E-3,116.5E-6,713.0E-3,-443.0
713.0E-3,108.6E-6,716.5E-3,-422.4
716.5E-3,100.3E-6,720.0E-3,-403.3
720.0E-3,91.62E-6,723.5E-3,-385.4
723.5E-3,82.54E-6,727.0E-3,-368.8
727.0E-3,73.05E-6,730.5E-3,-353.3
730.5E-3,63.14E-6,734.0E-3,-338.8
734.0E-3,52.81E-6,737.5E-3,-325.2
737.5E-3,42.05E-6,741.0E-3,-312.5
741.0E-3,30.85E-6,744.5E-3,-300.6
744.5E-3,19.21E-6,748.0E-3,-289.4
748.0E-3,7.114E-6,751.5E-3,-278.6
751.5E-3,-5.450E-6,755.0E-3,-265.7
755.0E-3,-18.62E-6,758.5E-3,-253.4
758.5E-3,-32.44E-6,762.0E-3,-242.0
762.0E-3,-46.90E-6,765.5E-3,-231.6
765.5E-3,-62.01E-6,769.0E-3,-221.9
769.0E-3,-77.78E-6,772.5E-3,-213.0
772.5E-3,-94.21E-6,776.0E-3,-204.8
776.0E-3,-111.3E-6,779.5E-3,-197.1
779.5E-3,-129.1E-6,783.0E-3,-190.0
783.0E-3,-147.5E-6,786.5E-3,-183.4
786.5E-3,-166.6E-6,790.0E-3,-177.2
790.0E-3,-186.3E-6,793.5E-3,-171.4
793.5E-3,-206.7E-6,797.0E-3,-166.0
797.0E-3,-227.8E-6,800.5E-3,-161.0
800.5E-3,-249.6E-6,804.0E-3,-156.3
804.0E-3,-271.9E-6,807.5E-3,-151.8
807.5E-3,-295.0E-6,811.0E-3,-147.7
811.0E-3,-318.7E-6,814.5E-3,-143.7
814.5E-3,-343.1E-6,818.0E-3,-140.0
818.0E-3,-368.0E-6,821.5E-3,-136.6
821.5E-3,-393.7E-6,825.0E-3,-133.3
825.0E-3,-419.9E-6,828.5E-3,-130.2
828.5E-3,-446.8E-6,832.0E-3,-127.3
832.0E-3,-474.3E-6,835.5E-3,-124.5
835.5E-3,-502.4E-6,839.0E-3,-121.9
839.0E-3,-531.1E-6,842.5E-3,-119.4
842.5E-3,-560.5E-6,846.0E-3,-117.1
846.0E-3,-590.4E-6,849.5E-3,-114.8
849.5E-3,-620.8E-6,853.0E-3,-112.7
853.0E-3,-651.9E-6,856.5E-3,-110.7
856.5E-3,-683.5E-6,860.0E-3,-108.8
860.0E-3,-715.7E-6,863.5E-3,-106.9
863.5E-3,-748.4E-6,867.0E-3,-105.2
867.0E-3,-781.7E-6,870.5E-3,-103.5
870.5E-3,-815.5E-6,874.0E-3,-101.9
874.0E-3,-849.8E-6,877.5E-3,-100.4
877.5E-3,-884.7E-6,881.0E-3,-98.98
881.0E-3,-920.0E-6,884.5E-3,-97.60
884.5E-3,-955.9E-6,888.0E-3,-96.27
888.0E-3,-992.3E-6,891.5E-3,-95.00
891.5E-3,-1.029E-3,895.0E-3,-93.78
895.0E-3,-1.066E-3,898.5E-3,-92.61
898.5E-3,-1.104E-3,902.0E-3,-91.48
902.0E-3,-1.142E-3,905.5E-3,-90.40
905.5E-3,-1.181E-3,909.0E-3,-89.37
909.0E-3,-1.220E-3,912.5E-3,-88.37
912.5E-3,-1.260E-3,916.0E-3,-87.41
916.0E-3,-1.300E-3,919.5E-3,-86.48
919.5E-3,-1.340E-3,923.0E-3,-85.59
923.0E-3,-1.381E-3,926.5E-3,-84.73
926.5E-3,-1.423E-3,930.0E-3,-83.90
930.0E-3,-1.464E-3,933.5E-3,-83.10
933.5E-3,-1.507E-3,937.0E-3,-82.33
937.0E-3,-1.549E-3,940.5E-3,-81.58
940.5E-3,-1.592E-3,944.0E-3,-80.85
944.0E-3,-1.635E-3,947.5E-3,-80.15
947.5E-3,-1.679E-3,951.0E-3,-79.48
951.0E-3,-1.723E-3,954.5E-3,-78.82
954.5E-3,-1.767E-3,958.0E-3,-78.19
958.0E-3,-1.812E-3,961.5E-3,-77.57
961.5E-3,-1.857E-3,965.0E-3,-76.97
965.0E-3,-1.903E-3,968.5E-3,-76.39
968.5E-3,-1.948E-3,972.0E-3,-75.83
972.0E-3,-1.995E-3,975.5E-3,-75.28
975.5E-3,-2.041E-3,979.0E-3,-74.75
979.0E-3,-2.088E-3,982.5E-3,-74.24
982.5E-3,-2.135E-3,986.0E-3,-73.73
986.0E-3,-2.183E-3,989.5E-3,-73.25
989.5E-3,-2.230E-3,993.0E-3,-72.77
993.0E-3,-2.278E-3,996.5E-3,-72.31
996.5E-3,-2.327E-3,1.000,-71.86
1.000,-2.376E-3, , 
